Job ID,State,Count
d21093lofqqs73dc62a0
0000000000110000010100000000,18
0100000001110000010100000000,4
0000000001100000000100000000,48
0000000100100000000010000000,1
0000000000000000011100000000,20
0000000000000000001100000000,13
0000001000000000010000100000,1
0000000001000000010100001010,1
0000000001000000000000001000,2
0001000111111000010000000000,1
0000100000000000010000000000,1
0000000101110000010010001000,1
0000000001110000000100000000,55
0000000000110000010010000000,3
0000000001000000010000000000,15
0000100000100000010100000000,15
0000100001100000010100000100,4
0000100001000000011100000000,16
0000000001000000010110000000,12
0000100001100000010000001000,1
0000001001100000000100000000,5
0000100001000000001100000100,1
0100000001000000011100010000,1
0000100000011000000110000000,1
0000000001100000000000000000,7
0000000000110000011000000000,8
0000000101001010000100001001,1
0100011001100000001000000000,1
0000000011000000010000001000,1
0000000000100000010100000000,48
0000000101000000000100000000,6
0000100001110000000101000100,2
0000000001100000000001100000,2
0000000001100000001101101100,1
0001100000010000011010000000,1
0000100000100000010001000000,1
0000000001000000010100000000,60
0000100000000000000100000000,5
0000000001110000011100000000,63
0100100001000000010101010010,1
0100100001000001010000000010,1
0010001001100000000100000000,1
0000100000110000000000000000,4
0000000000110000000010000000,3
0000000000000000010000100100,3
0000000101100000000000000000,1
0000100010100000000100000000,1
0000000000110000001001000000,2
0100000001110000011010001000,1
0000000001010000010011100000,1
0001100001100000000000000000,1
0100000001000000010100000000,3
0000000000100000000100000000,21
1000100001000010110100001000,1
0000000001010000001100001000,3
0000000001110000010100000000,81
0000000001010000010000000000,15
0001100001100000010000000000,1
0100000000110000010000000000,1
0000100010010000100100000000,1
0000110001100110101010100100,1
0000000001100000010100000000,77
0000000000110000000000000101,1
0000000001110000000101101000,1
0000100001000000010100000000,27
0110100000100000011100000010,1
0000000000100000010000000000,3
0000100001100000011100100000,3
0000000011000000001100100000,2
0000000001100000010000001000,2
1010010001000000010000000001,1
0010000001100000001000000101,2
0000000000010000000010010000,1
0000000001100010000000000100,1
0000000001101000000100100000,2
0110100001010010010100000000,1
0000000001101100010000000000,1
0000100000011000000010000000,1
0000101001010000010100000100,1
0000100000100000000100000100,5
0001000010000000011000000000,1
0000100101000000001000000000,2
0000100000110000010100000000,6
0000100001110000001100000100,3
0000000101011100001000001000,1
0100001001010000000000001010,1
0000100001000000000100000000,16
0100000001100000011000000000,1
0001110001110000000000000000,1
0000000001101000001000001000,1
0000001101000000010110000000,1
0000100000010000010000000000,3
0000000000100000001110000000,3
0000101000010000010010000010,1
1100000001100000000000000011,1
0000000001100000011010000100,1
0001100000100000000000000100,1
0000100000100000011100000000,5
0001101001000000000000000100,1
0001110000100000100000000000,1
0000000001000000010100001000,6
0000000001100000011100000000,46
0000001001000000010000000000,3
0000100001100000010100000000,31
0000000000000010000000000100,1
1100000000010000011100000000,1
0100100000100000001000000000,1
0000100001000000010010100010,2
0000100001100010010100000000,1
0000100001000000000110000000,3
0000000000110000001100000000,9
0000101000100000000100000100,1
0000100001100000000011100010,1
0000000101000000010100000000,7
0000000001100000010100100110,1
0001100001100000000000100010,1
0000000000010000011000010000,2
0001001001000000010000100000,1
0001100000000000010100000000,2
0000000001111000001100011000,1
0000000001011000001000000000,2
0000100011010000001000100000,1
0000100000000000101100000000,1
0000100000000000001000000110,1
0000110011100000000100000000,1
0000000011100000011110100000,1
0000000001110000010110000000,17
0000100011100010011001000000,1
0110000001100000000100000000,2
0000000000110000001011110100,1
0001000000010000011100000000,1
0000100001100000000100000000,25
0000000001100000011100000100,5
0000100001000000010001000000,1
0000101000110000010110000000,1
0010000001110000011100000000,3
0000110000010000000100000100,1
0100000001010000001000000000,2
0001000011100000000100000000,1
0000000001100010000111011000,1
0000000001100000000010001000,1
0000110000000000010001000000,1
0001001001010011100000000000,1
0000000000000000001000100000,1
0000100001110000001000000000,2
0001100000010000001000000100,1
0000100000010000000100000000,3
0000000001100000011000000000,17
0000100001100000011000000000,5
0010100001100000010100000000,1
0001100001110000011100000000,5
0001110001100000010000001000,1
0000000001100000001000000010,3
0001100001000000000100000000,5
0000100001100111010000000000,1
0000000000110000011100000100,4
0000100011100000101100000000,1
0000100001000000000000000000,5
0000100001100000011010000010,1
0000000001000000011000000000,25
0000000100010000010100000001,1
0000100001100100010100000000,2
0000100000100010011100000000,1
0000100011000000000000000000,1
0000000001000000011100100000,16
0001100001100000001000001010,1
0000100001100100000100000000,1
0000000001000000011000100000,7
0000000000011000011010000010,1
0000000111110000001101100000,1
0000000000000000011000001000,1
0010000001000010000010000000,1
0000000001110000001100000000,35
0000001111000000101100001000,1
0100000101000000000100000000,1
0000110001000000001100000000,1
0000101001100000000000100110,1
0000000000000001010100010000,1
0000001001001000010100101000,1
0000000001100001011100100000,3
0000000001110000000000100000,7
0000100001000000010100100000,13
0001100001100000101000100000,1
0001110001110000001000101010,1
0000000000010000001000100000,3
0000100001010000001100101000,1
0000000001010000010000100111,1
0000100011000000001000101010,1
0000010000100000000010100000,1
0000100011100000011100100000,1
0000100000000000010100100010,1
0000100011100000000110100000,1
0000001001110000010110100000,2
0000000001011000011000100010,1
0000100001100000010100100000,12
0000000001100000001000100000,6
0000000001100000001100100100,5
0000010001110000001100100000,2
0000100000110000010000100000,1
0001110001100000010000101000,1
0000000001110000011100010100,2
0001110000110000001100100000,1
0000110000010000000000100000,1
0000001001000000010000100100,1
0000000000110000000000100100,1
0000000001010000000100100000,21
0000100000010000010000100000,5
0000000001000100001000100100,1
0000100001100010000000110000,1
0000000001010000011000100000,9
0000000001000000011111100000,1
0000100001010010000100100110,1
0000000000010000001110101000,1
0000000001110000011000100100,2
0000100110100000011000101000,1
0000000001000000011100100010,3
0000010001110000000100101100,1
0010000000010100010100100110,1
0000000000110000010000100000,2
0000000000000000011100100000,14
0000000001011001010100100000,1
0000000101110000010100100000,3
0000000001010000001100100000,14
0000000001010000010100101000,3
0000000001110000010000100000,2
0000000010010000010110100100,1
0000000001110010010000101000,1
0000000000010000000110100000,2
0000001000010010001111000000,1
0000100000010000010010000000,2
0000100001010000010100110100,1
0000000001010000011000101100,2
0000000000010000011000101000,1
0000100001110000011000100000,4
0000000001110010011100100100,1
0000000000100000001100100000,8
0000000000110000000010101000,1
0000000010010000010000100000,1
1000100000110001000010100000,1
0000001000010000001000110000,1
0000000001100000001100000000,28
1000000001100010000000100001,1
0000100001110011001000100000,1
0000000000000000010000100000,7
0000000000100000001110100111,1
0000000000000000010011000000,1
0000001001110000001000100010,1
0000000000000000011000100100,1
0000000000000000000100100000,19
0000000001000000000100100000,31
0000000001010011011010000000,1
0000000001010000010100010000,3
0000100001010000011000100000,3
0000100001011000001101000000,1
0000000001010000001000100010,1
0000000001010000011000100110,1
0000000001000000010010100000,3
0000100001010000010100100000,9
0000000000010000000000100000,3
0000000001110000001000011000,1
0000000001110000001000100000,10
0000001001000000011000100000,1
0000000101110000000011000000,1
0000000001110000011000100010,2
0000000001110000011100100010,1
0000001000100001010000100000,1
0000100000100000010100100000,4
0000101001110000011000100000,1
0000000010010000000000100000,1
0000100001110000000010100000,2
0000000000110000010001110000,1
0000110001010000001100001000,1
0000100001010000011100000000,18
0000100001110000001000001100,1
0000000001010000011000101000,1
0000000001110000000100100000,15
0000100001010000001100100000,8
0000000001110000011100101000,1
0000100011010000011100000000,1
0000000001010000010100100000,28
0000000000100000011100100000,13
0000100001010000000000101000,1
0001100000010000010000100100,1
0000001000110000011010000000,2
0000000000100000010110100000,3
0000100101110011010001100010,1
0100100000110000101000100001,1
0100100001010000011000100000,1
0000000001000000001000100100,2
0000000001110000010100100000,33
0000000000100000010000101000,2
0000100001110000010000101010,1
0000100010110000011001100010,1
0000100000110000011100100000,1
0000000001010000010100100010,5
0000010001010000011100100000,3
0000100001110000001110100010,1
1100001011110010010000100000,1
0000000001110000001000100010,2
0000000000000000000000100000,3
0000000001100010011000000010,1
0000100001110000010000100100,1
0001100000110000010000100100,1
0000100110010001011000100000,1
0000100000110000011100100011,1
0000000001110000011000000111,1
0001100001110001000000000100,1
0000100001100000011100101000,1
0000010010110000001001000001,1
0000100000100000011000100000,4
0000100001011100000101100000,1
0000101001101000010010100000,1
0000001001010000011000101000,1
0000000001011100011100000010,1
0000100001000000011100100010,1
0000100001111000011100100010,1
0100000001110000011100100110,1
0000101001010000011100100010,1
0000000001000000001100100010,4
0000000000000000011000100010,1
0000000001010000000000000000,16
0000100001110001011010100000,1
0000000001100110011000100000,1
0000000001010000001000101010,1
0000001001011000011100000000,1
0000000011010000011100100100,1
0000000001000000010100100000,52
0000010001000000010000100010,1
0000000001010000011100100000,12
0000100001110000010100000000,13
0000001001011100000100100000,1
0000010011110000001000100000,1
0000000000100000011010100000,1
0000000000000000010100100000,27
0001010001110000001100100000,1
0100100001010000010100100100,1
0000000001010000011000101110,1
0000100001010000010100000000,19
0000100001000000000000100000,1
0000011101011000011100100000,1
0000100000010000010000101000,2
1000000011110000001100100000,1
0000000101010000011010100000,1
0000000001110000011100001000,7
0110000010110000010100100000,1
0001000001101100011000100000,1
0010000000100000001100100000,1
0000000000100000010100100010,7
0000000001110000010100000010,12
0000001001100000011100100000,4
0000000000110000001010001010,1
0000100001100000000000101000,1
0000100001110000010100100000,11
0000100000100000011100100000,1
0001000011101100011100100000,1
0000000000000000001100100000,6
0001100000000000001100000000,2
0000000000110000000100101000,1
0000000001100000011100100000,11
0000000001100000000000000100,1
0000000101110000010100101000,2
0000000001010000100100100100,1
0000000000110000010100101000,1
0001000000000000010000101000,1
0000000000010000101100100000,1
0000000001010000011100100011,1
0000000001000000000000100000,4
0000000001110000011001001000,1
0000000000110010001000000000,1
0000000101000010011000100000,1
0000000000110000011000100000,3
0000000001100000010100100000,47
0000000001010000010000100010,1
0001100001110000000100101000,1
0001100000100000011100000000,4
0001000001110000011000001100,2
0000000000100000000000101010,1
0100000001100000010000000000,1
0001100001000010000100000010,1
0000100001010000011100100010,1
0000000000000000000100000000,26
0000000000100010011000100000,1
0010000001101000011000000010,1
0000000001110000011010100010,1
0000000001100000011000100101,1
0000100001011000001100001000,1
0000100001110000010101100100,1
0000000001100010000100100000,2
0001100001110000001000011000,1
0000000001100000001100100000,20
0000100001100111001100000000,1
0000000001010000101000000000,1
0000000001010000000000000010,3
0000000001110000010100100100,5
0000001001000000011100100000,4
0000000000100000011000000010,1
0001000000100100011110110000,1
0000000001110000000000001000,2
0000000001100000000000100000,4
0001100000001000011000100000,1
0010000101010000010000100000,1
0000000001100000011000100000,6
0000000001110000010010000000,5
0010000001110000011100100000,1
0000000001110000001010000010,1
0000000001010000010000001000,2
0000000010100000011110000000,1
0000100001110000010100001010,1
0000011000111000010110000110,1
0000001001010010001100000000,1
0000000000010000011100000010,1
0000000001110000000110000000,5
0000000001011000101000000100,1
0000000001101000011100000000,5
0000010001110000000100100000,4
0000000001100000001010000000,3
0000000001110001011000000000,2
0000000000010000011000000000,12
0000001001110000011000000000,2
0000100101010000000010000110,1
0000000011100000011010000000,1
0000000001110000010001000001,1
0000001001110000011000100000,3
0001100001110000000010000000,1
0000100001010000001000000000,5
0000000001110000000000000000,15
0000000001000000001000000000,8
0000000000110000011001100000,1
0001100001100000010100000000,1
0000000001110000011010000000,8
0000000001110001000100000000,3
0000010000110000000100000100,1
0000000001100000011000000010,5
0000000001010000010000000010,3
0000000001011100001100000000,1
0000000001010000011000000010,4
0000000000100000011110100000,2
0000000001111000011000100000,1
0000000001010000011001000000,1
0000000000000001001000101000,1
0000000000000000011100101000,1
0000000101100000011100000100,2
0001110001000010101100100010,1
0000001001110000011110100000,2
0001100001010000001101100000,1
0000000000010000000100000000,16
0000000001110000000101000000,2
0100000001110000001100100000,1
0000000000000000010000000000,8
0000000000000010010110101000,1
0000000000100000001000000000,5
0000000101110000001010000000,1
0001100000100000011000100100,1
0001100001010000011000100000,1
0000000001010000011010100000,2
0000000100100000000000101000,1
0001000001010000001000100010,1
0000000001110000000100101000,2
0000000011010000010100100100,1
0000000001010010001100100000,2
0001001000100000010100000000,1
0100000000100000000100100000,2
0000001001010000011000000110,1
0000000000100000010000100000,3
0000100001110000010000100000,1
0000001001110000011010100000,1
0000010000001100011000000110,1
0001000001110000010100100000,6
0000000001110000001100100000,25
0000100000000000011100100000,3
0000000000100100001100100000,1
0000100000100000110100100000,1
0000101001111000000000100000,1
0000100001110000011000100010,1
0000100000100000001100100100,1
0000000011110000000100101000,1
0000100000000000001000100000,2
0000000001000010010000100010,1
0001100000000000011000101100,1
0000000001100000001000000000,9
0000010001000000010001100000,1
0000000001010000001000100000,3
0000100000000000001000000000,5
0000001000000000010100100010,3
0000100001000000001111100000,1
0000100000010000011100100000,3
0001100110100000001000100000,1
0000000010100000011100100000,2
0000100000010000011110100000,1
0000000000110000011100000000,21
0000001001100000010100100000,4
0000000101010000011100000000,2
0000000001110010011000000000,4
0000000001010001011010100000,1
0000000000100000010100100000,27
0000000001000000011100010000,1
0000100001010000010000100000,2
0000000000100000000000100010,1
0000000001110001010100100000,3
0000000000010000001000100001,1
0000000011110110001000101010,1
0000010000110000011110100010,1
0000000000110100001101100000,1
0010000001010000010000100000,1
0000100001010000010100100100,4
0001000000010000000000000000,1
0000000000111100001000100000,1
0000000001110000011001101000,1
0000000000100000000000100000,1
0100000001110000011000100010,1
0001000001100000010100100000,7
0000000001110000001100001010,2
0100000001110000011100100000,2
0000100101010000011000000100,1
0000000000100000001000100000,2
0000001001010000011110100000,1
0000000001010000011010101000,1
0000000001010000011100101010,1
0000010000110000010000100100,1
0000010001110000011100100000,2
0000000000110000011010100110,1
0000000101010000000010100100,1
0000000011010000011000100010,1
0000000001010000011101000000,2
0000000000000000001000100010,2
0000000001110000011110100100,1
0000100001101000001100100000,1
0001100000100000011000100000,1
0000000000000000011100100010,3
0000000101110000011000100100,1
0100010001110000011010100000,1
0000000000110000111100100000,1
0000000001010010001010101000,1
0000011001110000011000000010,1
0000000000100000011100100100,1
1000001001100001111100100000,1
0000000001010000011100100100,3
0000000000010000011100010000,1
0100100001110000011000100010,1
0000000001010000011000100010,3
0000000001110000001101100010,2
0000000001110000010000000000,13
0000000001110000011000100000,3
0000000000100000011000000100,2
0100000000110000011000100010,1
0001101011010000010000100000,1
0000000000000000010000001000,1
0010100001110000001000100000,1
0000100001110000010000000011,1
0000100000000000001010000000,1
0000000101100000000010000010,1
0000001001100000011100000000,7
0000001001110000010110000100,1
0100001000000001110100000010,1
0000100000000000010100000110,1
0001100001110000010100000000,5
0000100101110000011100000010,1
0000000001010000011110000000,7
0000000001110000001010000000,8
0000110001010000000010000000,1
0000100001100000001100001000,2
0001100001110000011100010000,1
0000100000010000000000000010,2
0000001001110000011100000000,4
0001000001110000111100000100,1
0000100001100100001000000000,1
0000000001110000000001100000,2
0000100001110000011100000000,23
1000100001100000111000100001,1
0000010000100000000000000100,1
0001100001010000011000000000,3
0000100000000000011000000000,5
0000000001110000000000000010,3
0000000001010010101000000010,1
0000001001000000000100000000,7
0100000000010010011000000000,1
0000000001100001001100000000,1
0000000001010000011100000000,51
0000000000110001010010000000,1
0001101001110000011000000000,1
0100000001100000001000000000,2
0100001000011000011010000000,1
0000000001110000000100011100,1
0000000001100000011101000000,3
0001000000110000011100000000,2
0000100011110000011100000000,1
0000100001010000000000000000,2
0000000100010000011110000100,1
0000001000000000010000000000,2
0000000101001000001100000010,1
0000110001100000001000000000,2
0001010110110000000000000000,1
0001000001110000001101100000,2
0100100001000000011100000000,1
0000000001000000001100000000,32
0000000001010000011000000000,30
0000100001010000011100000010,6
0000000001110010000010000000,1
0001100001000000101100100000,1
0000000001110000011000000000,39
0000100001000000010000001000,1
0000000001010000001000000010,6
0000000001100000011001000100,1
0000101001100000001000000000,2
0000000101010000000100000000,4
0000000000010010010000000000,1
0000000001100000011011000000,1
0001100001010000001000000000,3
0001110011110000000000000000,1
0000000001010000011100000010,7
0000000001010000010110000000,6
0100101000000000011000000000,1
0001100000100000000000000000,1
0001101101110000001010000100,1
0000100001100000011100000010,5
0010100001100000011100000000,1
0000000000010000011000000001,1
0000000000100000011100000100,5
0000100000000000010100000000,16
0000100000100000001000000000,3
1000101100100000011100000010,1
0000000010000000010000000000,1
0000100001010000000001100000,1
0010100001000000001100000000,1
0000001001111000011100000010,2
0000101001000111011100000000,1
0000100001000000010010000000,2
0000000001110100000101000010,1
0100100000100000011100000100,1
0000001101010001001100000100,1
0000000000010000011110000000,5
0000100000000000011100000100,3
0000100000000000011100000000,8
0000100001110000001100001000,4
0000011101110000011100000010,1
0000000000000000001100000100,3
0000010001010000011100000000,1
0100100011010000011110010010,1
0000100001110000011110000000,5
0000100000000000111101100000,1
0000001001100000011000000000,2
0100000000010000011100000010,1
0000000000010000001100000000,18
0000000000100000011100000000,22
0001110101110000011100000100,1
0100000001010000011110000000,1
0000100001010010011100001000,1
0000100000000010001100000010,1
0000101001110000011000000000,2
0000100001100000011010111000,1
0000000001010000001000000000,7
0000100001110000010000000100,1
0001000000110000010100000000,2
0000000001010000011100110010,1
0000000000100000001100000000,18
0000001001101000111100000000,1
0000100001010000001000000010,1
0000100001110000001100000000,13
0000110001110000111100000000,1
0001100001110000011100001000,1
0001100001010000001100000010,1
0000100001110000011101000000,1
0001100001010000010110000000,1
0000000001010000000010000001,1
0000101001100000011010000010,1
0000100001000000001000000000,6
0000110001110000011100000000,1
0011100000000000010100000010,1
0100000001010000011100000000,3
0001100001000000000100000100,1
0000000000000000101100000000,2
0000110001100000101100000100,1
0000000000000000010100000000,55
0000100000000100011000000000,1
0110000001110000011101110000,1
0000101001100000000100000000,4
0000100001010000000100000000,16
0000000001000000011100000100,7
0001100001110000001100000000,4
0010100000100000011100000000,1
0000000000000000000100000010,4
0000001011100000101100000000,1
0000010001100000011100000000,2
0000100000000001001110000000,1
0001100001010000000110000010,1
1000100000100000010010000000,1
1100100001100000010101100001,1
0000101001100000010100000000,2
0001000001110010001100000010,1
0101000001110000011100000000,1
0001000001010000011100000000,3
0100100001010000010100000100,1
0001100001101000010100100010,1
0000000001110001000100100000,1
1000100010000000011110100000,1
0000001001110000011100000100,3
0000000001000000001100100000,11
0000000001010000011100000100,7
0000000001110010010100100100,1
0000100001011000011100100110,1
0101100000000000011100100000,1
0100000001110010010100110000,1
0000000001000000000100000100,4
0000000001110000010110100000,5
0000001001010110111011000000,1
0000011101010000010000100100,1
0001100001010000010100100000,1
0001000011001000010100100000,1
0000000001100110010100101000,1
0000100001100000011100000000,11
0000100101000000001100000000,2
0001100001000100010100100000,1
0000010001100000001100101000,1
0001100001100000011100111000,1
0101100001010000011000000001,1
0000000010100000010100100000,1
0000100001100000011110000010,1
0000100000100000010010000100,1
0000001001000000000100100000,3
0100000001000000011100100000,1
0001100001101001011100100000,1
0000001000100000001100000010,1
0000000000110000000000100000,2
0000100001000000011100100000,8
0000100001000000001100100000,5
0000100001100000011100000110,1
0000110101110000001010100000,1
0000001000100100010100000000,1
0000001001010000011100100000,4
0001100001010010011110100000,1
0000111001010000001100100010,1
0000000001000000010101100000,2
0000000011000000011100100000,1
0001100001000000000000100100,1
0000100000010011010010000000,1
0000100100000010010100000000,1
0100000010100000011111100000,1
0000000001010000010010000000,3
0000100001110101000100000000,1
0000000001110000001100000010,8
0000000001010000010100000000,69
0000000000110110011101100010,1
0000000111010000011100000000,1
0000000001110000011100100000,12
1000000000100000011100000000,2
0001110001010000001100000000,1
0000000001000000000100000000,56
0000101001000000010100000000,5
0001100001100000011100000000,5
0000100111100001000100000000,1
0000000001100001010010000000,1
0000100000010000010100000000,7
0000100001010000001100000100,2
0000100001000000000100000100,4
0000100001100000000000100000,1
0000000001100000011100000010,6
0000100000000000001010110000,1
0110000000000000011100000000,1
0000100001010000000001000000,1
0000000000101000100100000010,1
0100100100000000010100000000,1
0000000000000000010101000000,2
0000101001010000011100000000,1
0000100000111000010000000000,2
0000100000100000000100000000,9
0000000010100000001100000100,2
0000100001110010000100000000,1
0010000001101000011100000100,1
0001100001010000011110000000,2
0000000001111100000100000000,2
0000100001011000000100000000,1
0000001111100000010100000100,1
0000001001010000010100001000,1
0000000001101000000110000100,1
0001100000000000011100000000,1
0000000001010000010110000100,2
0000000001010000000100000010,8
0000000001110010010100000000,5
0000101001010000000100000000,1
0000000000001000000110000000,1
0100000001010000010100000000,4
0000001001000000010110000000,2
0000100001000000010100000010,3
0000000001100101001100000010,1
0000000001100000000100001000,8
0000000001000000010000000100,2
0000000001000000010100000010,14
0000000001110000011100001100,2
0000000001101000010100000000,4
0000000000001000000000000000,1
0000000001101000010000000000,1
0001110001100000000100000000,1
0000000000000000010101100010,1
0100000001100000000100000000,5
0111000001000000001110000000,1
0000000011100000011100000100,1
0100001001100000000100000000,3
0000000000000000010110100000,2
0000100101000000011111100000,1
0000100000100000001111000000,1
0000000001100000001110000000,8
0001001001000000010001000000,1
0000100000000000000100000100,1
0000000001100000010101000010,2
0000000001000010001100000000,3
0000100001000000000101100100,1
0000100000100000001110101110,1
0000000001000111000100000000,1
0000101000000000111100000000,1
0100101001100000010100000010,1
0000100001000000010100000100,3
0000000000100000010100001111,1
0000000001100000010100000001,4
0000100000100000000010000100,1
0000010000100000001100000000,2
0000000001010000000100000000,57
0000000001100000011110000000,9
0001000000100000010100000000,3
0010000000100000000100000010,1
0010010000100000010100000000,1
0000000011100000010110000000,1
0000010001100000010100000000,7
0000100001100000010000000000,7
0000000001000010010100000100,1
0000100000000000100100000000,2
0000100000000000001100000000,5
0000000100000000010100000000,4
0000100000100000000100010100,1
0000010001100010010000000010,1
0010100001010000010100000000,1
0000000100000000001000100110,1
0000000001010000010101000000,6
0000000001010010010100000000,3
0000000000000111011010000000,1
0010000000000000010110100000,1
0000001000010000000100000000,3
0000100001100100011100000110,1
0000001001111000011100111000,1
0000100001110000001100000010,1
0001100000001000001110000000,1
0000000001100000010100000010,13
0001100001100000001100000100,1
0000100001100000011110000001,1
0010000000010000000110000000,1
0000001001000000011100000000,5
0000000011100000010000000010,1
0001100000110010010100000000,1
0000000001111000100100000000,1
0000000010100000010100000000,7
0000000001000000000111000000,1
0000001001100000010100000000,8
0000100001000000001101001000,1
0000000001100000011100110000,1
0001110001100000010100000000,1
0000000000011001000000000000,1
0000000001100000010010000010,2
0000100001000000010011101010,1
0000100000110000010100100100,1
0000000101100000011100100000,2
0000010000100010010100000000,1
0000001001100010010101011010,1
0100000001110000001110000000,1
0000000000100000011110000000,1
0000000001000000010101000000,4
0000000001101100011101000000,1
0000000000100000001100011000,1
0000100101000000000100000000,2
0000100001100000001100000100,4
0000000000000000011000000000,13
0000000001100000000110000000,5
0000000000000000010100000010,7
0001100000100000001100000000,2
0000000001110000010000100100,4
0000100001110000010110000100,2
0000000001000001000100000000,3
0010000001110000000100000000,2
1000100001010000011000000000,1
0000000001110100011100000000,3
0000000011010000011000000000,1
0100100000000000010000000100,1
0001100001100000000110000000,1
0000000001100000000110010010,1
0000000000100000011000000000,6
0000000001100000010110000000,7
0001000001110000011100000010,1
0000000000000000000100000110,1
0000000000100000000100001000,3
0000100100000000000100000100,1
0001100001101000000101000000,1
0000000001000000001100000010,6
0000000000100000111100001000,2
0000101001100100011010000000,1
0000100000000001010100000010,1
0000100001110000001100100000,3
0000000000100000011000000110,1
0000100011100000010110000000,1
0001100111010000010001000000,1
0100000001000000010100000100,1
0000001001100010000100000000,1
0000000100000000001000000010,1
0000010001110000000100000000,3
0000101101100000000100000100,1
0000100001101000000100000110,1
0000000001100100000100000000,2
0000100001100000001110000000,4
0000000001001100000100000000,1
0000100001110000000100000000,16
0000100000100000001100000100,2
0111100000000000001100000000,1
0001100101100000010000000100,1
0000000001100100001000110000,1
0000000101110000010100000000,9
0000000001000000011000000110,1
0000100000000000000000000000,3
0100100001100000010100000000,2
1000000001100000001100000000,1
0000110001100001010100000100,1
0000000000010000010101000010,1
0000100000110000001100000000,2
0000000001010000100110000000,2
1000100001100000011100000010,1
0001110001010000011100000000,2
0001000001100000001100000000,2
0000100001111000000100001000,1
0010101001010000010100000000,1
0001100000000000000000000000,1
0000000001100000000101000000,5
1100001001001000000100000001,1
0001100001000000001100100000,2
0001100000110010000100000000,1
0000100001000000000100000010,5
0001101000010000000100000000,1
0000000000010000010100000000,30
0000000001100000100100000000,4
0000100001100100000010000000,1
0000100001011000010101000000,1
0001110000110000010100000000,2
0000100001000000000100001000,1
0101110000100000000000000000,1
0100100101010001001100000000,1
0000100000110000010110000100,1
0000110001000000010111100100,1
0000000000000000001000000000,6
0001100001001000010000000000,1
0000001001100000100100000000,1
0000101001000100001100000010,1
0001111000110000011100000000,1
0000000000100000010101011000,1
0000101101100000011100000000,1
0000100001100000010110000000,2
0000100011100000011100000000,1
0000000001100000011101101100,1
0000100001000010000100000000,1
0100100001110000010000000010,1
0000000000100000010110000000,5
0000100001100000001100000010,1
0000000000010000100000000000,1
0000000000100000010111000010,1
0000000001000000000110000000,4
0000000000000100000100000000,1
0001000001000000001100011000,1
0000000000100010100100000100,1
1100100001100000010100001000,1
0000101001100000001100000000,1
0000001101000000001100000000,1
0000100101100000011100000000,2
0000010001000100011100000000,1
0000010000110000001110000110,1
0000001000110000001100100010,1
0100000001100000011100000000,2
0000100001010000000111100000,1
0000101001100000000110000000,1
0000000000111110001010000000,1
0010000001000000011100000100,1
0000001001000000010100000000,14
0000100001000000011100001010,1
0000100101010000011100000000,2
0000000001010000011100001000,2
0001000000010000001100001100,1
0000000010000000010010000000,1
0001100001110000011000000000,1
0000000001100010010100000000,3
1100010001100000011100000011,1
0000111000110000010100000000,1
1000000001100010101100000000,1
0000001001100000011110000000,2
0000000000010100001000000100,1
0000010001101100100100000100,1
0100001001100000010100000110,1
0000110000110000011100000000,1
0000000001100000010100001000,6
0000000001000000000000000000,13
0100000001110011011100000000,1
0000000000110000010100000010,4
0000000000000000000111000000,1
0000000001100000010110001000,2
0000000001010000000000000100,2
0001110001100000001000000100,1
0000010000000000010100001000,1
0001000001010000000100001000,1
0000010001110001000101000000,1
0000101001010000010100000000,4
0000100000100000010000001000,1
0000010001110000010000000000,1
0000000101100000010100001010,1
0000101011000000000110001000,1
0000000000111000010100000000,1
0010100001100000010110000000,1
0000001001100000000100001000,1
0000100001100000001000000000,8
0000000101000000001100000000,2
0000100001110000000100100000,8
0000100001110000000100000100,3
0000000000000000010100001100,2
0000100001010000001100000000,13
0000101011110000000110000000,1
0000001000000001010110000000,1
0000100001010000000100001000,2
0000000000010000000100000001,1
0000100001000000010000000100,1
0000000001110000000101000100,1
0000000101000000011100000000,3
0000000001100000000100000100,4
0000100010110000001100000000,1
1000000000100100000100000000,1
1100000001000000010100000000,1
0000101101110000010110000010,1
0100001001000000011100010100,1
0100100001100000001100000010,2
0000000001010000010100000001,3
0000100001100000011000000100,1
0001010000100100000100000000,1
0001100001000001100000000000,1
0000000000100010000000000000,1
0000000110100000010110000000,1
0000000001000000011100000000,32
0000100001010100000100000000,1
0000100001110001000100000000,1
0000110001010000010100000000,2
0000101001010000001100000100,1
0010010000010000000100000000,1
0000100001100000010101101000,2
0000100001000001010100000000,1
0000000001000000000110001000,1
0000100000110000011100000000,7
0000110000100000010100000000,1
0100100001100000001100000000,1
0000101000100000001100000000,1
0000001001110000010110000000,3
1000100001010000001100000100,1
0000100001000000000101000000,1
0100100000110010011100000000,1
0001100000110100001100000100,1
0001100001100000010100001000,2
0000000001100000100101000001,1
0000110001110110010100000000,1
0000100101110010001000000000,1
0000000000100000010100000110,1
0000100001010000010100000100,4
0000001001110000000100000000,5
0000000001100000010100001100,1
0000010001100000011110000000,1
0000100001100001010000000100,1
0001000001010000010101100000,2
0000101001100000011100000000,5
0000100001010000011100000100,2
0000101000110000000100000000,2
0000100000100000010000000000,1
0000001100100000011100000100,1
0100100001010010011100000000,1
0100100101110000011100000000,1
0000000001100000011010000000,6
0000100000110000000100000100,3
0000001101100000011001000000,1
0100000001000000011000100000,2
0000000001100000010100000100,11
0001100001100000000100100000,1
0000000001011000010000000100,1
0000000001000000000100000010,11
0001110001100000001100000110,1
0000100101100000001100000000,1
0001100001100000011100000010,1
0001100001000000000110000000,1
0010000000110000010100000010,1
0000000001100000010000100100,1
0000001001100000010100000010,2
0000100001100000000110000000,3
0000000001000000010010000000,3
0000000000100000010100000100,4
0100000000000000010100000000,3
0010100001100000010100000010,1
0010100001000000010100000000,1
0000000010110001111100000000,1
0000101000010000001010000000,1
0000100001100000000000000000,1
0000100110000000000000000000,1
0000100000110000000100000000,5
0000100000110000010100000010,2
0000000000000000010110000000,8
0000000001100000001100100010,2
0001100000000000111000000000,1
0001100001000000010100000000,3
0000100101010000010110000000,1
0000100001000000001100000000,6
0001100001000000011110000010,1
0000110001000000000100001000,1
0000100000010000001100000000,2
0001010001000000010100000000,1
0000000011010000000110000100,1
0000100111000000010100000100,1
0000000000010000010100100000,11
0001110001110000001100000000,2
0000000001000010011100000000,4
0000100001000000011110100000,1
0000100001010001100100000000,1
0001110000100000000100000000,1
1001100001100000001100000000,1
0000000001100000010000000000,20
0000100000100000000000000000,3
0000100000110000011110000000,2
0000000001000000010000000010,3
0000001101110000001100000000,2
0000111000100000010100000000,1
0000101100000000011000100000,1
0100000001100000011100000110,1
0000111101100000011110000000,1
0000100011100000010100000000,3
0000000001100000011100001000,2
0000100001110000010100000100,3
0000101001110000011100100000,1
0001001001100000000100000000,1
0000100001000000010111000000,1
0000001000010000010100000100,1
0000110001100000001001100100,1
0010100000000000010100000000,1
0011000001000000000100000000,1
0101111001000000000100100000,1
0000000001010000000100000001,1
0000100011000000001100000000,1
0000100000110000010010000000,1
0000000001100001000100000000,3
0100100000010000011100000000,1
0000000000010000010000000100,2
0000100000100000000101000000,1
0001100001000000000100100000,2
0000010000110000010110000010,1
0000100000010000001100001000,2
0000000000010001010100000000,1
0000000001010000100100000000,6
0000100001000010010100100000,1
0000000000010000001111100000,1
0000100001100000010100000010,3
0000000101000000010100000010,1
0000100001111000000100000000,1
0000001001110000010010000000,2
0000000001100000010101000000,3
0000100001100000000000000010,1
1101000000000000000100000000,1
0000000011010000000100000000,3
0000110001100000000100000000,1
0000000001100000000100000010,4
1100000000000000001100000000,1
0000101001100001011100000000,1
0000000000110000000100000000,16
0000100001000100001001011000,1
0000100000100000011110000100,1
0000000001001000010100000000,6
0000011001000000010100000000,1
0000000011001000010100001100,1
0000000000011000010100000000,1
0000000001111000000100000100,1
0100000000010000000100000000,1
0000000001110000011100010000,2
0000000001010000000110001000,1
0000000001100000000110000010,2
0000000000000010011100000000,2
0000000001000000001110000000,6
0001000001001100000100000110,1
0000000011000000000000000000,2
0000000001000000010100000110,4
0000000000010110001100000000,1
0100000001100100010100000101,1
0000001000000000010100000000,8
0000000001000000011110000000,6
0000101000110000011100000000,2
0000110001110000010000000100,1
0000000000000000010100100010,3
0000110001000000010100000000,2
0000101000010000000100000000,1
0100100001100000000100000101,1
0000000000100001010010000000,1
0000000011001000000111100100,1
0000011001100000010100000000,1
1111100001000000000100000001,1
0010100001000001000100000000,1
0000000000000001011000100001,1
0000000000110100010101000000,1
0000000100010000010101000100,1
0000110001010000010100100010,1
0000001001100000011100000010,1
0000000001000000010110000001,1
0010000001100111000100000000,1
0000100000100000001100000000,4
0000100011110000001100000000,2
0100000000110010010100000000,1
1100100001101000001110000011,1
0100010000100000011110000001,1
0100000001010100011100000001,1
0000000001000000010100000001,2
0100000001010000011100000110,1
0000000000110000001101000000,2
0000010000101100000100000010,1
0000000111010000010000000011,1
0001100000010001110100000000,1
0000010001110000010100000010,1
0000101010100000011101000000,1
0000110011100000010100000000,1
0000101001100000000100000100,2
0000100000110000010000000000,3
0000000000010010010100000001,1
0000100000010000011100000000,3
0000001001100000000100000010,2
0000000001000000001100000110,1
0000000001000000001100000100,6
0000100001100000010000000010,2
0000001001110000000100000100,2
0001100001100000010100010100,1
0110000000000000010100100100,1
0000000001110010000100000000,3
0000000100000000001100000100,1
0100000001000000011000000000,2
0000000001000000010110100000,6
0000001001010001011000000000,1
0000000010100000011100000100,1
0000000001110000000010000000,2
0000001001010000000100000010,1
0000100001110000000101000000,1
0000000000100000010010000000,2
0000100001000000000111100000,1
1100001001110010000100000111,1
0000100111010000000100000110,1
0000000001010000010101100000,7
0011000000010000000100100000,1
0000010001000000010100000100,2
1000100001000010001100000000,1
0000000001101000000100000000,3
0000100001100000000100100000,7
0000101001100000001100100000,1
0001100001100000100110000000,1
0000101001110000010100000000,6
0000011001100000010100000010,1
0000000000110000101110000010,1
0000000000110010011100000000,3
0001110001010000010100000000,3
0100000001000000001100000000,3
0001000001000000010100000100,2
0000100000100001010100100000,2
0000000001101100010100000000,1
0000100001100001000110100010,1
0000100000000000000010000000,2
0000100011000000000100000000,2
0000000000010000000110000000,2
0000000001100010111100000000,1
0000010000100000010100000000,7
0000000011000000010100000000,4
0000100001000001011100000000,1
0000100001100000001100000000,9
0010010001100000001110000000,1
0000100000110000010110000000,1
0000101001001100010100000000,1
0001000000100000010100000001,1
0000000000100000000000000100,1
0000001100000000010100000000,1
0000000000010000010100000010,6
0001100101010000001100000000,1
0000101000010000011100000000,1
0000100001010000010000000000,4
0000000000000000010100000100,4
0000100000001100000100000000,1
0000000001000000010100000100,18
0101110001100000010001100000,1
0001100001010000010100000000,3
0000000001110000000100001010,1
0000100101100000010100000000,1
0000000001110000110110000000,1
0100010001010000011100000000,1
0000000001101000001000000100,1
0000000000111000000100000100,1
0001110001100000000000000000,1
0011110000100000001100000000,1
0000100000100000011100111000,1
0000100101000000011100100000,1
0000101000100000011100000000,1
0000100001110000010101000000,2
0000000010100000010100001000,1
0000000001010000001101000110,1
0000000001010100011100000110,1
0000101001000010010100000000,1
0001000001100000010100000000,6
0000101001110011111100000010,1
0000100001010000011101000100,1
0100100101000000010100000000,1
0100000000111000001100000000,1
0000100000010001010100000100,1
0000100101100000000100000100,1
0000100001101000011100000000,2
0001000000010000001100100000,2
0000000001111000010100000000,4
0000000001000000000100000110,2
0001101001000000011000000000,2
0001000001100000000110000100,1
1100000001000000000100000001,1
0000010000110000001100000010,1
0000000001010000010100100100,7
0000000000000100011000000000,1
0000000001100000010000000100,3
0000011001000000010100100000,1
0100000001100000000100001000,1
0001100001000000000000000000,1
0000000001100000001100000010,7
0000000010000010010100100001,1
0100000001100000001100000000,1
0001000010000000001100100010,1
0001100010100000000000000000,1
0001000001100000000000000100,1
0000010000000000000110000000,2
0000000001100000010010000000,8
0000010001110000000101000000,1
0000100000100000001110000000,1
0000100001100100010000000001,1
0001100001100000010100000001,1
0010100011100000010100000000,1
0000100001010000010110100100,2
1001100001100000011100000000,1
0000100001000001010110010010,1
1000100001000000011000000010,1
0000000001000000111100000000,1
0000100000110000000110000000,1
0001100000110000011000000000,1
0001000001010000001100000000,2
0000000001010000011100100010,3
0000000001110000001011000010,1
0000000001010000010100000100,11
0000000001110000111000000000,1
0000001001011000000100000000,1
0000000000010000010000000010,2
0000110001000000010100011100,1
0000100001110000001010110000,1
0000100000100000010100000001,1
0000000001000100011110000000,1
0001100011000000011100000000,1
0000000001100000000100000001,3
0000000001100000001100000100,2
0000000011100000010000000000,2
0000000001011100010100000000,3
0000000000101000010111100100,1
0000100001000000000100100001,1
0000000011010000011100000100,2
0000000001100100010100010000,1
0000000001010000001100000100,6
0000010001000000001110100110,1
0001100001100000000100000000,1
0000001000100000010001100000,1
0000000001000000011100001000,1
0011110000100000010100000000,1
0011100000110000010000000000,1
0000000011110000010010000010,1
0100100101100000010100000000,2
0001100011000000011000000000,1
0000000001000000011101000000,1
0000000101100000011111111000,1
0001100000110000011100000000,2
0000000001000000000010000000,2
0000000001100000011100100010,6
0000000000010000011100000100,4
0001100000000000000010000000,1
0100100001000000010000100000,1
0000011001100000011100001000,1
0000101001000000011100000000,1
0000001000100000001100100000,1
0000000100010000010100000000,2
0001100000010000010100000100,2
0000000000010000000100000100,2
0110100001110000011100000000,1
0000000000100000000110100010,1
0000000001110000010010000100,2
0000000010010000010101000010,1
0100000001110000011000000000,2
0100100001000000011100000100,1
0000000001110001011001100000,1
0000000001010000001110100000,2
0000000000111000010000000000,1
0001000000010000001000000010,1
0000000000001000011000000100,1
0010000001000000000100000000,1
1100100001000100010100000001,1
0000100000010000110100000010,1
0000000001100010011100000000,6
1100000000000010010100100010,1
0000001001010110001100000001,1
0000000000110010001100000100,1
0000100001000000001000000110,1
0000000001000000000100110100,1
0000010001010000010000000000,1
0000100000100001011000000000,1
0000000011100000001000000110,1
0000001001010000011100000000,8
0000010001111000011100000000,1
0000001010100000011010000000,1
0000010001011000001000000000,1
0011100001110000011100000000,1
0001001101110000001100000000,2
0000100000010000011110000000,2
1001100001110000001000000101,1
0000100000010000011100000100,1
0000100000010010010101101000,1
0000000001110000011100000010,13
0000000001110000001100000100,8
0000100001010000000010000000,2
1100000101000100011100000000,1
0000100001010001011100000000,3
0000001100100000011100000000,1
0000000001110000010100111000,1
0100100001100000110100000000,1
0001110010000000001010000000,1
0001100001110111011000000000,1
0000000001110000011001100010,1
0000100001100000001001000000,1
0001110000110000010101100000,1
0000100001100001110110000010,1
0000100000110010011101000000,1
0000100001010000100000111000,1
0001100010000000010100000000,1
0000100001100000000100000010,3
0000001001000000011100000010,2
0000001001000000010110000100,2
0000000001100001010100000000,2
0000000101100000000100000010,1
0000100001100010001100000000,2
0000000010111000010100000000,1
0100000001000001101000000000,1
0000100000010010010100100100,1
0001100001100000001100000000,2
0000000001100000000100100010,4
0000010001100000010100000010,1
0001100001010000010101010000,1
0000000011000000010100100000,4
0000000001110000010101100000,3
0000000100010000010100000111,1
1000000001000000010100000000,1
0000101001000000001000000010,1
0001100100010000001110000000,1
0000010001100000010100000100,1
0000000001100000001100001111,1
0000100000010000010100000100,1
0000010000010000011100000000,1
0100100001100000000100000000,1
0000000001000010010110000000,1
0000000010010000010100000000,3
0000101001000000001000000000,2
0001100100100000001100000000,1
0000100011000000010111000000,1
0010100001000000011100000000,1
0100100001000000001100000000,1
0010100100000000010100000000,1
0000000001110000010100000100,4
0001000001110000010100000100,2
1100100001000000000100000100,1
0000000001000000010110000011,1
0000000001010000011100010000,1
0000000001000100010100000000,3
0000001011100000010100000000,3
0000000000110010010100000000,2
0000000001000000000000000100,3
0000000101110000001100000000,4
0000001000110000010100000000,2
1100000001000000011110000001,1
0000110000000000011100000000,2
0000010001010000010110100100,1
0000011101100000010100000000,1
0000000011010000010100000000,5
0000100110110000011000000000,1
0100010001110000000100000000,1
0000000001110000110100000000,4
0000000001010000001111100000,2
0000010000010001111100100000,1
0000000001101100011100000010,1
0000000001100000010001000000,1
0000101001010000010101000000,1
0000010000010000010100000000,2
0000101100110000001110000000,1
0000110001110000010100000000,2
0000000001110010001100000000,4
0000100001000010000101000000,1
0000000000110000001000000100,2
0000000000110010010100000100,1
0000000001110000010110100110,2
0000000001110000011100000100,10
0000000001001100001100001110,1
0000100000000000010110000000,2
0000100001100000011010100000,1
0000000001110000001000000000,17
0000100001000000010110000000,3
0000001001011000010100000010,1
0000100001000000011100000010,3
0000100000010000001100000111,1
0011101001110000000000000000,1
0001100001110000001100000010,1
0000011101110000000110000010,1
0000000001010000000100000110,2
0000000001010000010000100000,4
0000001001010000010100000000,8
0000010000010000011100001000,1
0000000010100000011100000000,3
0000100111110000011100000000,1
0000100001110000000100000001,1
0000000001110001111000000000,1
0010000001010000010100000000,1
0000000001010000000010000010,1
0000000001010110011000000000,1
0000000000010000011100000000,20
0000001000010000000000000000,1
0001100001010000000110000000,1
0000100001111000001110000000,1
0000011100110000001100100000,1
0010001001000000011110001000,1
0000100001110000011100000100,2
0000001000110000001101100000,1
0000100001110001100100000000,2
0000000000110001000100000000,2
0000000001010001111100000000,2
0000000000010000010110000000,3
0000000000110000001100100000,4
0000100001010000001101100010,1
0000100101100000010100000100,1
0011100000010010011100100100,1
0010100100100000011100000000,1
0001100001010000001100000000,1
0000010000010000001100000100,1
0100000001010000001100000000,2
0000001001100000010000000000,1
0000000001100000000100001100,1
0001100001000000010100100000,3
0000100001100000001011000000,1
0000000100100000011011100000,1
0000100001000000001101100000,2
0100000001011000011100000000,1
0000000000010000011101000000,4
0000101001100000010000000010,1
0000000000110000011110000000,7
0000100111010000001100000000,1
0000100001010000011100100000,2
0000001001110000011100000010,1
0000100001010000011000000000,6
0000110000101000000100000100,1
0000000001000000001110000100,4
0000100001010000011101100000,1
0000000001100111011100000000,1
0000000001000001000100000100,1
0000100001010000000110000000,2
0000000000110000001100000010,4
0000010100110000000100000010,1
1100000000010000001100000001,1
0000000010110000010100000010,2
0001101000100000010100000100,1
0000000001110101011000000000,1
0000000000010010010100000000,3
0101100001110000011100001000,1
0000000100110000011100000000,1
0000000001010001010100000000,3
0000100001110000011000000000,8
0000000000100000000000000000,6
0100100001010000011001000000,1
0100110001010000011010000010,1
0000000010110000011101000000,1
0001000000010000011000000000,1
0000000000110001000100101000,1
0000000001010000001100000000,38
0000001001110000011010000000,2
0010001000110000011100000100,1
0000001001000000011110000000,1
0000000001110000001100100100,1
0001010001010000011001100000,1
0000001101001000011100100010,1
0000000001110000001100001000,3
0000000000010000011100001000,4
0000000100110000010100000000,2
0000010100110000010110000000,1
0100000001010000001101000000,1
0000000001110000011110000000,10
0000110001100000011100000000,1
0100100001110000011100001000,1
0000000001010111011101111000,1
0000000000010001000100000000,1
0000000001010001000100011000,1
0000000000110000001110000000,1
0000000001100000111100001110,1
0000000100000000001100000000,3
0001100001100000010100100000,3
0000100000101000011100000111,1
0000000001000100011100100100,1
1000000000000000000100000000,1
0000100001001000100100001000,1
0000000101110000011100000000,3
0000000001010000011100001010,1
0000000000010000000100001010,1
0000101011000000011101000100,1
0010101001110000011100000000,1
0000000000011100011100000000,1
0001101001000000001100100000,1
0111000001010000010100000000,2
0000000011110000101100000001,1
0000000010010000001100000000,3
0000000001000010000100000000,3
0000000101110001011000000000,1
0000000001101000011100100000,1
0001100000010000011100000000,2
0000100001010000010101100000,5
0000010001110000001000000000,1
0000100011110000000100000110,1
0000000101110010011100001000,1
0000010001110000000000100000,2
0000100000010001001100000000,1
0100000000010000011100000000,3
0000000101010000011100000100,1
0000000001010010011100000000,3
0000100000100000011110000000,1
0000000101100000001110000000,1
0000010001110000010100000000,6
0000100001110100001100100000,1
0001100001110000011010000000,1
0001000001010000111100000000,1
0000000011010000001100000000,2
0000000000110000000101001000,1
1001100001110000010100000000,1
0000100001001000001101100000,1
0001100010110000011100000000,1
0001101000010000001100000000,1
0000000000101000011100100000,2
0000000001111000010100100000,1
0100100001100010010101001000,1
0000000101010000010100000000,5
0000000101100000000100001000,2
0001110001100000011100000000,1
0001100001100110001110000000,1
0000100001100000010100100100,1
0000000001010111000100000000,2
0000000011100010001100000000,1
0000000000110000001100001100,1
0000100001010000011100001000,2
0000100001110000001100110010,1
1000000000010000010100000000,3
0000000000010000000000000100,1
0000100001000000001010100100,1
0000100000110010011100000001,1
0000100000110000001100100000,1
0000100101010000000100100100,1
0001100001010000011100100000,3
0001110101100000000100001000,1
0001100101010001000100010000,1
0010000000110000001100000000,1
0000100001110000001110000000,4
0000000000010000010100100010,1
0000000000110000010001100000,2
0001000001011000011100100000,1
0010100001110010000100000010,1
0000100011100000011110000000,1
0000011001101100011100010000,1
0001010000010000000111100110,1
0000000000111000011100100000,1
0000010001000000001100000000,2
0000001000000000010110000000,1
0000000011110001110100100000,1
0000000010110000110100000000,1
0000000000110000011101001000,1
0000000000010000001100100100,2
0000001001110000001100100000,2
0000000101010000001100000000,5
0000000001100000010101001000,2
0000000001100000001101100000,2
1100001101100000011001100100,1
0000001000010000000100001000,1
0000000101110000010000000010,2
0000000000010000001100010000,1
0000000000110000010000000000,4
0000110001110000001100001000,1
0000010001110000001100001000,1
0000000001110010101100000000,2
0101000001000000011110000000,1
0000001001000000011000000000,3
0110000001110000011100000000,1
0100000001100000011100000100,1
0000000001010001011100000000,1
0000001001110001011100000000,1
1000000000010000000111101000,1
0000101011010000010100100000,1
1100000001010000001100000000,1
0000000001010000001110000000,6
0000000001110000000100000010,7
0000000000011000100100000000,1
0000100001010000010100001000,3
1000100001010000011100000000,1
1000000000110000010100000000,2
0000000000010000011000100000,1
0000000000000110011100100000,1
0000000101010000001101000000,1
0000101000100000001100100000,1
0000001100011000010100000000,1
0000100001010000001100010000,1
0000000101110000011110110010,1
0000001001010000001100000000,3
0000100101110000001100000000,1
0000100001000000010101000000,2
0000011001000000011100000000,1
0000001100100000001100000000,2
0000101001110000001100000010,1
0000000101001000010100000000,1
0000000001010000001100000010,5
0001000001100000010100001100,1
0000000001110000000010000100,1
1000000001010000011100000000,1
0010000001010000011100000010,1
0000000101010001011000000010,1
1110100001010010011100000010,1
0001000000000000011100100010,1
1000000001000010011100100001,1
0000010000110010010110000010,1
0000000000110000000100101110,1
0010000001110000010000000000,2
0011000001110000011100000000,1
0000100001110000011010100000,1
0000000101100000011110000010,1
0000000001010000011110100000,3
0000000101000000001100100000,2
0000100001100000001110000100,1
0001100000010000011000000000,1
0000100011000000000011001000,1
0000000101110000011100001000,1
0000001000000000011100000100,1
0000000001100000011100010010,2
0000001001110000010101110000,1
0000000000000000001000111000,1
0100000000010000011100000100,1
0000100001100000010100001000,2
0000001001110000001010000000,1
0000001001110000011110000000,2
0000000001010000000100100100,6
0001010000110000010000000010,1
0100000001110000001000000000,1
0000000000110000011000100100,1
0000000001110000000100001000,1
0000000001010001011000000000,1
0100000000110000010100101000,1
0000000000111000000001000000,1
0001100000110000011110100010,1
0100000001110000011000000100,1
0000101000010000011000000000,3
0100000010010000001100000000,1
0011100001010000011100000000,1
0111101001110000011000000000,1
0001100101110001010100000000,1
0000100110010000001100000000,1
0001100000110000000000000100,1
0001100000010000010100000000,1
0000001001000000010100100000,6
0000100000000000001110000000,1
0000100000010000001000001000,1
0000001001110000000100000001,1
0000001011100000010000000100,1
1100000001010000000000000000,1
0100100001011000010100100000,1
0010000011100000011101010000,1
0000000000110000000001000100,1
0100001001010000011000000000,1
0100100001100000011100000100,1
0000000001110000001110000000,6
0000100001110000011000000010,3
0000000101100000101100001010,1
0000000001100000011100001100,2
0000000001110000001000000100,4
0001110001110000011000000100,1
0000000001000000011000001100,1
0000001001010000011000000000,6
0000001000010100011000000010,1
0000000001110000011110010000,1
0000000000010000001000000000,7
0000000001110000011010100000,4
0000010000010000010000000000,1
0000001001100000010100001000,2
0100101001000000011000000000,1
0000001101110000011100000000,1
1000000011000000011000000000,1
0000000001010001111000000100,1
0000000001100000001010100000,4
0000100001110000001000101000,1
0000000001000000000010100000,1
0000100001110000011100100000,4
0000100001011000000000000100,1
0000100000000001001100000000,1
0000000000000000010000101010,1
0001100001110000101100001100,1
0000000001110000011000000010,3
0000000001110000011001100100,1
0000010100101100011100000000,1
0000001000000000001110000000,1
0100100001110000010000000000,2
0100110011110000011000000000,1
0000100101010000011000000000,1
0000001010110000010000101000,1
0000100001000001001101100000,1
0001100000010010011110001000,1
0000000000010000000110000100,1
0000000001110000011000101000,1
0000000000010000011010000010,1
0001110001010000101110100000,1
0000011001100100011100000000,1
0000000101101000011010000000,1
0000100001110000011101100000,1
0000000001010000000010000000,5
0000000011010000000110000000,1
0001100001010000001000001000,1
0000000000110000001100001000,2
0000000101010000110100000000,1
0100100001010000011000000000,1
0000000000110000001000000000,4
0000000011110000000000000110,1
0000100001001000010000000000,1
0001100001000000001000101100,1
0000100101100001101100000000,1
0000100101111000001100001000,1
0000001001100000011110000100,1
0000000001101100010000101000,1
0000010001100000001000000000,1
0001110101110000001000001010,1
0000000001001000011100101110,1
0000001001000100011000000000,1
0000001001100000000000000010,1
0000000000010000000100100000,3
0000000000010000001110000000,2
0001110001010000010000000000,1
0000100000010000010100011000,1
0000100001000000011000100000,1
0000001011110000011000000000,1
0000000001010000011000010000,1
0000000001010000000000001000,3
0000000000010000000000000000,7
0000000000010000011000000010,2
0001111000100000011000000000,1
0000110001110000001100000100,1
0000000001010000001001000000,2
0000100001010001110100000000,1
0000000001110000011101000000,4
0100010001010000011000000000,1
0000100000110100011010001000,1
0000100000010000011000000000,2
0000000101000000101011000000,1
0000110001010000001100000000,1
0001000001110000011000000010,1
0000000010110000001000000000,1
0000000000010000011100100000,2
0000000001010000010100001000,4
0000100001010000001000000100,1
0001100001110000011000001010,1
0001100000110000011110000000,1
0000000001010000011000001001,1
0000000000110000011100010000,1
0001000000110000011000000000,1
0000100101110000010001010100,1
0000000001110000001000000010,4
1000100001010000010100000000,1
0100000001010000000001000000,1
0000100001110000000000010000,1
0100000001010000011000000000,2
0000001011110000011100101100,1
0001100000100000010010000010,1
0000001000110000010000000000,2
0000000101010000011010000000,1
0000100000010000001000000000,1
0000100000010000011000000010,1
0000000000010000000001100100,1
0000100001010000110110000000,1
0110000001010000011000000100,1
0000000001110000010110000100,2
0000001000110000011000000100,1
0000000101010000010000000000,2
0000000000010001110010100000,1
0000101001010110011010000010,1
0000001001110000010000000000,2
0000000000110000010000001000,2
0000010000110000000000000000,1
0001010001110100010100000000,1
0000001000100000010100000000,2
0000100000110000010000000110,1
0000100100100000010100100000,1
0000000001110001010110000000,1
0001110011110000011100000010,1
0010100000001010011010001000,1
0000100000010100001000000000,1
0001100000100010011100010000,1
1000000001010000010000000000,1
0000100001110010000000000100,1
0001101001110000101000000100,1
0000010101000000000100000000,1
0000011001100000011100000000,1
0000010101100000001100001010,1
0000000011010001000000000000,1
0100100000110000010000000000,1
0000000001110000010010000010,1
0000010000110001101010000000,1
0000101001110010011010100000,1
0000100001100010011000000000,1
0000100001110000011001000100,1
0000000001010000010000010000,1
0000000000010000001101100010,1
0000000001010000000000000110,1
0000100001010000010000000100,1
0000100000111000001100001000,1
0001000000010000010110000000,1
0001000001110000001000000000,1
0000001000011000010100000000,1
0000000010000000001110001000,1
0000000001111000001100001010,1
0000000001010000011010001000,1
0000000001011000001100000000,1
0000100001110000001010000000,1
0000000000010001011100000000,1
0000000001110010011100000000,3
0001110000010000010100100000,1
0001110000000000011110000100,1
0001100000100010001000000010,1
0000110001110000001011101000,1
0001101001010000000000001010,1
0001001001100000011000000010,1
0000100000010000001000000110,1
0000000000110000011100100000,7
0000100000101100001000000010,1
0000100110010000011101100000,1
0000100100110000011100000000,1
0000000000111110001000000000,1
0001010001010000011100000000,1
0000100001000000011000000000,1
0001100001010000011100001010,1
0000100001110000011000001000,1
0000001001100000001100000000,4
1001110000010000011000001001,1
0000101000100000011000000000,1
0000000000110000000000000000,8
0001000001000010001100000010,1
0000000000110000000110000000,1
1000001010100000010100000000,1
0000100001100000001100100010,3
0000001001110111011000000000,1
0000100001010001100000000000,1
0000000000110000011110001100,1
0100110001110000011100000000,1
0000110001000000010010001110,1
0000111000000100011100001100,1
0010100000100000011110000000,1
0000000011010000011000100000,1
0000010011100000000100000000,1
0000000001010000011111100000,2
0000000000010000000010000100,1
0000000010011000011000000000,1
0000100001100000001100000011,1
0111000001110000010010000000,1
0100000001110000001110001100,1
0000000110110000011100001000,1
0000100001100000111100101000,1
0000000001100010011000000000,3
0010000001010000011100000000,2
1001100001110001011100000000,1
0000010001010000011010100000,1
0000001000010000011001000000,1
0001100000010000011001100000,1
0000100000110000001011000000,1
0100100001100000010000000000,1
0000000000010000001101100000,2
0000000011110000001100000000,3
0000000000100000011001000000,1
0000000001000000000010000010,1
0000000001000010011010000000,1
0000000000110000010100001000,2
0000001000010000001000000000,2
0000000001010100001010000000,1
0000000101110000011000000000,3
0000000001010000010000000100,1
0001000001110000001000100000,1
0000000100100000011100000000,1
0000100001110000011100001000,1
0000000001110001100001100000,1
0000000001110000000001000000,1
0000100001110000010011110000,1
0001000001000000011001100000,1
0000000011000000011000000000,2
0000000000100000001000001000,1
0000001000110000110101100100,1
0000000000010000010000100000,2
0000000011110100011000000000,1
0100000001000000000000000100,1
0000010001100000001000000100,1
0000001001110000011011000000,1
0000000001010000101100000000,1
0000000001000100011100000000,1
0001000001110000001100000000,3
0000000000010010101000000000,1
0000000000101000001100000000,1
0000000001011000011101000000,1
0000000001110000010001100100,1
0000000011100000011000000000,3
1100100001100000001000000000,1
0100000001000000011100001100,1
0000001001010001010000000000,1
0000000000011000000000000000,1
0000001001110000000100001000,1
0000000000110000011001011000,1
0000000000010001000000001000,1
0000000001110100001100000000,1
0000010001000000011100000000,3
0001100000110000001000000000,1
0000100011110000011000000000,1
0001000001100000000001000000,1
0000000001011000011000000000,2
0000000000010000001100001000,1
0000100001010000001010000000,2
0000111000110000011000001000,1
0000100001010000011000001000,1
0000000001010000101100000100,1
0000100000101000001100000100,1
0000000000100000011000100000,3
0000000001110000011001000000,2
0000000001000000011010000000,3
0000100001000000000000000010,1
0000000000010000010000000000,9
0000000001010000001011000000,1
0000000001000000000011000000,1
0000000000110000011000000010,2
0000000001110001111100000000,1
0000000001000000011000000100,2
0000001011000000011100100100,1
0000000001110010011100010000,1
1000000001110000011010000000,1
0100000010010000000000000000,1
0000100001110000000000000000,2
0000110001001101000001100000,1
0000001001100000001110000000,1
0010000001010000100000000000,1
0001100000010100011001100000,1
0000000000000000011100000100,5
0000100000011000001010001000,1
1000000001110000010110000100,1
0000000000110000011100101010,1
0000000001100000001010001000,1
0000000000100000100010000000,1
0000000100000000010100001000,1
0000000000010000000100001000,1
0001000001111100011000000001,1
0000100000010000000001000000,1
0000000001110000001100000110,1
0000010001010010011100000100,1
0000000001000000011100000010,5
0000010001110001011100000000,1
0100000001110000011100000110,1
0010000001110000001000000010,1
0000000000010000010100000111,1
0000000001000000011010000100,1
0000000000010000001010000000,2
0011000001010000011100000000,2
0000000001010001011000010000,1
0000100001110000001000010100,1
0011000001010000001010000000,1
0000001000110000001100000000,1
0000000001110000001001100000,1
0000000001010001011100001000,1
0000100001111000011000000000,1
0000000001110000011100000110,2
0100000001010000011101100000,1
0100000001110001111010000010,1
0100000001110000011100000000,5
0000000001000000011010001000,1
0000000100110000001100001010,1
0000000000101000001110000000,1
0100000001110000000100000000,1
0000000101110000011100000100,2
1100000001010000011101000000,1
0000000000010000111100000000,1
0000010001110010011110001000,1
0001100000010000011000100000,1
0000100000110000000100001000,1
0000100000010000001010000010,1
0000001000010000010100000000,2
0000011100010000010010000010,1
0000000000110000001000011000,1
0000100001010000001000011000,1
0000000001000000011110000100,1
0000100101111000001000000000,1
0000010000001100001010000001,1
0000000000110000001000001100,1
0000000001110000011001100000,1
0000000000010000000101000000,1
0000010000010000001010000000,1
1001100011010000000010000010,1
0000000011000000001000000000,2
0001100001010000011100000000,2
0000000001010000010001000100,1
0010000000100000011100000000,1
0000000010100000011000000000,1
0000000000011000000100000010,1
0001000000110000000000000100,1
0001000001110000010000000000,1
0100000000110000001100000000,2
0000100001110000000001000000,1
0000100000010001011100000000,1
0000000010000100010000000000,1
0001000001110000011100000000,4
0000000101110001011100000000,1
0000000111110000001010000000,1
0000000000010000001000001000,2
0000000101110000011000010000,1
0111000001100001010110000000,1
0000000001100000001010000010,1
0000100001000000011000000100,1
0000000001010000000010000110,1
0001110001000000010100111010,1
1100001000000000011000001001,1
0100000101100000011100000001,1
0000010011110010011111100000,1
0001000000010000011000000101,1
0000000000110000001010000000,2
0000100001110001011000000000,1
0111000000110000010100000000,1
0001000001110000011000000000,2
0000001001000000001000000000,1
0001110001000000010000000000,1
0110000001110000011000000000,1
0000000001100000001000001000,1
0011000001000000001110000000,1
0000010000110000001000000000,1
0000010000110000010100000000,3
0000000000110000011100001000,1
0001000000110000001000001000,1
0000000010110000011000000000,1
0000011001110000011100000010,1
0000100000110000001001001000,1
0000000010010000011100000000,2
0001000000000000010100000000,7
0000010001100000010000001110,1
0000101001100000001010110000,1
0000000001110000011000000100,4
0000000001010000011010000000,4
0000010001110000011100000100,1
0100100001000000011100001000,1
0001100001110000001000000000,1
0100110001010000001000000100,1
0001001001110000011000000000,1
0000000001000000001000101000,2
0000001001010000001000000000,3
0100000001000000001000000000,1
0010010000110000011100000000,1
0000000001001100001100000100,1
0000000000100000001010000000,2
0000000001110000001000000110,1
0000111000101100001000000000,1
0000000000101000010100000000,1
0000000001111000001000000000,1
0000000101100000001100000000,2
0000010101110000001000001000,1
0000011001000000001001100000,1
0000001000100000011100000000,1
0000000010010000011100001000,1
0100000001000000110000000100,1
0000001001010000001000000100,1
0000000001010000011101101000,1
0000000000011100001100000000,1
0000000001110000011000001000,1
0000001001110000011110000100,1
0010000011000000000110000100,1
0000000001010000001000000100,1
0100000001000111011000000000,1
0100000000010000011000000000,1
0000000011110000000100000000,3
0001000001110000011100001010,1
0000001001000000001000001000,1
0000000000010000000000000010,1
0001000001010000000000000000,1
0000101000110000001100000100,1
0000100011100100011110000000,1
0000000000000000011000010100,1
1100000001110000101100000000,1
0100000000011000011000100000,1
0000000000010000001000000100,1
0000100001000000011001101000,1
0000100001010000001100000010,3
1000000000010000010001000000,1
0000000000110000001001001000,1
0000000001010000001000101000,1
0000010000010000011000000000,2
0000000001110001001000000000,1
0000100001110000001000001000,1
0101010000000000011100000000,1
0000000001100000101000000010,1
0000000000101001110000000000,1
0000101001100010010100000000,1
0010000000101000011100000000,1
0000011001011000011100000000,1
0000000001100000100000000000,1
0000101000110000010100000000,1
0010000000000000011100000000,1
0100000101110000001100001000,1
0000000011100000000100100000,2
0001010001110000010000001010,1
0000001100010000000000000000,1
0000110100001000010100001010,1
0000000000101000010010000000,1
0111010000010000000100000000,1
0100000001110001110100010000,1
0000100001000000000010000000,1
0001100000110000010000000000,1
0000000001010001010100000100,1
0010100000010001011000010000,1
0001010100110000001100000100,1
0000010001010000011110000000,1
0000000001110000001001000000,1
0010000001110000001100000000,1
0000100010010000011000000000,1
0000110001111000000000000000,1
0000001001101000101100100000,1
0000000001010100011100000000,1
0000000101010000011000000010,1
0000100000010000011100000010,1
0000010001110000011000000100,1
0000000000111100011000000000,1
0000001101110000010100001000,1
0000000011100000011100000010,1
0000010001100000011110100000,1
0000000011110000001000000000,2
0000000001010000000110000000,2
0001100001000010011000000000,1
0000000000001000001000000010,1
0010000100000000010000000000,1
0000000101110000000000000000,1
0000000001000000000000001100,1
0000000001110000001000010000,1
0100000000010000010000000010,1
0000000000100000101100000100,1
0000000000100000000110000100,1
0000000000010001111100000000,1
0000000001110000000010000010,1
0000000011010000001011100000,1
0100000000100000011101101000,1
0001010001010000010110010010,1
0000000001110000011110100000,3
0001000000010001011000000000,1
0000110001110100011000000000,1
0001001101110000000000000001,1
0000000011010000001100010100,1
0100000111010000001100000000,1
0111100101010000000100000000,1
0100000000100000001000000000,1
0000100101110000001100000010,1
0111100000010000010000000000,1
0000000001100000001100100001,1
0000000001110000001101000001,1
0010000000110000000000000000,1
0000000010100000001010000000,1
0001000100000000011000000000,1
0100010001100000011100000000,1
0000000000110000000100011000,1
0000000001110000001100100010,1
0001100001100000011010000000,1
0000000000000000011110000000,4
0000000001100000011000010000,1
0000100001111000011110000000,1
0100000001111000011100010000,1
0000000101011100011000001000,1
0000100000010000011011101010,1
0000011001110000010100000000,1
0100100001110000001000000000,1
0000000001010000011010001100,1
0100000101110000001100000000,1
0000100011010000011000000000,1
0010100001101100011100000000,1
0000000000101000000000000000,1
0000000110000000011100000000,1
0100001001010010011000000100,1
0001101011110000000000000000,1
0100000001010001000010000000,1
0000000001000000010000100000,7
0000000111001000011000000000,1
0000001001110001000000100000,1
0000000001100000101000000000,1
0000000000110000101100000000,1
1000000001110000010100000000,1
0000100001110000011010000000,3
0000000000000001110011100100,1
1000000011000000000110000000,1
0000000001010010011100001000,1
0000000000010000000100110110,1
0000001000000000000000000010,1
0000010100001000010100000000,1
0010000001110000000100000100,1
0110000001010000011000000000,2
0010000000110000011100000000,1
0000000000010000010000001000,2
0000000000010000000000001000,2
0000011110110100011100100000,1
0010000001110001110000000000,1
0000000001010111011000000000,1
0000000000110100011100000000,1
0001010000000000001100000000,1
0000000001110100001001101000,1
0000001001010000010000000000,2
0100100001110000011000000000,1
0000100001010000001100000110,1
0000100000000000011000001000,1
0000000000010000010110001000,1
0010000000100000011000100000,1
0000000010110000011000010100,1
0100000001110000001000001010,1
0000101001010000001000000000,1
0000100001100000001010000000,2
0000000001100000001001100000,1
0000000000010000001000000001,1
0000000000110000011000000100,3
0000001000110000011000001100,1
0000010000110000001000100000,1
0000000011110000011100001000,1
0000000001001000001100000000,1
0000000011010000011010100000,1
0000000001111100000101000000,1
0100000010010000011100000100,1
0001001001010000001000000000,1
0000000000000010011000000000,1
0000001010010001010100000000,1
0000000000110000110000000000,1
0000001101010000000100100000,2
0000000001010000011100001100,2
0000001001101000011000000000,1
0000000001110000011110100010,1
0000100001110000010010111000,1
0000000100110000101100001000,1
0000000001110000011010000100,1
0000000001000001100100000000,1
0000000001110010011000000010,2
0000000001010000011101100000,3
0000000001110000011000000001,1
0000000001001100011100000000,1
0000100000010000000000000000,1
0000000001110010001000000000,1
0000000001010000010100000010,13
0000000000001000001000001100,1
0001000000110000100110000000,1
0001101001001000000000100010,1
0000100001110000000100100011,1
0000001000110000011000000000,1
0100100000010000011000000000,1
0000001001110000000010000000,1
0000010000100000101000001000,1
0000000001010000001010100000,2
0000000001010000011000001000,1
0010100000010010011100000000,1
0000000001110010011100000100,1
0001000000010000011000001100,1
0011000001101100011000000100,1
0000100001000000001000001010,1
0010001001110000001100100010,1
0000101001011100001100000000,1
0000001001110000001000000000,2
0001100101010000000000000000,1
0000000011110000000000000000,2
0110000000010000011100100000,1
0000000001010000001000001000,5
0100000011010000000100000100,1
0000000001110000001000001000,3
0000000101010010001110001000,1
0000100000110000011001000000,1
0000001001110000011100100000,5
0000110001000000001100001100,1
0000000001000001011100000000,2
0000001001111010001100000000,1
0001110001010000001100000010,1
0000000010010000000000000000,1
0000000001010000011000000100,2
0000000101110000011100000010,1
0000000001110000000011100000,1
0000100101110000010100000000,1
0000000001100001011100000000,2
0000000000011000001100000000,1
0000100001110000011110001100,1
1100000001110000000000101000,1
0000001111010000000000100000,1
0000001100110000011100000100,1
0000001001000001011100000000,2
0000001101100000011100000010,1
0000100001101000011100000010,1
0000100100011000010000000000,1
0000100000100000011011000000,1
0000000000110000100000000000,2
0011100001110000010000000000,1
0000100001110000001010000010,1
0000000001110000010011010000,1
0000000001110010010000000010,1
0000000000010000001100100000,3
0000100001110000010000000000,4
0010100001001000001000001010,1
0000001001100001001000000100,1
0000110001111000011000100100,1
0001110001110000011100000100,1
0000001000000000011000000100,1
0100100000000111001100000000,1
1000000001111000000000000000,1
0000100001101000000100000010,1
1000000001110000011000000000,1
0000000001011000010100000010,2
0000000011010000001100100000,1
0000000000010000011010000000,1
0000000000110001011100000000,1
0000001001110010011100000000,1
0110000000100000011000100100,1
0000000101010000001000000000,1
0100100000010000011110101100,1
0000100001011000011000000000,1
0000100000010000101110000000,1
0000000010110000001100000000,3
0000000000111000011100000000,1
0001100001111000001000000000,1
0000110001100000000100000010,1
0000001001100000101000000000,1
0000000000010000000000000001,1
0000000001110010101000000100,1
0000001011001000011100000000,1
0000000000110100011000000000,1
0000100000100010011000000000,1
0000101001100000011010000000,1
0000001000010000011011000100,1
0000000001111000011111100010,1
0000100000010000011000000110,1
0000000001111000000000000000,1
0100000000110010011100100010,1
0101000000110000010100000000,1
1100100001110000000100000001,1
0000000001011100000010100000,1
0000101001110000011010000000,1
0000000011000001111000000100,1
1110000001000000011000000000,1
0000000001110100011110000010,1
0000000001010000000110100000,5
1000100001100000000100000000,1
0000000101110000111000000000,1
0000100001110000001001000000,1
0000000100010001011000000000,1
0100000001110100010000001000,1
0000001001110000001010000100,1
0001000100010000011000000000,1
0000100001110000011100000010,1
0001100000010000010010000000,1
0000000000000000011000000100,1
0000000000110000010100100000,8
0000110001110000010000000000,1
0001000000000000001000000000,2
1000000001010000000001000000,1
0000000001111000011110000000,1
0000000000010001000100000010,1
0000000000010000010001100000,1
0000000100000000000100000000,1
0001000001100000011100101100,1
0000000001110000001000000001,1
0111110001010000011000101010,1
0000001101100000011000100000,1
0000000000100010011101100000,1
0000100101010000001000100000,1
0000000001010000011010000100,2
0000000000000000000010100000,2
0000010001010000001100000000,4
0000100111110000011110000100,1
0000110001010000010000000000,1
0100100001110000000101000000,1
0100000100110000011100000000,1
0000000001010110001100000000,1
0000101001000000010000000000,2
0000000110100000011101000000,1
0000000000110000011011100000,1
0001100001000000001000000000,1
0000100001000100001000000000,1
0000000001001000001000000010,1
0111000001000000010000000000,1
0000000000101001011100000000,1
0000001000010000010000000000,3
1100000001110000011100000000,1
0010000000010000010001000000,1
0000010001000000011000100000,1
0000101001010010011100000000,1
0001100001011000000100100000,1
0001000000110000001000000000,1
0000000001010000011000100100,2
0000000011100000011000000010,2
0000001000010000010110000110,1
0000000001011000000000000010,1
0000001001000000001000000010,1
0000000001110001111000001000,1
0010011101100000000101001000,1
0000000001010000011101100100,1
0010001001110000011001100100,1
0001100011010000000000100000,1
0000100011110000001101000000,2
0000000001110000010100010000,1
0000000001010000010001100000,1
0000000001101000001000000000,1
0000100101110000010000100000,1
0001110001000000011100000000,2
0010000000100000010100000000,1
1000100000110000001000000000,1
0110000000110000011000000000,1
0010000000010000000101100100,1
0100000001110111011100000000,1
0000000011001100011000000000,1
0000010010010000001000000000,1
0000010001000000011000000010,1
0001001001000000011110000001,1
0000011100110000010000100000,1
0000001001000000011100000100,2
0000011110110000011000100010,1
0000011001100000011000000000,1
0000000000010100011000100000,1
0000100001100000000000000100,2
0110000000101000000100000000,1
0001000011010000011100000000,1
0000000000100110011101100010,1
0000000100110000011000000000,1
0000001001010000001100000100,1
0100000001010000011000100000,1
0110000001111000001000000000,1
0000000001110000001010001100,1
0000000000010000001100000010,3
0100000001010000011000000010,1
0000000100010000010000001000,1
0000000000000000110000010010,1
0000000000010000011010100000,1
0000000001000000010110000010,2
0100001001110000000000000000,1
0000000000110000011000001000,1
1000010001110001000000000001,1
0010000001010000000000001000,1
0010000101010000011000000000,1
0100000001110000010000000000,1
0000000001110100000001100000,1
0000000011010000011100000010,1
0000000001100000011001000010,1
0000111001110000010100011000,1
0000000100110000111100000000,1
0000100100000000001000000100,1
0000001001110000011110111000,1
0000000001110000001100110010,1
0000100001110000001000100100,1
0000000000010000000010000000,3
1110000001000000001000000101,1
0000001000010000001000000010,1
0000000000000100011001000000,1
0000000001110000000000100100,1
0000010001000000001000100000,1
0000000001000000001110100000,2
0000100101010000001100000000,1
0000000001010000110000000000,1
0000000101010000011101100000,1
0001000000010001001000000000,1
0000000001110000101000000000,1
0111000000010000001010000000,1
0000001001010000010000100000,1
0000010001010000000000000000,1
0000000000000000011000100000,4
0000000101110000011110100000,1
0000000001110000010000000010,2
0000000010000001010011100000,1
1001110000110000011100000000,1
0111001001010000011101000000,1
0110000000010000011000000000,1
0001100011110000011000100001,1
0000000011010000000000000000,1
0000000000110100010000000000,1
0001100001110000000000100000,1
0001100000010000001000001000,1
0000000000100001011100000000,1
0000000011010000001000000000,2
0000101000110000000000000000,1
0000000001110000011101100010,1
0000100001100000000001000010,1
0000000001000000001010100000,1
0000000001010000000101100001,1
0000001001100000000000100000,1
0000000001100000011001000000,1
0000000001100000001110000001,1
0000001000110000001000000000,1
0001001001110000010100000000,1
0000000111110000100000100100,1
0000000001110000010000000110,1
0000000101010000111000000000,1
0000101000010000000000000010,1
0000000000000010000000100010,1
0000000000110000001000100110,1
0001100001110000011110000000,1
0001100001110000001010000000,1
0010100001000000000100000010,1
0001001000110000000001000100,1
0000000000010000000001100000,1
0001100010100000011000000000,1
1100100001010010000100000001,1
0000100000010000001100000100,2
0000000001101000011010000010,1
0000000001000011001000000000,1
0000000001010010001100000010,1
0000000010010000010000000000,1
0100000001110000001000101000,1
0000000001110000000000000100,1
0000000001110001011100000000,4
0000000001000000011100001010,1
0000000000100000001000000010,1
0000100000010000011000100010,1
0000000101010000111000000010,1
0000000001101000011000000100,1
0101000000010000000010000000,1
0100000000010000000110000100,1
0001001001010000010100000000,1
0000001001000011000110000001,1
0000001001100000011000000010,1
0000010101110000010100000010,1
0000100011110000000100000010,1
0001000101100100001110000000,1
0000000000100000011100000010,3
0010010001000000001100000000,1
0001101001010000011000000000,1
0001101001100000011000000100,1
0000000000010010011000000000,1
1000000000010000100100001000,1
0100001011010000011000000110,1
0000000000100000100000000000,2
0000100011100000110100000001,1
0000100000010001011010000000,1
0000000101100010011000000001,1
0101101110100000011000000000,1
0001000001010000001110000000,1
0000000000101000011000000000,1
0000101001010000011000000010,1
0000000000100000000100000010,3
0100000001010000001111010010,1
0000000011100000000100000000,1
0000000001110000011000010000,1
0000100000110000011100010100,1
1111100000000000001111000000,1
1000011001100000011000000010,1
0000100001110010010100000000,1
0000010000010001000000000000,1
0000000101001000000100000000,1
0000100000010010010110000100,1
0000001000010000011100000000,1
0000000000010000001000000010,1
0000001000110000011100000010,1
0000000100100000011000000000,2
0000000000100000001101000000,2
0000000011011000011100000000,1
1000000001100000011100000010,1
0000000001010100011000000000,1
0000000001010100010000000000,1
0000100101110000011000000100,1
0000000001010000001010000000,2
0101000000110000011000000000,1
0000000000000000000000000010,1
0000000000000000000110000000,5
0001100000110000011100000010,1
0000000011110010011000000000,1
0000100101110000000100000100,1
0000101001110000001000000000,1
1000001001110000011010000100,1
0000000100010000011100000000,1
0000100010010000001000000000,1
0000000000000000011000110000,1
0000100001100000000100101000,1
0000010000011100101010000000,1
0000000000110000010001000000,1
0000101000110000011000000000,1
0000000000110000010101100000,2
0000000000010000001000001111,1
0000000001101000000000000010,1
0000101001000000011000000110,1
0000100001110010000001100100,1
0000000001111000011010000010,1
0000000001000100011001000000,1
1010000000010000011010000000,1
1111000001010000011100000001,1
0010010000010000011000000000,1
0000000101110000010100000011,1
0000101001000000000000000000,1
0000101000000000110100101000,1
0000000000010000011000000100,2
0000100101010000000100000000,1
0001000001010000011100101010,1
0011000001010000011100000100,1
0000000001010000000010001000,1
0001100001110000010010001000,1
0000000001010000011110110100,1
0000000000110000001000000010,1
0001000001000000001100000000,3
0000100001010000011000001100,1
0000101001110000010100000010,1
0000000100010000010000000010,1
0000000000110000001010000010,1
0000000001101100010100000100,1
0000000001100010011100000001,1
0000000100000000001000000000,1
0000000000010000000100110000,1
0000100001110000000010000100,1
0110100001100010011110100000,1
0001000001100010011101000000,1
0000000001000111011100000100,1
0100100001110000001000100000,2
0000110001110000001010000000,1
0000000000000000001010000000,1
0000100000010000000110000000,2
0000001001011100010010000010,1
0000000001010100001100000000,1
0000010001100000011000000000,1
0000000011000000011000000010,1
1100001001110000001100000000,1
0000000001100000001000000100,2
0000000000111100000100000000,1
1000000000100000001100000000,2
0000100000100000011000000000,2
1100000011110000011001000001,1
0001100001100000011100100000,1
0000001001000000010010000000,2
0000000001100111011110000000,1
0100000000010000010000000000,1
0000000001110000101100000000,4
0000000001110000000100011000,2
0000001001010110010100000000,1
0000001000000000011100000010,1
0001001001110000001100000010,1
0000000001110000010011000100,2
0000000001010000000100001000,2
0100000000110000011110000100,1
0000011001110000000010000000,1
0000100001010000001110100000,2
0011110010000000010100000000,1
0000000101111000000100000110,1
0111000001110000011100000000,1
0000001001010000011110000000,1
0000100110110000011100000000,1
0000100101000000011100000000,2
0000000001010000010010000001,1
0001000011001100001100000000,1
0000000010010000000011000000,2
0001100001010000000100000000,1
0000100101010000101100010000,1
0100000001110000011100000010,1
0001000001010000011100000010,1
0000110001010000000100000000,1
0000100000110000010111000000,1
0000000101011000011010000000,1
0000010001110000011100000010,1
0000100001010010011100000010,1
1000000001010000001100000110,1
0000000000110100010100000110,1
0000000001000000011100100100,3
0010110001010000010100000000,1
0000001001100000010110000100,1
0000000001010001011101100000,1
0000000001010000011000000001,1
0001100001010001011100000000,1
0000001001110000001100000000,4
0001000001100000100100000010,1
0000000001110000010001000000,1
0001100000000000001110000000,1
0000000001110000011101100000,1
0000100001010000011010000100,1
0000000001110000001011100000,1
0000000001011000011100000010,1
0000000101110000001000000000,1
0000000101110000000100100000,2
0000100001110000011100001010,1
0000000010110000011100000000,1
0000011001110001001100000000,1
0000000001000000011101000001,1
0000001001110000010100000000,5
0000010000010000000100000000,1
0000100001010000001010001010,1
0000111000010000010110000010,1
1100100001010000010010000000,1
0000001001110000001110000000,1
1000000001010000001100000010,1
0001100101110000011100000100,1
0000011001110000001000000000,1
0000010001110000011100000110,1
0001101001110111010010000100,1
0000011000100000011100100000,1
0000000000000000011100000010,3
0000000000110000011100111000,1
0010000101010000011101100010,1
0000001001010000010100000100,3
0100001001110000011100000000,1
0000000111010000011100000010,1
0000000011010000001110000100,1
0000000000010000011101100001,1
0000000100000000111100001000,1
0000000011000000011100000100,1
0000100001000000000100100000,3
0000000001101000000100000010,1
0110100101110000011100000000,1
0000001001000000001100000000,2
0000000000010000011101000010,1
0000000001110000011000110000,1
0000000000010000000101110000,1
0000001001110000011101000000,1
0000000000010000011100001001,1
0001000001000000011100000010,1
1100000001010000000100000010,1
1000000001110000011100001000,1
0001000000100010011100000000,1
0000100000000000011100010010,1
0000100000100000011100001010,1
0000010000000000001100000010,1
0000001001110011111100000000,1
0000000000010000011100000111,1
1000100001110000000100000000,2
0000000011010100010100000000,1
0001000101110000011000000010,1
0000000001010000001111000111,1
0001000001110000010100000000,6
0000000101010000010100100000,2
0000000001110000000100000110,1
0100000000100000011100100000,1
0000001001000000000000000000,1
0000000001110000100000000000,1
0000000001011000000100000100,1
0000001001010000000100100000,3
0000000001010001000100000000,3
0001000001110000001110000000,1
0111000001010000001100000000,1
0000010000100000001100000100,1
0001100001010000011100000110,1
0100000000010000010100000000,1
0000100101001000001100000000,1
0000000001100000010101100000,5
0000000000010100010100110000,1
0001000000010000001100000110,1
0000000001100000010110000100,2
0000100001010001000001000000,1
0000001000010000000111000000,1
0000000001110100000100100000,1
0000000101100000000110100000,2
0010000010110000010100000010,1
0100011001100000011100000000,1
0100000000000000000100000100,1
0001100001110000011100100000,1
0100000001110000001100000000,1
0000100001100001010100100000,1
1100000001110000001100100000,1
0000001001000000010100001110,1
0000000001101000011100000100,1
0000001001000000010100000100,2
0000011101000000010100000000,1
0000000001110000010110100100,3
0000000001110100010101000000,1
0000100000101000011100000000,1
0000100010010000011101000000,1
0000001001110000000100110000,1
0000100000000000010101100000,1
1000001000000000011100100000,1
0000001001000000000110000100,1
0000100000010000011100100100,1
0000010001110010010100000000,1
0000110001110000001110000000,1
0000100001100000010110000010,1
0101111001010000011100000000,1
0000100111110000011000001100,1
0000100000100000011001000000,1
0000100000100000010101000000,1
0000001001100010001100000010,1
0000100001000000001101000000,1
0000000001010010001101000000,1
0100000101101000011000100000,1
0000000101110000001101000000,1
0000000001110100011000000000,1
0001000001110000000100000000,2
0000000001000000011011100010,1
0000000000100000001100000010,2
0000100000000000000100000010,1
0001000001000000001100000100,1
0000100000000000010100000100,2
0000000000100000000111100000,1
0000101101110000000110000000,1
0000110001010000111101100000,1
0000000001100000011100100100,4
0000111001011000010110000000,1
0000000000000000011010000000,1
0001110000100000010100000000,2
0000100000111000011000100000,1
0000000001010000001101101010,1
0000100001110000010100000010,1
0000010001010000000100000000,1
0000100001110000011100100001,1
1100000001000000001100101010,1
0001000001010000000100000000,2
0001110011000000000000000000,1
0001101001100000010100000000,1
0001110000010000001110000001,1
0000001001110000010100000100,3
0000000000110011111110010000,1
0000000101100000010100110100,1
0001000000100000001000100000,1
0000000000000000100100000010,1
0000100110110000010010000000,1
0001110000010001010100000010,1
0000000001100011011100110100,1
0000001001010000010110100000,1
0000010001110000011100100100,1
0000000001110000010000010010,1
0000001000011000011000000000,1
0000100001010000011001000000,1
0000100000100000001101100000,1
0000100001010000010000101100,1
0000110101010000001100000000,1
0000000001011110000100000000,1
0000101001110000011100000000,1
1001000001010100011110000000,1
0000000100010000011110000010,1
0100000000100000001100000000,1
0000000101100000011100000000,1
0000100001110010011100000000,1
0000111000100000001100000000,1
0000000001110001101000000000,1
0001100000001000010100000000,1
0001000001110110000100110000,1
0000110000010000011100000000,1
0010000001010000010100101000,1
0000101001110000010110100000,1
0010000000000000011000000000,1
0000000100010000000010000000,1
0000100001010000011111100000,1
0001100001000000001100000000,1
0000000000000000011100100100,2
0000100001010100011100000010,1
0000000001011000011100100000,1
0000100000100000000101000100,1
0000110001110000011110000110,1
0000100001000000011011100000,1
0001100001000000011100000000,2
0000000001110000010110100010,2
0000000001110000011101000100,1
0000000001110000000111100000,1
0010100000000000000100000000,2
0000100001010101010100000010,1
0000101001110010000100000100,1
0100000000100000110101100000,1
0000001000100000001100000000,2
0000001000100000000100100000,3
0000101001110000011100111100,1
0000000001110000010100100010,8
0000000001100000010000100000,4
0000000001010010001100000000,1
0000110101110000010100000100,1
0000001001100000101101100000,1
0100000101110000011100000000,1
0111001001110000000100000100,1
0000000000110000000000000010,1
0001100001110000010110000000,1
1000000001110000000010000000,1
0000000000110000011100011000,1
0000000001010000000100011000,1
0000000000100000001100111000,1
0000000001010010011100100000,1
0100100001011000010000000010,1
0000110000000000011001000000,1
0000000001110000011111100010,1
0000100101010000010100000000,2
0000000101011100000100001000,1
0000001000000000010011011000,1
0000010001011000011100000000,1
1000101010110000001101000010,1
0000000001010000001100100100,2
0000001101111100011100000000,1
0000000001000000010111100000,2
0000000000110000010110000000,4
0000010001010000011110000010,1
1000010001000000010100000110,1
0000000001010000001010000010,1
0100000001010000001110000000,1
0000000001010000010111000010,1
0100001000010000000100000100,1
0001000001100000010100000010,1
0000000001000100000110000000,1
0000000000100000010000000100,5
0000000001010000010110100000,5
0000000000110000000100000100,2
0001100000010000011100000100,1
0000000000110000110100000000,1
1100000001010001001010100000,1
0000001001010000011100000100,1
0010000001100000000100010010,1
0000101001110001010100000100,1
0000000001010010010100100000,2
0100000001000000011100000000,1
0000000001001000000100000000,3
0000001001101100011100000000,1
0000000001000000000101000000,2
0000100001000000000000001000,1
0000000001000000000110100010,3
0100000001110000011010101000,1
0100000000000000010100000100,1
0000011001100000000101100000,1
0000110001100000010110000000,1
0000000001100000101100000100,1
0000000001011000010100000011,1
0000000101010100001100000000,1
0000001000000001000110100100,1
0000000001100000010001100000,2
0100001010100000011100000000,1
0000000001000000111000001000,1
0000100001110100000100000000,1
0000010000000111010100000000,1
0000000001110001110100000000,2
0000101000000000000101100000,1
0000000011110000001100000110,1
0000000010010101010110000000,1
0000100011100011011100000000,1
0000000001110011011100000000,1
0100100001110010010100000000,1
0000000101110000010100100100,1
1100000001010000001100000001,1
0000000001001000011100000000,3
0000100001010000010010100000,3
0100010001100000010000000000,1
0011100001000000000100000000,2
0000000001100000001100001100,1
0000100001100000001100001100,1
0000001001100000100100000010,1
1000000001100000010100100000,2
0000000001000000001101000000,2
0000010000100000010000000000,1
0000000001000000100100100000,3
0000100011010000000100000000,1
0000001001010000001101000000,1
0000000000000000001001000000,1
0000000001110000100100000000,2
0000000010000000010100000000,2
0000000001100000010100000110,2
0000000001000000110110100000,1
0000000001100001101001000000,1
0000100000110000000100100100,1
0000000101100000001000000000,1
0000101001010001110100000000,1
0100000001100000000100000100,1
0011000000100000010100000000,1
1000001001101000011100100101,1
0000101100000000010100000100,1
0000010110000000000100000100,1
0100010001100000000110000010,1
0000000001110101010100000000,1
0000100001101100010100000000,1
0001100111000000010100001000,1
0000100000010000010100001100,1
0000100011000000010110100010,1
0000010101100000011000000000,1
0001011100000000001100000000,1
0000001100010000101101000000,1
0010100000110010000100000000,1
0000000000000000001110001000,1
0000000001100000000100100000,16
0000000001000000011101100000,2
0000100001110000010100101100,1
0001100000110000011100100000,1
0000000010010000000100100000,1
0000000000000000011110100000,2
0000010001010000010100100000,1
0000100001000000000100100010,1
0100001001000000000100100000,2
0001100001110000010000100000,1
0000000101010000001010100100,1
0000000000100000000100100010,2
0000000001000000011110100000,3
0011000001110000001001000000,1
0001000000110000000100100000,1
0001011000010000011100100000,1
0000000001001000011100100000,1
0000001001010001000100100000,1
0000000000110000000100100000,2
0000011001110000011100100000,1
0000000001110000011100100110,1
0001000001110000010100100010,1
0000001001100100001100000100,1
0000000001010100000100100000,2
0000000001010000000100100010,2
0000011001010000011100100100,1
0000110000100000010100100000,1
0000000011110000001110100000,1
0000001001010100000100100000,1
1101000010000000010100100001,1
0000000000000000100101000000,1
0000100001010000000100001010,1
0000000001011010011100000010,1
0000000100010000010000000000,1
0000100001100000010100100010,2
0010000000010000011100000000,1
0000101000010000000100100000,1
0000100101010000011000100000,1
0000000000110000010100100100,1
0000100001100100011100000000,1
0001100001010000001101100110,1
0000000001110001001100100100,1
0000000000110000000100100010,1
0000000001110000000100100010,2
0000100101110000010100100000,2
0000001001111100100100100000,1
0000000001010000000111000000,2
0000000001000000011000101100,1
0000000101000000010100100000,4
0100000001100000000100100000,2
0010000001100000000100100000,2
0000100000100000010100000010,3
0000000000000000000101000000,1
0000000001110000000010100010,1
0000010000110111111100100000,1
0000110000000000010100000000,2
0000000100110000000100000000,1
0100000000100001110100100000,1
0000001101000000011010100001,1
0000000100110000010100100000,1
0000100001111000010100100000,1
0000100000000010011100101111,1
0000100101100000001100100000,1
0110100000110000001101000001,1
0000001001000000011101100010,1
0000000001000000000110100000,2
0000000000000000000100111110,1
0000011000110000011100000000,1
0000000001110000010001100000,1
0000100011010000010110100000,1
0000000001110010000100100000,3
0010000000110000010000100000,1
0000000000110000010100010000,1
0000011101110000001100000000,1
0000000001010000011110100010,1
1000000001000000001100100000,1
0000000000000000100100100000,2
0000010001110000000011101000,1
0000100001010000010000100100,1
1000100001100000011100100000,1
0110000000000000010100100000,1
0000001001010000010100100100,1
0000100001010000000100100010,1
0000000001010000001100100010,3
0000000001101000011101100000,1
0000000001110000000110100000,5
0110000001010000010111100100,1
0001100001010000010110100000,1
0000010001000000011100100000,1
0000000001100001100100100100,1
0000100010100000010100100000,2
0000011001000000000110100000,1
0000000000100000010110100100,2
1010000001100100010100000000,1
0000000001000000010100100100,4
0010000001000000010110100000,1
0000000001100010010100100100,1
0000000000000000010010100000,3
0000000011100000001110100000,1
0000000001100000001010100010,1
1000100000100000010100100000,1
0001110000011000010100000000,1
0100000001110000011110100100,1
0010000001100000011100000000,1
0000001000010010010100100000,1
0000000101110000010100100010,2
0000001001000000010010001000,1
0000001001110000010101000000,2
0000000001110000010101000100,1
0000000001100000000100100110,1
0000100000100011010101100000,1
0001100000100000000000100000,1
0000000001100000010100100010,8
0000000001000000001100100100,4
0000000010000111010100100000,1
0000001001100000010101100000,1
0100000001010000010100100000,1
0000100011110000011100100000,1
1000000000100000001100100000,1
0000000000010101011110100000,1
0001100000110100011100100100,1
0000100000100000011100000100,2
0000001001110000000100000010,1
0000110000100000000110000000,1
0000000000000000010100001000,2
0000001000110000001010000000,1
0100000000010000010110000100,1
0000000001011110011100000000,1
0000101000100000010100000000,2
0010000001000000010100000000,3
0000000000000001011100000000,1
0000000001100000001100000001,1
1100000001000000001110000001,1
0100000001111100011100000010,1
1000100001001000011100000000,1
0000000001010000010111000000,2
1000000001000000010000000000,1
0000000001110000010110000010,2
0000000000000000001101100000,1
0000000000000000011000000010,1
0000000001110000001101000000,1
0000000100000000011110000000,2
0000100000100000011100000010,1
0000101001110010011100000000,1
0000000000010000010100100110,1
0100100011110000000100100000,1
0000000011110000011110000000,1
0001100001000000000100001000,1
0000010000110000011110000000,1
0000000001100000011101011010,1
0000000001100000000101010000,1
0001011001010000000100000000,1
0001100001110000000110000100,1
0100100001000000001110000000,1
0000010001100000000110000000,1
0000000001110100000100000010,1
0000010001000000000100010000,1
0000000001000000011100000110,1
0000100001110000101100000000,1
0000000001100100000100000100,1
0000101001000000001000000100,1
0001000001100000001110000010,1
0000001000110000011101100000,1
0000000000100000001110100000,1
0000100000010000001010000000,1
0000000010000000001100000010,1
0000010001010000000110000000,1
0000000000101000000100000010,1
0000000001100000100100000010,1
0000100010100000000100000010,1
0000000110010001000100000000,1
0010000001100000010110001000,1
0000010101000100010110000000,1
0000000010000000001000000000,1
0001000001000000100101000000,1
0100000001000001001101000010,1
0000000000000000000100000101,2
0000000000000100010100000000,1
0000000011100000010100000100,1
0100000001000000000101100010,1
1010000001110000010101000000,1
0100001001000000001000000010,1
0000000101110000000100000000,2
1000000000000000010101100100,1
0000001001000000010100000010,2
0000000001100001100100101100,1
0100100001110000110010000100,1
0000000001110100010100000000,2
0000100001010000001000001010,1
0000000001110001010100000000,2
0000001010100000011100000000,1
0000000001010010000100000000,3
0000000000010000001100000100,1
1000000011110000011100000000,1
0000000001100010000100011010,1
0000100001100000010010000010,1
0100000101010000111101000000,1
0000000000110001010100000010,1
0000000001100001101100000000,1
0000000001110000000100010000,1
0001000000100000010010000000,1
0000001101011100010100000000,1
0001000000000010010100000000,1
1101110000100000010100000001,1
0000000001101000010110000000,2
0001000001000000011100000000,2
0000000101000000010101100000,1
0000000000100100011000000000,1
0000100011010010010000000000,1
0010100000111000001110101000,1
0000000001110110011100000000,1
0000010001010000010101000010,1
0000000000110001000010000000,1
0101000001110000010100000000,1
0000000001100001000000000000,1
0101100000010000000111000000,1
0000010001100000000100000000,3
0000000100100000001100000100,1
0000000011110000011100000000,2
0100000001100000010100000000,3
0000000011110000010100000000,3
0000000001000000010101100010,2
0000000000000000010001000000,1
0000000001110000010100000110,3
0000100001000000010100000110,3
0001000001011100010100000000,1
0000000001100000010100110110,1
0101110001100000010000000000,1
0000000001100000010000000010,1
0000000001100000010110000010,1
0000000000100100010010000000,2
0000000001000001010111100000,1
0000100001010000010110000000,3
0000000010100000001100011000,1
0000000000110000010100000001,1
0010111101010000001100000000,1
0001000000100000001101010100,1
0100000001110000000000000000,1
0110000001000000010100000100,1
0000001001110000010100101100,1
0000001001110001110100000000,1
0000100001100000010100000110,1
0000000001100000000100111000,2
0000000001110000010100010010,2
0000000101110000010101001000,1
0000000000100000100100100000,3
0000001000000010010101100100,1
0000000001110000010111100000,2
0001000001010000000110000000,1
0000001100001000010000000000,1
0000001101000000000100001000,1
0000010001000000001110000000,1
0001000001000000000110000110,1
0000000001110000010000001000,1
0000000001100001010100001000,1
0000000011010100000110000010,1
0000000010110000010100000000,1
0000001000011100010100100000,1
0000000001100000010100101010,1
0000000000010010001100000000,1
1100000001100000001001100011,1
0000010001110000000100000100,1
0000100001100001011100100100,1
0100000000100000000010100000,1
0000010001100000010110000000,2
0000000001111000010000000000,1
0000000001100100011000000001,1
0001000000000000011000000000,1
0000000001100000010110100100,4
0000000001100000010100011000,2
0000000011000000010100000010,1
0000000001100010001100100010,3
0000001001010010000100001000,1
0000000101100000010000000010,1
0000000001100000101100000010,1
0000000001000000011100101000,1
0000000011100000000000000000,1
0000001001010000010110000010,1
0010000000000000001100101100,1
0000011001100000000000000000,1
0000000001100001001100001000,1
0000001001000000100100000000,3
0100000001011100010100000001,1
0000011101010000010100000000,1
0000001010000000010100000000,1
0000001000000000010100000100,3
0000100000000001010000000000,1
0000000001000000111000000000,1
0000000001100001010110000000,1
0000000111100000001110000100,1
0000000001000000110100000000,1
0000010001110000011100001000,1
1100000001000000010000000001,1
0000000110100000010100000000,1
0000000010110000000100001100,1
0100000001000010010100000000,1
0000000000110000001100100100,1
0100000000100000000100000000,2
0010001001110000010100010000,1
0010000101110000010101000000,1
0000100001110000001101100100,1
0000000110010000011110100000,1
0000000001110000000110000100,2
1011100001000000101110000001,1
0000000011100001110110000000,1
0000010010110000000100000000,1
0000000000000100011100000000,1
0000000011100000111100000000,1
0101000011110000010000001000,1
0000001000000000000100000000,3
0000000001000000010101100100,1
0000000001100001010100000010,1
0000100001110010010100001000,1
0000000000100000000111101000,1
0000000000001100000101000000,1
0000000001110000100100001000,1
0000100100000000010100000010,1
0000000000100000010100110000,2
0000010001100000001100000000,2
0110000000000000000101000000,1
0000000101100000010100010000,1
0000000001010000010000000110,1
0000000001110001010110000100,1
1000000001100000000100000000,1
1010000001100001000000000001,1
0000000001110001010100000010,1
0000100000100000100100000000,1
1000000000100000010100100010,1
0000000000000000010010001000,1
0000001001000001000000010000,1
0000000001000000010001000000,1
0000100010000000010100100000,1
0000010001001000000100000100,1
0000010000110000000100000000,1
0000100000100000010100001100,1
0000000011100000100100010000,1
0001000011111100000100101000,1
0010001000100000000110100010,1
0000010100100000010100001000,1
0110000001110000001000000100,1
0000000001000000000110000100,1
0000101001000000100100000000,1
0000000000000010010100100100,1
0000000000000000010101100000,1
0000010001010000000100100000,1
0110000000100000100100000000,1
0000100001000001110100000000,1
0100000001000000001100100100,1
0010000101010000010100000010,1
0000001001000000001100000010,2
0000110101100000000101110000,1
0100000000100100010100000000,1
0000110000100000100100000000,1
0000000001100000010101011000,1
0000000101000100001100000000,1
0001000000100000010101000000,2
0100000111000000010100000010,1
0000000001010010011100001010,1
0000000001000000000100110110,1
0000000001110100010100001000,1
0000000001110000010100001000,3
0000000100100000010000000000,2
0000011101010001000100000000,1
0000000000010000010100001010,1
0100000000000000000000001000,1
0000000001100100000100100000,1
0000000001000000000110000010,1
0000000001100000011100111000,1
0101100001100000010000100010,1
0100001101101000000100100110,1
0000000010000000000100000000,1
0000010001110001000101100000,1
0000000100110001010100000000,1
0000001001000000010000000100,1
0000001011001000000100000000,1
0000000000111100001100000000,1
0000010000011000010000000000,1
0000000001000000000100001000,2
0000000001000000000011000010,1
0000000101100000010100000000,6
0000011001000000001100000100,1
0000000001000100000010000000,1
0001000001000000001100100010,1
0000010000100000010110000100,1
0010000000000001011100000000,1
0000000101101100001000000000,1
0000000000000001001100010000,1
0000000001100000011001100000,1
0000000001100000011110000100,2
0100000001100000000101100000,1
0000010000000000010100000000,3
0000000010110000000100000000,1
0000001101110010010100100000,1
0000000001100000000101110000,1
0000000001100000000100010000,3
0000000011100000010100000000,3
0000001001010000000100000100,2
0000000000100000010110000111,1
0000100001010000010100000010,1
0000000001000000001000000100,2
0000101000100000000101001000,1
0000001001100100000000000000,1
0000000000000000000100100010,4
0000000001111000010110000000,1
0000000110010000000100000000,1
0000000000100000000000000010,1
0001000001010001010100000000,1
0000000001111000001100000000,1
0000000000000000011100001000,1
0000000001001101001100100000,1
0000000011110000010100001000,1
0000000001000001010110110000,1
0000000101110000001100001000,1
1000000001100000010100000000,1
0000100000100000000100000010,2
0100000000010000000010000000,1
0010000001101000110101000000,1
0100000001100001110100100100,1
0000100001000110011100000000,1
1000000001010000010110100000,1
0000000001100000100110100100,1
0000000101010000010100001000,1
0000000100110000010100000100,1
0000010000100000010101100000,1
0000001001010000010100010000,1
0000110001110000010010010000,1
0000000100100000001100000000,1
1000000001010000000100000000,1
0000000000000100010110000000,1
1000000001000000000101000000,1
0001000000010000010100000000,1
0001000001100000000100000010,1
0010001001100100001100000000,1
0000000011010000000100000100,1
0001000010000100001100000000,1
0000110001110000010100000100,1
0000000001010000010101100100,2
1100000001110000001100000001,1
0000001001010000000100100010,2
0110001001000000001100000000,1
0000010001110000001100000000,1
0000000000100100010100000100,2
1100000001000000011100000001,1
0000000001110000011101111000,1
0000000001110000001100101100,1
0000010001010000000010000000,1
0000000001010000000100100001,2
0000000000000000010101000100,1
0000000010000000010100000111,1
0000000001110000000100000100,2
0000010001110000010000000100,1
0000000101111110000110000000,1
0000000001110001110110100000,1
0000000000100110010000000000,1
0000000000000010010100000000,2
0000000001100000011101000010,1
0000000111100000001100000000,1
0000000000111100010100000010,1
0000001100010000010100000000,1
0000000000100010010100000000,1
0000000001110000000100100100,3
0000000011110000010100100000,3
0000000000000010011100100000,1
0000000000100000000100000100,2
0000000001010000000010100000,2
0000110001110000000100100000,1
0000010000100001101100100000,1
0100000001000000010110000000,1
0010000000100000010000000000,1
0000001101100000001100000000,1
0000011101100000001000100000,1
0000001001101000010100000100,1
0001000011101100000101100010,1
0001000000000000000100100000,2
0000001001010001010100000010,1
0000101001000000000100000001,1
1100000001000000011110000000,1
0000000001000000001000000010,1
0000010000110011010100000000,1
0101100001100000101100000000,1
0100000001100000001000000001,1
0000000000100001101111100000,1
0000101000110000010010000000,1
0000000000110001010100000000,1
0000110001100000010100000100,1
0000000000100000010100100110,1
0001000001100000001000000000,1
0000000000010000010100101111,1
0000000000010000011110100000,1
0000010000100000110100000110,1
0100000001000000000110100000,1
0000100001010000010100100010,1
0000000000000100001110000000,1
0001010001010000010100000000,1
0000000000000000000000000000,3
0000000010000000010110000000,1
0000000000000000000100000100,4
0000000001000000100100000000,1
0000000000000001100100100000,1
0000010001000010001101100100,1
0000000001100001111000000000,1
0000001101010000011100000000,1
1010000001000000010010100010,1
0011000001000000000110000010,1
0110000001010000010100000000,1
0000000101000000101100001010,1
0000000001100000010100100100,6
0000000011010010000100000000,2
0110000001110000010100000000,1
0001110001010000000100100100,1
0000000000010000000100100010,2
0000101001110000000100000000,1
0000000001010000000100110000,1
0000000111110010000100100000,1
0001000000000000011101100000,1
0000000000100000010100100011,1
0000000101000000001100000010,1
0000010000110000010100100010,1
0100000001010000010100000100,1
0000000001001000010100000010,1
0000000010100000001100000000,1
0000100001011001000000100000,1
0000001000000110001110100000,1
0001110001110111010100000010,1
0001000001101100010101100000,1
0000100001110110000110000010,1
0001110001110000011100100000,1
0000000100000000011100000000,1
0000001000001000000110000000,1
0000001001010000000010000000,1
0000000001000000010110100010,1
0000100011110000010100000000,1
0000000000110000001010000110,1
0000000101101000010100000000,1
0000011001110000001010000000,1
0000100001100100001101100010,1
0000100001100000101100000000,1
0000000000111100010100000000,1
1000000110010000000100000100,1
0010000011110000001100000111,1
0000000101100000010100001000,1
0000000001011000000100100000,1
0000000000010000111100000010,1
0000100001000000100110000010,1
0000000101100000010000000000,1
0001000001010000010100000000,1
0000000001110010001100100000,1
0000111100000000000100000010,1
0000000001110000000111100100,1
0000100001010000000100000010,2
0000000011010001010100000000,1
0000100011010001011010000000,1
0000000001110000010101000000,5
0000000000000000110100000000,1
0000000101010000001100000010,1
0000000000111000011000000000,1
0000000001010000000010100010,1
0010000001010000000101100000,1
0000000001000000010100100010,6
0000001001110000000000100000,1
1100000000100000001100000001,1
0000001000100000010010000100,1
0000001000000000000100100000,1
1100000101000000000100000101,1
0000000011100001010100100000,1
0000001000000000000110000000,2
0010000010110000000110000100,1
0000101000000001011100000000,1
0111000001010000010100000110,1
0000000001110001101100000000,1
0000000000100000100110000000,2
0000000001100000000001000000,1
0000100000000000010110100100,2
0001000011010000010100100000,1
0000000000000000000000000001,1
0000001000100000010100100000,3
0001100000000000000100000000,1
0000000001000000000101100000,2
0000110000000000001101100100,1
0010000001010000001010000000,1
0000011000100000010100000000,1
0000001100000001000100001110,1
0000001101100000011110001010,1
0000000101110000010110000000,1
0000000000001000010100000000,2
0000000011110000001110000100,1
0000000001100100001100000110,1
0000100000100000011100000111,1
0001100001110000010100000100,1
0001000001010000000100000100,1
0000000000110000000100000010,3
0000000001110100011100000100,1
0000000000100000110100000000,1
0000000001000010010100000010,1
0100010001010000010100100100,1
0100000000110000000110000000,1
0000000001110010001100000100,1
0001101000010000010110000000,1
0100000001100000000110000100,1
0000100001100000000100000100,4
0000000001010000010100000110,1
0000000000000001011100001000,1
0000000010111000000100000000,1
0000011001100000010000000000,1
0000000101010000010100100010,1
0000000001000001010100000100,1
0000100001010000001100001000,1
0000000000011000010100000010,1
0001000001010000010100001000,1
0001000110100100001100001000,1
0010100101100000010110000000,1
0000001101100001010000001010,1
0000100001110000001011000000,1
0000100001100000000100100010,1
0001101000000000010100000010,1
0000000000100100110100001010,1
0000000000110000001100010011,1
0000000001100000110100001110,1
0000010001111000010100000000,1
0100000001000000010100000010,1
0000000000010000011110001000,1
0000100001000000011110000000,1
0001110001000000010100000010,1
0001100001000000010100010100,1
0000000000000000010100010100,1
0100000001110000101110000001,1
0000011000001000000100000000,1
0000000001000000010101010000,2
0000000001100000011100001010,1
0000000000100000011001000010,1
0000001001010000000110000000,1
0001100001010000010100000010,1
0100000001000000010101000000,1
0000000000111000011100000010,1
0000100000000111000100000000,1
0000000000000000100100000000,1
0110000010100001010101100010,1
0000010000000000011000000000,1
1100000001100000111100000001,1
0000001000000000010100000010,1
1000000000100000010010000000,1
0000100101100000010110000000,1
0000100001110000001010001100,1
0000010001110000000100001010,1
0000000001100000010111100000,2
0000000000100010001100000010,1
0000010000000000011100000111,1
0000000000000011010100000000,1
0000000101110000010100000010,2
0000000001110000000110111000,1
0000001000100000010110000000,1
0000000111100000000100000001,1
1110000010010000010100100000,1
0010110101100000000100000010,1
0000001000100000000100000100,1
0000100001010000010100000001,1
0000100001000000010000000000,3
0100000000100000010000000000,1
0001100001000000010100000100,1
0000010000000000001100000000,1
0100000001110010000000000000,1
0100000101000000000101000100,1
0000000101100000011100010010,1
0000000001000000101100000000,3
0000000001000000110000000010,1
0000000110100001110100000000,1
0000110001010000100101001000,1
0000010101010000000100000000,1
0000000101000000010100010000,1
0100000000010000000101100000,1
0000000000000000101101000010,1
0000000001110000000010110010,1
0000001100000000001100000000,1
0000000000000000001100000010,3
1000000001110000010100000100,1
0000101001010000010010000000,1
0000001001000000000100000001,1
0000000000010111011100000000,1
0100000001110000010100100000,2
0000000000110000101100000010,1
0000000001100000111100000010,1
0000100001100000011100100010,1
0000000000100010010100100010,1
0000010001100000010110000010,1
0001100001110000010100101000,1
0000100000110000010101100010,1
0000000001101000010101110000,1
0000011100110000000100000100,1
0000010000100000011100000010,1
0001010000110000001100100000,1
0000000000100000001100110110,1
0000000000110101001100000000,1
0000000000110001001110100000,1
0000010001100000000000000000,1
0000000101000000000111000000,1
0110000001011001000100000010,1
0000000100010000010111100100,1
0000010000110000010100100000,1
0000000001110000111100000000,1
0000001001010000000100000000,2
0000000101000000011000101000,1
0001100001100000010110000000,2
0000100000000001000110000000,1
0000101000111000001100001000,1
0011100001000000010100000000,1
0000001001100000001100101110,1
0000100110010000010100001000,1
0001000001000000100110000000,1
0000000001010000001100000110,1
0000000001110000001100000001,1
0000100000010000010100000010,1
0000000011010000011100001000,1
0000000001000000010000110000,1
0000000011010000010110100000,1
0000110001110000010100100000,1
0000000001110000000100111000,1
0000100000010001100110101110,1
0000000100110000011000010000,1
0000000000100000010100000010,5
0010000001100000010100001000,1
0001000000000000000100000000,2
0000010001110001000100000010,1
0000001001110000000100000111,1
0000100011110000100100111100,1
0000000011101001111101000100,1
0000001001010000010100000010,3
0000000010000000001100000000,1
0000100001000000110100000000,1
0000100000000000001110100000,2
0000000001100000010000000111,1
0000100000100000011100101000,1
0001000001100000000100100000,2
0000100001110000000100111010,1
0001000001000010010100001000,1
0000000001110000001110001000,1
0001100001010000111100100010,1
0000000001000001110100000010,1
0000000001000000011100111010,1
0010100001100000000100000000,1
0000010001010000010100000100,2
0100000001000000010111100000,1
0000000000100000010100001000,4
0000000000100000010101000000,2
0001000000000000010000000000,1
0000101000110000100000101100,1
0001100000101000100100000000,1
0000001001000000001100000100,1
0010100000100000000100100000,1
0100100000000000000100000000,1
0000000000000000001110000000,1
0000100011010010001000000000,1
0000000001000011110100001000,1
0000000001100100010100000000,1
0100000001110010001000101000,1
0100000001100000000010000100,1
0000000010001000010100000000,1
0000100001000000010100001010,1
0000000001100010010110000000,1
0001000001100000000110100010,1
0100000000000000010100001000,1
0000001001010000010100100000,1
0010000000100000001010001000,1
0000100011110000100100000000,1
0000010101110000001101001000,1
0000011100101000010100100010,1
0000100101100000000100100000,1
0000010001100000010110000110,1
0000000001110001100100000000,1
0000000001010010001100001000,1
0001000101010000001100101000,1
0000000001010100011111100000,1
0000100001000000010100110010,2
0100001001100000001101001000,1
0000100000110000000111100010,1
0000100000011000011100000010,1
0000000001100010000100001000,2
0100000001000000011100100010,2
0000100001100000001100001010,1
0000100100100000001100000010,1
0000001000100001011110000000,1
0100100001000010010100000000,1
0010000000100000001100001000,1
0000000001000000000100001100,1
0000000000100000100100000000,2
0000000001100000001100001000,3
0100000001010000001001100010,1
0100000000010000000110100100,1
0000010100010000000100000000,1
0000000001100000000000111000,1
0000000001110000000100100110,1
1000000000100000000001000010,1
0000001000110000000100000000,1
0000100001110000010110000000,1
0111000001110000011000000000,1
0000000000100000100010110000,1
0000001000100000011100100010,1
0000000001100010000000000000,1
0000000001110000010001000100,1
0010000001010000010100010000,1
0000000001010000111100001000,1
0001100000000000111100000000,1
1000100001100000010100000000,1
0000001001010000010110000000,1
0000000000000000010100010000,1
0000101001110000000000000110,1
0000010001000000000000000000,1
0000000001000000000000000010,1
0000100101110000000000100110,1
0000000000000000010100000110,1
0000010000000000000100000000,1
0000000000000000001100001000,1
0000110001110000000000000110,1
0000000000000000010100101010,1
0100100001000000000100100111,1
0001000001000000010100000000,1
1000000001100000001100000010,1
1100000000010000010100100100,1
0100000001100010010100100010,1
0000010000100000010100100010,2
0000000001010010001010100000,1
0000000000100001111100001000,1
0000100101010000000100100000,1
0000100001110111011100000000,1
0001000001110110010110000000,1
0000100001101100010100000100,1
0100000011000010000100000000,1
0000000001000000001100001000,2
0000001001010000001100000110,1
0000101101010000011100000000,1
0000001001100000011100001100,1
0001100001100000010100101000,1
0010000000010000000100000000,1
0000100000000000010110000010,1
0000100001000000010110100000,2
0000000001110000010010101100,1
0000000001110000010101101001,1
0000100001110000000100000010,1
0000110001100000010001000000,1
0001100001000010000100000000,1
0000100000000000010100101000,2
0000000001010000010100100110,3
0000000001010000010110000010,1
0000000000100000001111000000,1
0000100010110000010100000000,1
0000100001100010000100000000,1
1000101001110001110100100000,1
0000000000000000001101101010,1
0000000001000000000000000110,1
1000101001101000010110100000,1
0001000001100000011100100000,1
0001100101011100010100100100,1
0111000011110000010000100010,1
0000000000010000100111100010,1
0000000001110010000100101000,1
0100000011000000010100100000,1
0000000000100000011101110000,1
0100100001100000010010000000,1
0000100000100000000100001000,1
0000000001100010001100100000,3
0000000001010000010100001010,1
0000000000000000011111100000,1
0000100001110000010111100000,1
0000010001010001000100100100,1
0000110000110000001100100000,1
0000010000000000001000101100,1
0000000100000000000100100000,1
0000000000100000000100100000,11
0000100001110000011110100000,1
0100000001010000011001000000,1
0000000000100000010000101010,1
0000100001010000000101100000,1
0000000000001000011100100000,1
0000001110100000001100100000,1
0000000110100000100100000010,1
0000000000000000000110100000,4
0000000001100100010000000010,1
0001100001000001011100100010,1
0000100000100000010100100001,1
0000000001010000010100101100,1
0000001001110000010100100000,2
0100000101100001101000100000,1
0000000111010000000100000000,1
0000000001100000010110100000,7
1000000001110000010110100000,1
0010000001000000001100100000,2
0001100001110000001100100000,1
0000100000000000010100100110,1
0000100000000000010100100000,3
0000101001000000000100000000,1
0000101001010000000100100000,2
0000100001110010010100100100,1
0000100000101000100010100000,1
0001000001000000010100101000,1
0000000001001000010100100000,1
0000000000100000001100100010,2
0100000001000101010100001000,1
0000100101100000010100100000,2
0000100001000100001100100000,1
0000100001010000000110101100,1
0000011001000010010101100000,1
0000001001000000010100101000,1
0010100001100000000100100000,2
0111100001100000000100100000,1
0000001000000000001100100000,2
0000110001010000010100110100,1
0000100000100000001100100000,2
0001000000000000011000100000,1
0001100001000000000000100001,1
0000000000110000010111100000,1
0000000101000000001000000000,1
0000001010000000000100000000,1
0001000001000000001101100000,1
0000000001010000010010000010,1
0000101011110000011010000000,1
0000000000010000000110000010,1
0000000100100000010100001010,1
0000000101110000011010101000,1
0000000001000000000011100010,1
0000011000010000010100100000,1
0000000001101100000100100000,1
0000100111110000000100100000,1
0000000011010000000101000000,1
0000000001100000010100100001,2
0000000000000000010110100100,2
0110000000010010001100100110,1
0001000001000000000110100000,1
0000000000100000000101100100,1
0000000001110000000101100000,1
0001000000100000000100100000,1
0000000001000000000010001000,1
0000000000100010000100000000,2
0000000001000000000100101000,4
0000000000100000010111000100,1
0100000001100010011100000000,1
0000000000000000011010100100,1
0000001001010000001010100100,1
0000001001110000010111001000,1
1100100001000000011100110000,1
0000001101010000001011010100,1
0000000001110000000111100010,1
0000100000000000000000100000,2
0000000001010000000000100000,1
0000000100010000001100100000,2
0010100001010100011100101000,1
0000000001000000010001010000,1
0000000111000000001100100000,1
0000000100000000010110100010,1
0000000000000010010100100000,2
0000000001000000010100010000,1
0000001001000000000110000000,1
0000000000110010000100100000,2
0100000000100000010100101011,1
0000010000010000010111100000,1
0000100001010000010101000000,1
0000011001110000000100100000,1
0000000111100000010100001110,1
0000000001010000001111111100,1
0000000101000000100100100100,2
0000000100000000011100100100,1
0000000101110000001111110000,1
0100000001110000010110000010,1
0000000010000000000100100000,1
0000000001000000000100100010,1
0000010001000000001100100100,2
0000100001110000000100010000,1
0000000100000011100100100010,1
0000000001000000000110100111,1
0000000000000000000010000000,2
0001110000110000100100100110,1
0000000001010000010000110010,1
0000001100100000000100100000,1
0000000001110000010100000111,1
0000000001000001010100100000,1
0000001001000000010000100010,1
0000000000000000100100101001,1
0000000001000010010001101010,1
0001110001100010010100100000,1
0000000001100010011100100010,1
0000000011100000000111110000,1
0000000001110000011100100100,2
0000000001001100000111110100,1
0011100001110010001100100000,1
0001000001100000010000100010,1
0000000001000001000100101000,1
0000000001110000010000100110,1
0000001001110000000110100000,2
0000000001000000111110100010,1
0000000000000000010100101000,1
0000000000110000100100010000,1
0000000001010000000100010010,1
1000000000000000010100100000,1
0000000001100000010100100101,1
0000000001110000001010100000,2
0000000000000000001000101000,1
0000000011010000001100001000,1
0001110000100000010100000010,1
0100000000100000010100001011,1
0000000000001000000011100000,1
0000000001000010000111000010,1
0000000001000000010001100110,1
0100010010010000010110001000,1
0000000000110000000000010010,1
0000000000000000011100101010,1
0110000000100011111100011010,1
0100000001100000010100011100,1
0000100001110100000100011100,1
0000000011100000000101000000,1
0000001000100010010111000000,1
0000000001110000011110000100,1
0000000011000000000100000000,1
0100010001100000010100000010,1
0000000001100000000010100010,1
0000000110100000011001000000,1
1000000000011000011010100000,1
0000000010100000000100000000,1
0100001000000000000100001000,1
0000000001010100000100000000,1
0000010001010000101100100000,1
0000000001010110010100001000,1
0000100000110000101110100000,1
0000000011100000011010100100,1
0000000000100000010100101000,1
0000100000100000010100100010,2
0000001001000001110100100000,1
0000000001100000000011000000,2
0000100000000000110100100010,1
0000100011000000001100100100,1
0000000101100000011100100010,1
0000110001110000000100000010,1
0001100001110000011110100000,1
0000000001010010100101101010,1
0000101001000000010100110000,1
0000000011010000010100100000,1
0000000000100000100101100000,2
1000000000101000010100100011,1
0001100001100000011010000010,1
0100000001010000000100100111,1
0000001000100000000100110110,1
0000010001000000011101100000,1
0000010001100010010100000000,1
0000010001110000010100101100,1
0000100110010000010000100000,1
0001101000110000010100100010,1
0000000000100000001100000110,1
0000000000000000000100101111,1
0000000101100000010100100000,3
0000101000100000000100001100,1
0000000001000000011110100010,2
0000000001100000000111100010,1
0000000001100001101110100111,1
0000000001000000001000100000,3
0000000000100000010101100000,1
0000000100100000000100110000,1
0000000001100000000110101010,1
0000001001110000000100100000,3
0000001001110000010100001000,1
0000000001100000011110100010,3
0100000001100000001100100000,1
0000010001110010000110100100,1
0000000000100000001100000100,1
0000000001100000001101101001,1
0000000000000000010010100001,1
0000100101000000010100100000,2
0000100001010000010110100000,1
0010000001000000010100100000,1
0000000001100011010101101000,1
0000000001100000010100110000,1
0000000010100000001100100100,1
0000001101000000011100100100,1
0000101001010000001000100010,1
0000010001100000010110100000,1
0000001001100001010100100010,1
0000010000110001011110100000,1
0100000101110000110100000000,1
0000000000100100010110100001,1
0000100000100000000100100000,3
0000100001100000001101000000,1
0000100001000001010010100100,1
0001111101100000010110000000,1
0000100001000001100010100110,1
0010000000000000010100000000,1
0000010011100000010100100000,2
1100000010100000000100000010,1
0000000101110000010100110000,1
0000000001001000010101110000,1
0000000000000000001100010010,1
0100000001100000010100100000,1
0100100000000000010100000000,1
0000100001000111000110000000,1
1000010101010000010100100000,1
0000000011110000010000000010,1
0000000001110000101101000000,1
0001000000100000100110100010,1
0101000000100000100110100000,1
1100000001100000000100100000,1
0000000001110001001100100000,1
0000010010000000010100100000,2
0000000001100010000100000000,2
0000100001101000010110100000,1
0000000011000000010110100000,1
0000000001100000110100100010,1
0001000000100000000100000000,1
0000000001100000000111000010,1
0000000011100000010100100000,2
0000100001110001110100100000,1
0001000001000000010100010010,1
0000000000100000010100110010,1
0000000001000000010100100110,1
0001100001110111000100100000,1
0000000000111000000100100010,1
0000100001000000000110000100,1
0001000000000000010100000010,1
0100100001100000001100100000,1
0000000001000000001101100100,1
0000001011100000010110100010,1
0000000000000110010100100010,1
0000000000000000010110110101,1
0000000001010000010100010001,1
0100101001110000010100100000,1
0000000000110000001100101000,1
0000100001110111000100000000,1
0000000001010000000000100110,1
0000100001010000010111100000,1
0001101000100000010100100010,1
0001100001100010011110100000,1
0000110001100000010110101000,1
0000011100110000000100100000,1
0000100001100000001100100000,3
0000100111100000010111101000,1
0000100001110000010110100010,1
0000000000010000100100101010,1
0000000000101000010100000100,1
0000000101000000100100100110,1
0000000001000000001110010100,1
0100000000000100011100000000,1
0000000000100010010100001010,1
0000101001100000001110000000,1
0010100011110000000100100000,1
0100000001000000011100100110,1
0000001101000000010100000000,2
0000000000100010010000000000,1
0000000001010000001110000110,1
0110000001110000000100000000,1
0111100001100001010100100000,1
0000010001100000010100100110,1
0000100101110000000100000000,1
0000000100100000000100100000,1
0000000001100000000101000100,1
0000011001000000010100010000,1
0000100001100010010100100000,1
0000011101100000010100100000,1
0000000001100010010100100000,1
0100000001000000000100100100,1
0000000001000000001101100000,3
0000000001011100010000000000,1
0001000001000000010101100000,1
0000000101100000000100100000,1
0001000001011000010100000000,1
0010000001001000000100100000,1
0000000000100000100000100000,1
0000000001000001000100100000,2
0000010001000000000000100000,1
1100000001100100000100100100,1
0100000000000000000100100000,1
0100000000010000001010000000,1
0001100010100000010000000000,1
0001000001000000000100100010,1
0000000001000001000111100000,1
0000000001010000010100001100,1
0000000001100000001000100010,1
0000000001110000101100100000,2
0000001001000000000010000000,1
0100000000000000010100000010,1
0000000001000000001100101000,1
0000000000000000000100000001,1
0000100000100100010000100000,1
0001000001100000011100000000,2
0000000001100000001110100010,1
0000000001100000111100110000,1
0000001001110000010101100000,1
0001000001110000010110000000,1
0000001001110000001000100000,1
0110000000000000010010001000,1
0000000000000000001110100010,1
0000001001010010010100000000,1
0000000110110010000000100000,1
1000000001100010000100100001,1
1100101001000000011001110101,1
0000100001110000101010100000,1
0111000000100000010000100000,1
0000000001100001000110000010,1
0000000100010000000100100000,1
0000000000000100010010100000,1
0000100001100000010000100000,1
0000101001100001101100001000,1
0000100000000000000100100000,4
0110111001000000011100000010,1
0000100101100000001100100001,1
0000001001100000000001100000,2
0000000001100000010101100010,1
0100000001001000001000100000,1
0001110000110000010100100000,1
0000000100100000110110100100,1
0000001000100000011101100000,1
0001000001110000011100000001,1
0000000011110000001100100000,2
0000100001110000000100100010,2
1001000001010100010100100000,1
0000000001000000000100100100,4
0010100001000000000100000000,1
0010001000100010000101100000,1
0000000000100110001100100000,1
0000000000000000010010000000,3
0001000001110000011110100000,1
0100000001100000010000000010,1
0000011100100000010100101001,1
0001000000100000000100000110,1
0000000000010000010000100100,1
0001100100010000010010100000,1
0000000010110000010100100000,1
0000111000100000011100101100,1
0000000000100000101101100000,1
0000000001111100010100100100,1
0000000001000000001110110000,1
0000001101110000011010100000,1
0000000001000000010010001100,1
0000000001111000001000100000,2
0001100000011100011000101010,1
0100100001011100010100000100,1
0000000001001000011110000100,1
0000000001100010010101000000,2
0000000011010000011100100000,1
0000000001110001101100100100,1
1100000001100000010110100001,1
0000101001110100000100100000,1
0001001001000000001100100000,1
0000001001100000010100100001,1
0001000101010000000100000000,1
0100000001110000010000100000,1
0000000001010000010100011000,1
0100000000000000100100100100,1
0011000001100000010100100000,1
0000100011000010010010100000,1
0000000100100000001100100000,1
0001101001000000000100000000,2
0000000001110100000100000000,1
0000000000110000010100000100,1
0100000001000000000100100000,1
0001001000000000001100000010,1
0000000001100000010000011000,1
0000100000000000010110100010,1
0000010001010000010000100100,1
0000001000000000000000100000,2
0000000000000000001100100010,4
0000100001110000010100000110,1
1000000000010000010000100000,1
0000000001110001011000100010,1
0000101001100000010100100000,1
0110000001100000010100100100,1
0000000001100000000110110000,1
0000000011100000011100100010,1
1100000000100000010100100000,1
0000100001110000010101100000,1
0000000000100000011000100010,2
0000100001010000101100000100,1
0000100001000000000101100000,1
0100000001110000010110100000,1
1000001001110000010100100100,1
0000011000010000001100100000,1
0000000001100000010010100000,4
0000000001000101010101100010,1
0000000001100000101100100101,1
0000000001110000010100101000,2
0100000000000000010100100000,2
0000010001110000111110100010,1
0011100100101000010100100010,1
0000000001110100001100000010,1
0000000001010001100001000110,1
0000110001100000001100100000,1
0000000001100100011100100110,1
0000000101000000010110100000,1
0000000100010000010000100000,1
0000010001100000000100100000,1
0000100001110001010100100000,1
0000000000000000011010100010,1
0000000001010000010010100000,1
0010100001010000001100000000,1
0000100000000000000010100000,1
0100000000010000001100100010,1
0000000001100000010100101100,1
0000100001110000000100100100,2
0000000001010001001100101000,1
0000000011011000010000100000,1
0000000000100000000110000010,1
0000001000010001011100100000,1
0001010000100000000000100000,1
0011000001000000011101000010,1
0000000001110000010101100010,2
0000100001100000011101011000,1
0000000001001000101110100000,1
0000100101011000010100100000,1
0100100001010000011000100100,1
0000101000000000011100100100,1
0000000101110010010110100000,1
0000100001100000010010100100,1
0000001001110000011100111000,1
0000000000000010000100100000,1
0000001001010010010100100100,1
0000000001100000000000100010,1
0000100001110000011100100010,1
0101000001000100010100000000,1
0000000011110010010110000110,1
0000100001010000100100100000,2
0000010001110000010100100000,1
0000000001000000011010100000,1
0000000101000000000000100000,1
1000000001100000010101100000,1
0000001001110001011100100000,1
0000101000100000010111100100,1
0010000001100000010100100011,1
0000000001000000010100011100,1
0000000001000000010100110000,4
0000000000000010010101110000,1
0000000000101000010100100000,2
0000000000000001010110100000,1
0000011001000000011100100100,1
0010000000001000011100100000,1
0000000000100000001100001100,1
0000001000000000011110100100,1
0000110010100000101100100100,1
0000001001100100011100100000,1
0000100000110000010100100010,1
0000000011100000010100010000,1
0010001001110000001100100000,1
0000000001000000010000100100,2
0000000101000000011100100110,1
0000000000000000000100100100,2
0100000001000001110000101100,1
0100000001000000001100100000,2
0000100000100001001100100000,1
0000001000000000011100100010,1
0000000011100000011100100000,2
0000000011001000010100100000,1
0000100001100000101100100000,1
0100000000000000001110000000,1
1000000001100000000100101000,1
0000000001100111000000100000,1
0000000001100000000101100110,1
0000100011100000001100000000,2
0000001001100000000100100100,2
0100000011000000001100000000,1
0000000000000000111100000000,2
0000000100100000010100000000,2
0001000000000000001100100000,1
0000010000100000011100100000,1
0001110001011000000100000000,1
0000000000000000011101000000,1
0000000001010000000101100000,2
0100010001010000010100100000,1
0000000000010000010110100100,1
0010000001100000010000100000,1
0000000100100000010100100010,1
0001101011110000010100100000,1
0000010011000000001100000000,1
0000100011110001010100101000,1
0000100001100000011110100000,1
0000001000010001111111001000,1
0000000001100001010100100001,1
0100000111011000010100100000,1
0000001001100000010110100000,2
0001000001100000010100110000,1
0000010000000000010010000000,1
0000000100100100011100100000,1
0100000000000000000100000000,1
0000100001110000010100100100,1
0001000000100000000010000111,1
0000001001100000010100100100,2
0000001001010111000000100001,1
0000100001000010010100100010,1
0000000111100000010100100000,1
0000100001110000000010100010,1
0000100000100000001010100001,1
0000000010110000010000100000,1
0000000001010000111100100010,1
0000000001010000100000100000,1
0000000001101000000100100010,1
0000000000100000001010100000,1
0000100000100000010100010000,1
0001110001100000001100000000,1
0000101001000000000100100000,2
0100000001101000010100100100,1
0000000001100000000110100000,1
0000000001010100011100000010,1
0000000001110000010101100100,1
0000001001100001010100100000,1
0000000011100000111100100000,1
0000010001110000000110100000,1
0001001000000000010100100000,1
0000001000110000010100100000,1
0100000010100000000100000010,1
0100000001110000000100100000,1
0000000000111100011000100000,1
0000000101100010010100100010,1
0000101001100001010100011000,1
0000101001110000000110100000,2
0000000001110010000110100000,1
0000100001010000000100100000,4
0000000000101010010000100000,1
0000000101010100011001101000,1
0000000011001000101000100000,1
0000100011010100001100100000,1
0001100001110000010010100000,1
0000001001010000010100010100,1
0110000011110010000100100000,1
0000000001010000000001100000,1
0010000001110000000100100100,1
0000100000010000000101000000,1
0000000000000000001100000101,1
0001110011110000010110100010,1
0000000000010000100100001000,1
0010000001010000001100100000,1
0000000101010000010110000000,1
0000000011100000010010100000,1
0100000000010000010100100100,1
0000100000000010000001100000,1
0000000000000000010000000010,2
0000000001100000110000100000,1
0000000001010100011111100100,1
0000000000000001100100000000,1
0000000000000000001101111000,2
0000000110110000010100000000,1
0000000000100001000000100010,1
0100001001000000010100000010,1
0000000000100000000100100100,1
0000000001100000100010100000,1
0111000001110000010101000000,1
0000000000100000001010100010,1
0000000000000000010000001110,1
0000001101000000011110000000,1
0000000101010000011100100000,1
0000000001010000111100000000,1
0001000001100000010100000100,2
0000010001000010000100100000,1
0000000000000000010101100001,1
0100010000010000011110100000,1
0000000001010010010101101000,1
0000000000100010000000100100,1
0001110001001000010110100000,1
1000000000000001001100000000,1
0001000001010000001101000000,1
1000000001100000001100100000,1
0000110000000000010100100100,1
1000000000000000011100100100,1
0000000001010000000110100100,1
0000100110110010010100000000,1
0001000000110000000100000000,1
0100100001000000011100000010,1
0000000001010001010100100000,1
0000000001100000001110000100,1
0000010000000000010100101000,1
0000001000000000000010000010,1
0000000101010001010100000000,1
0000000001000000010100101000,1
0000000000000000000110100100,1
0000100000000000010111100000,1
0000000000100000011100000001,1
0000101001100110100100000000,1
0000000000110000010101100100,1
0000000000000000011100100111,1
0000000011100000010100100100,1
0000100000101000000100000000,1
0000000001100000000010000100,1
0000001001000000001110000000,2
0000000001100000001110000010,1
0000000000100000010100100100,3
0000001000100000001000000100,1
0000100001100000000100000001,2
0000000001110000010100001010,1
0000000011000010011100000100,1
0000100000000000001100000100,1
0000000001000000000001100000,1
0001000001100110010110001000,1
0000000001100000010101111000,1
0000010001000000011000100100,1
0000000000100010001100100010,1
0000000000010111100000100100,1
0000000001000000011001000000,1
0000001001000010011100100000,1
1000000100000000010100000010,1
0111000000000001010100000000,1
0011100001000000100010000000,1
0001100000100000010001000100,1
0000000001110000000111000000,1
1001100000000000010100100100,1
0000100001000000001001100000,1
0000000000000000001101000000,1
0000010001001000000100000010,1
0001000111010000010100100010,1
0000010000010000000100000010,1
0000000000000000000101100000,2
1000000001000000000100000010,1
0000000000000000000100111000,1
0000000001110000010111111100,1
0000011000100000011100001000,1
0000100001010001000100000000,1
0000100000100110010100000000,1
0000000101010001001100000010,1
0010000101000000011100100000,1
0001000001000000001100100000,1
0000000001100100000000000000,1
0000010001110000011000000000,2
0000000001000111010100000100,1
0001100011000000010100100000,1
0000000000000000001101000010,1
0000000001010000000101110000,2
0000000101010000010000000100,1
0000000000100000010100000001,1
0000000001000000001111100000,1
0001000001000000010100000110,1
0000100001000010011100000000,1
0010000001100000000100000000,1
0100000011000000010100100100,1
0000110000100000000110001100,1
0000000001110000100100000110,1
0000000000000000001100100001,1
0100001000000000010100000000,1
0000011001100000010100100000,1
1000000000000000010110000000,1
0000100001100100001100100100,1
0000100001010000010010000100,1
1000100000000000001101000000,1
0000100000110000010100000100,1
0000000001100000010010000110,1
0000001000100000010101001000,1
0000000001100100010110000000,1
0000000001101000010100100000,2
0100000000010000001100000100,1
0001100001100000010100000010,1
1000100001100000011100100100,1
0001100100000000010001000000,1
0000110000000000000100000000,1
0000000000100000010100000111,1
0000000011000000010101000000,1
0000100101100100000100100000,1
0000010001100000001000100000,1
0000000100100000010100100000,1
0000000001011100010100100000,2
0000000001010000001101100000,1
1000000001101001010100001100,1
0001000001000000010100100010,1
0000100001100001011100100000,1
0000000001000001001110101100,1
0000000001110001001110000000,1
0001000000010011101100100010,1
0000000000100101010100000000,1
0000100001010001100100100010,1
0000000000010001010100100000,1
0001000001000000100100100000,1
0000000000100000010100100001,1
0000110001100000010000100000,1
0000000101100000010101100000,1
0000100001100100101100100000,1
0000001000000000010100100000,3
0001000001100000100100000001,1
0000100000000000100100100000,1
0000000000000010011100000100,1
0100000000000111000100100100,1
0000000000100100010100101000,1
0001000011110000010100100100,1
0000001001001000010100100100,1
0000001001110000010010100001,1
0001100001110000000100000000,1
0000000001010100010010100000,1
0010100001100000010100100001,1
0000100001110000110110100000,1
0000001001100010001100100000,1
0101000111010001001100100100,1
1100000001100000011100100001,1
0000100101110000011100101000,1
0000100010110000001110100000,1
0000100000100000100100100000,1
0000000000000001001010100000,1
0000100000100000010010100000,1
0000000001010000011111000000,1
0000001101100000001100100100,1
0000000001100001010100100010,1
1000000000000000010110100000,1
0000101000100000011100100000,1
0001110001010000001100100000,3
0000000000101000000000100000,1
0100100001010000010000100100,1
0000000001100000000101100000,2
0001100001100000000100100010,1
0000000001000000010001100000,1
0000000100000000000000100010,1
0000000011110000010100101000,1
0000101000000000000100001000,1
0000000101100000000100100010,1
0001100001000000000010000000,1
0000100001000000000000000100,1
0000000011110000000100000010,1
0000000001000001101100000000,1
1000000001110000010111100000,1
0000000000000000010000010000,1
0000100000000000001101000000,1
0001101000000000010100000000,1
0000001101010001000100000000,1
0000100000100000000100100010,1
0000000000100100011000000001,1
0001000001010000000010000000,1
0000001001000010010100001000,1
0000000101000000000110000010,1
0000100100010000010110000000,1
1000100100010000001100100000,1
0000010000000010010100000000,1
0000000000000001010100000000,2
0000100001000000100010000000,1
0100101001100001111100000000,1
0000101000110000010100000100,1
0111000000010000001100000000,1
0000000011100000000100100110,1
0000101001010000001100000000,1
1000000000000000001101000100,1
0000100001110000111100000000,1
0000001000110000000100100110,1
1100000101010000000100100001,1
0001000001110000010101100100,1
1000001101010000010100100000,1
0000000010110000000100110000,1
0001000001110000000100000010,1
0100001001000000000110000100,1
0000100000100000100000100000,1
0000001001010000000000000000,2
0000000001010000000000100010,1
0000100001010000010111000000,1
0000001001010000001101100000,1
0000000001000010000110100000,1
0000000001010000001101000000,1
0001100001110000011111100000,1
0000100000110000000100100000,1
0000100000001000000100000000,1
0000000100000000010100100000,1
0000000101010000000110000010,1
0000000011110000010001100110,1
0000100000000000000110000000,1
0000000001110111010101100100,1
0000001011000000010000100000,1
0100000010000000010100100010,1
0000100000101000010100101000,1
0000100001110000010100111010,1
0000000011000010000100100100,1
0000000011000000001100000000,1
0000000001100000001000100100,1
0000000001110000010000010000,1
0001100000000000010100100000,1
0000001001110010011100100000,1
0000001001010000001100100000,2
0000000000110000010111100001,1
0010000001000000010101000000,1
0000010001010000010100000000,2
0000000101000000010110000000,1
0000100001110000000110100000,1
0000100001010010011100100100,1
0001100000000000000100100000,1
1000000001010000010101100000,1
0010100000000000010100000010,1
0000101001010000010100100000,1
0000010001010000010110001000,1
0000000001001100010000101000,1
0000000001000001101100110000,1
0000001000100000010100101000,1
0000000000100010000101000000,1
0000000011010000010101100000,1
0000100001100000011100100001,1
0000000000100000011111100000,1
0100000001000010000100000000,1
0000000001100000111110000000,1
0100100001000000000100100000,1
0000110001110000111001100000,1
0001100001110000100100000100,1
0110000000000000010100000000,1
0000000001111001110100000010,1
0000110001000000011000000010,1
0000010001010010000100000000,1
0000110000100000001000100000,1
0000100011100000010100000010,1
0000000001010001001100000000,2
0000000101000000000100000001,1
0000010000010000010010000000,1
0000000001100000000100101000,1
0100100000000000010100000100,1
0000000000101101010100100010,1
0001100001000000010000001100,1
0000001000100000010100000010,1
0000100011110000000100000100,1
0001000001110010011100000000,1
0000000011010000000100000110,1
0000000000100000011100100010,2
0000101000100000010110100000,1
0000101001000000001111001000,1
0000100000100000010100000100,1
0010000001100000010100000010,1
0000100001110000010001010000,1
0100000000000000000100100001,1
0000000011110000010100100100,1
0000000010000000000100001000,1
0000000000110000010100000110,1
0000111101010000011101000000,1
0000100011010000100100000000,1
0001100011100000000100100100,1
0000100001010000011110000000,1
0000110001110000001100100100,1
1100100001010000010100000001,1
0000101001000000000110000000,1
0000101001000100011100000000,1
0010000000000000001100000000,1
0000011001010000010100000010,1
0001000000101100000100000000,1
0000110001110000000110000010,1
0000011101110000010100000010,1
0000000000111001001100100010,1
1100000000000000000010001101,1
0101000001110000000000100000,1
0001000100110000010100000010,1
0000000001110000001110000001,1
1001100001010000010100000010,1
0110000001100000000100100000,1
0000100100100000010110000000,1
0000010111100000011100000000,1
0000100000000000001010000010,1
0000000101100000011110000000,1
0000100001000000010001000010,1
0000000000100000010010100010,1
0000000000010010001100100000,1
0000100011000001001100100100,1
0000000000100001011101000000,1
0000001000101101001111000000,1
0000000101100000001100110000,1
0000100001010000010100010000,1
0000000001111000010101011000,1
0000100010100000000100100000,1
0000000111010000010100100100,1
0000100001000000000110000010,1
0100000010000000010100100000,1
0000100010000000011100100000,1
0000110001000000000100100000,1
0000100000000000010011100000,1
1000000000100000010100100000,1
0000000101000000010110100001,1
0000000010100000010000100000,1
0110100001010000010100100000,1
0000000001110000010100100110,2
0000010101110000010100101000,1
0001100001000000000000100000,1
0000100001000000001000100000,2
0100000001000000111000100000,1
0000000001011100010100001100,1
0100000001100000101101000000,1
0001000001110001101000000000,1
0001100001100000000000100000,1
0000000000100100000010000000,1
0000000101000000010000000000,1
0000100011000000010110100000,1
0000100001000000000100011000,1
0000100100000000010100000000,1
0000000000110010000100000000,1
0000000101100010000100000100,1
0001101001010000001000100000,1
0001000001100000010110000010,1
0000011100101000001100000010,1
0000100001010000000110100000,1
0101110001010000000100100000,1
0001100001000001101100000000,1
0111000001000000001100100100,1
0000100000000001010100000000,1
0100100000110000000110000000,1
0000001001010000011100100010,1
0000101001000000000100000010,1
0000000000110000000101000001,1
0000001000100000011101000100,1
0000000000110001010011100010,1
0000000000110000010010100000,1
0000000000111000001100100000,1
0000000000100000000100000011,1
0000000001100001010100100000,2
0000100100010000010101100100,1
0000010101010000011100100000,1
0000000001010000001100000001,1
0000001001110000110100000001,1
0000000011000000011100000001,1
0000000001100000001110100000,1
0000000001110000011100000011,1
0000000001000000011100001100,1
0000001001100000010100000100,1
0000000000000010001100000000,1
0000100100010000011100000000,1
0000000001100001011010000010,1
0000001000000000110100100000,1
0000101101000000011100000100,1
0000000000100010010100100000,1
0000100011000000000100100000,1
0000011001110000001100100010,1
0000000001000000011000000010,1
0000001000000000010110100000,1
0010001100110000011100100010,1
1100000001100000000100000101,1
0001100100100000010100000000,1
0001000001100000000100000000,1
0001100001101100001100100000,1
0000000101100000000100000000,2
0000100001000000000100100100,1
1000010101000000000001100100,1
0001010000000000011000000000,1
0000001001000000010000100000,1
0001100010110000010000000000,1
0000000011100000001100100000,1
0000000001110000100100100000,1
0001101001100000011100100000,1
0000010110010000001100000000,1
0000000000000001000100000100,1
0100100001001000001100100000,1
0000100001100111001101000000,1
0001000100000000010010000000,1
0000001000000000011000000000,1
0100110000111000010101101000,1
0000100001100000010110100000,1
0000000001100001001101100000,1
0000010001000000000100000000,1
0000001011110001000100000000,1
0000000001111000000100000000,1
1100000000010000000100000000,1
0000101001010000001110100000,1
0001001001000000010100101100,1
0000000011100000011100100001,1
0000000001000010000100100100,1
0000100101000000010000100000,1
0000001000011100011100000000,1
0000000001111010001100000100,1
0000101001100000010111100000,1
0001111000101000010111100000,1
0000000000010000000100000010,1
0000000000000111010100100000,1
0000000001100111001101001000,1
0100100001100000000100100000,1
0000000001100100010100000100,2
1000000001000000000100000000,1
0001100000100010010100000000,1
0000100011000000001100100001,1
0100000001100000010110001000,1
0010000001010000000100100000,1
0001010001100000010100000000,1
0000000001011000001101100000,1
0000001000010000010110000000,1
0000000001000010000100000100,1
0000100000110000000000000100,1
0000100001101000000100000000,1
0000101001110000010010000000,1
0000001000010000010100100000,1
0000000001000000011101011000,1
0101000001100000010100000000,1
0000000110010010000100000100,1
0001101000000000000101110000,1
0111000001000000000010100000,1
0000000101010100010100000000,1
0000000001010000010101100111,1
0000010001000000010100100000,1
0000000000000000111100100000,1
0000001001000001010100000100,1
0000000001000001001100000010,1
0100000001000000000100000000,1
0000100011000000011100000000,1
0000001001000010011100000000,1
0000100000100000010100111000,1
0010000001010000000100000000,1
0000000000100000001000001100,1
0000000001100001110100000000,1
0110000001100000001100000000,1
0001100000000000000100000010,1
0001000001100000011110000000,1
0001000001100000001100000010,2
0001100011110000000100000000,1
0010101001110000010110000000,1
0000000001010000111000010000,1
0001100001000000000001100100,1
0010100001000000011000100000,1
1100000001000000010100000001,1
0010000001110000010100000000,1
0000001001000000010100110100,1
0100000000100000010100000000,1
0000101001000000011100100000,1
0000001001100000000001000000,1
0011000001000000010100000000,1
0000100000100000010100110000,1
0000010000010000010110000000,1
0000001001100100000100000000,1
0010000001100000010101000000,1
0000000111010000010111011000,1
0000000101000000000101010000,1
0000110000000000000100100000,1
0000101101110000010100000010,1
0000000101100000010100100100,1
0000000000000001001100000000,1
0000000011100000001100000100,1
0000000000100001000100000000,1
0000110001100010000100000100,1
0000000000110000010110000100,1
0010000101110000010100000000,1
0010000000010100001011100010,1
0000000111001110000100100100,1
0100000000000100001100100000,1
0000000001010000010110001100,1
0000000101110000010111100000,1
0010001001000000000101100000,1
0100000001010000010100010000,1
0000000100000000001100100000,1
0000000100100000000100000000,1
0000000001110000010100000001,1
0010000000000000100000000000,1
0000000111000000010000000100,1
1000011001000000010100000000,1
1000000001000000001110000010,1
0001000001010000010110100100,1
0000000001100001111000000010,1
0100010001000000000100000000,1
0000000011010000000100010000,1
0000000110100000000100111000,1
0001110000000000011100110000,1
0000001011100100000100100000,1
0000000000010000011100100100,1
0000000000100000110100100000,1
0110000001000000010010000000,1
0100000000000000001100000010,1
0000100001001000010100100000,1
0000000011111000011101100000,1
0000000001110000000100010010,1
0000000011110000011001100000,1
0000001001001000011101000000,1
0000000000110000011010101000,1
0000000000000000001110100000,1
0000000000011000010100011100,1
0000000001000000001100000011,1
0000010000000000010100100010,1
0000000010100000010101000010,1
0110000001001000010110100000,1
0000001001010000010011100000,1
0000000011000000010100100010,1
0000000001010000010100000111,1
1000000010000000010100100000,1
0100000000100000010100100000,2
0000100000000010001100100000,1
0000100011010000010000100000,1
0000010000000000010110100000,1
0000000001000000010100100111,1
0000000111010000011000100000,1
0000101100100000010000000000,1
0000000000100000001000101010,1
0000000001110000110110100000,1
0000001001110010000100100000,1
0111100000110000010000101000,1
0000000001100000000100100100,1
0000000001010000010100100011,1
0001010001100000011100100000,1
1001100001100000000100100000,1
0000000001100000010110100010,1
0000000011100001011111100000,1
1000000001100001101100100010,1
0000010001010000010000001100,1
0001000000000000010110100010,1
0000001001000010010100000100,1
0000100001100000100100100000,1
0000000001010010100100000000,1
0000001010100000010100100000,1
0000000101101100010000100000,1
0000000001000010010000100000,1
0000001000000000010010100010,1
0000000000110000000110100000,1
0000000001100000000010100000,2
0000000001000000001000100001,1
0000000000100100001010100001,1
0000000010100000011110100000,1
0100001000000000010100001000,1
1100000001000000001100100001,1
0000000001010000010000100100,1
1000000001000000000100100000,1
0000101000101100000110100000,1
0000000001100001000100010100,1
0000000001100000011101011000,1
0100010000000000011100100100,1
0000100000000000010000100000,1
0000000001111100011100100100,1
1100100000000000001100000001,1
0000000001110001010000100010,1
0000000011000000010100100100,1
1001000000100000010100100010,1
0100010101100000000100100100,1
0000000001000010000100100000,2
0000001110110000010000100100,1
0000001011000000000100100000,1
0000000001000000000110000110,1
0000101001000000010100100000,1
0000000001110000001100010000,1
0001001001000000010100100000,1
0000000001100000001010100100,1
0000000100100000000000100000,1
0000000011111000010100100000,1
0001000000100000011100100010,1
0000000001000000001100101100,1
0010000001100000101100100000,1
0000000001100110000100100000,1
0000100101000000001100100000,1
1000100101010000000111100000,1
0000100001000000001110101010,1
0000000001000000011111000000,1
0000000001111000001110100000,1
0000000000000000011000100001,1
0000000001000000011101100100,1
0000000001110000000100100011,1
0000001000100000001010101000,1
0000000010000000010100110000,1
0000000000001000001100100100,1
0000100001100000000100100100,1
0000000000110000001000100000,1
0000101001100000000100100000,1
0000000001000000000000100010,1
0000001001110000011100100100,1
0001100001000000001100001000,1
0000001001100000010100100010,1
0000000001000001110100100000,1
0000000101010000000100110100,1
0001000001000000010000100000,1
0000001001100000000100100010,1
0000000001100010010100100010,1
0001100001100000010100100010,1
0000001111000000011100100100,1
0000100000100010010110100100,1
0000000000110000001010100000,1
0000000001100100000110100000,1
0000101000100100010100100000,1
1100000000010000000100100001,1
0100100000110000011010100000,1
0001000000100000000100100100,1
0000000001100100011000100000,1
0000000001101000001100100010,2
0000001000100000010100111000,1
0000000000110001001100100000,1
0000000101100000010100010010,1
0110100001000000001100000000,1
1000000001010000010100100000,1
0000000001100000000111000000,1
0010000001100000010100100000,1
0000000000110100001101000010,1
0000100001000000011010000100,1
1100000000000000010100100100,1
0000000100000000010000100000,1
0000000000010000010100110000,1
0000000100100000011100100000,1
0000000101100000010110100000,1
0000000101000000000101100010,1
0000000000000000000000101010,1
0000000000101000010100100010,1
0000001000010000010100100010,1
0000000001011001000101000000,1
0000000001001000000100100000,1
0000001001010000010100101110,1
0000000001000000010110100100,1
0000001000000000011100100000,1
0001000001010000010110100000,1
0000000101000000000100100000,2
0100000001110000010010100000,1
0001100000000000110100100010,1
0000000011100001010100000000,1
1000100001000000010100100000,1
0000010000010000010100100000,1
0000000001000000011000100100,1
0000000001000000110100100010,1
0000000000100001101100000000,1
0110000000000000000100100000,1
0000000010010000010100100000,1
0001100000010000001100000001,1
0000000001000001111100000000,1
1100000001110000010100101011,1
0110000001000000000110001000,1
0000000001100000001101111100,1
0000010001110010000100100000,1
0001100001100000000100000100,1
0000000001000000010101000010,1
0010000111100100011100000000,1
0000001001000000010110100000,1
0000000000100010000100100000,1
0100011001100000010100000000,1
0001000001010000010100000001,1
0100100000000000001000000000,1
0110000001100000000000100000,1
0000010001101000001100100000,1
0000010001010100010000000000,1
0000000000100000010100010000,1
0000100001000001100110000100,1
0000001001000001100100100000,1
0010000001110000010100100000,1
0000000001000000010100101100,1
0101110001010000010100000010,1
0001110000000000011101000000,1
0001001010100100010110100010,1
0000000100000000010100000010,1
1000000000100000010100000000,1
0000000101100000001100100000,1
0000000001110010010100000100,1
0010000001100000001100000000,1
0000001011000000000101100000,1
0000100000100000011101110000,1
0000000011000001001010100000,1
0000000001010001010000000000,1
0000101001000000010100101000,1
0000000000110000001100100010,1
0000001001110000010000100000,1
0000000001100111010110000000,1
0000000000100000011100001000,1
0000000101100001001100000000,1
0000000001010000100110100000,1
0110000001101000010100100000,1
0000000010010000010100000010,1
0000001001011100010110100000,1
0000000101110000011110000100,1
0001110001100000010110000000,1
0000000000000000010110000100,1
0000001001010000001010100000,1
0000000000000000000110000010,1
0000100000010000001100100000,1
0000000001100010001100000001,1
1000000000000000010100000100,1
0000000001010001000100100010,1
0000000001010000000100100110,1
0000001001100000000010100010,1
0000001001100000011100011000,1
1100000000010010000100100000,1
0000100001100000010010000000,1
0000100001000010000100100100,1
0000000000101000000100000000,1
0000001001010001010110100000,1
0100000001000000010100100000,1
0010001101010000011100000010,1
0000001001100000000100111010,1
0000001000000000010111100000,1
0000000001111100001000100000,1
0000000000000000011100101100,1
0000000001111000011100101000,1
0000000001110000011100100001,1
0001000001000010001100100000,1
0000100000000000000100101000,1
0000000000110110001100000000,1
0000000010100000011100100100,1
0001100001000000000110100000,1
0000001001111000010100010100,1
0000000001110000001000100100,1
0000001000000000010100100111,1
0000000001000000000100111000,1
0000100001011000000000100000,1
0000000001100000100110100000,1
0001100001110000010100100000,1
0000001100000100010000001000,1
0000000000010110011100000110,1
0001110000010000000000100000,1
0000000001110110010100110000,1
0000000110110100010100101100,1
0000000001000000111100100000,1
0000000001100000011100101100,1
0000000001010100010110001100,1
0000000000010000010100000110,1
0000000001001000001000100000,1
0000000001110010001110000100,1
0000001111010000010100000010,1
0000000001000000110110000100,1
0000000101000000011110100000,1
0000000000110000010101000000,1
0000000001010000000100101000,1
0001000101010000010100110100,1
0000000001100000101100001000,1
1000000001000000010101100000,1
0000000001001000010100100010,1
1001000001010000010100101000,1
0001100001100100100100100000,1
0000000001010000000100111000,1
0100000000000000001000100100,1
0000000001100000010111000000,1
0000001001100000010000100001,1
0000010101100000001100000000,1
0000000111100001010100100010,1
0000000001010000001000100100,1
0000000001000000001001011000,1
0100000001110000010110100100,1
0000000001101000000010000000,1
0000000001100000010000110000,1
0001100000010000010110000000,1
0001100001000001110100000000,1
0000000101000000010100000100,1
0000000000000000010111101000,1
0010000001110000010100100100,1
0000000001101000001100001000,1
1000000000100000010110000000,1
0000100000000000011100100100,1
0000000101100000000110100010,1
0000100001100000010101100000,1
0000000001110000111100110001,1
0000000010010000100100000010,1
0000000001100000110100000000,1
0000100001100000111100100000,1
0100000001111100010100101000,1
0000000001000000100100100010,1
0000001001100000001100100000,1
0000010001111000100100010001,1
0000000100000000011100000110,1
0000000100100000011110100000,1
0000000001110000010000000100,1
0001000001011000010100001001,1
0000000011010000100100000000,1
0001000011000000010100100000,1
0000000000100000001110000010,1
0000000001010000000101000000,1
0000001000110000011100000000,1
0000000001100000100101100000,1
0100000000000000011100001000,1
0000100001001000010100000000,1
0000000001101100001110000000,1
0000100001100100010100101000,1
0000000001011000010110000100,1
0000000011110000011100100000,1
0001000001111000000100000000,1
0000000001110000010010001000,1
0000110001000000000100001100,1
0001110010000000010100000000,1
0000000001100100011000000000,1
0000001101010000000100101000,1
0000000001100010010100001000,1
0000100101000000000100001100,1
0000100001100000010110101000,1
0100010001000000010100001000,1
0000100001100000010101011000,1
0001000001100010010100010010,1
0000000001100000111100000000,1
0000001000000000010100001000,1
0100000000000000010110000000,1
0000000000000000000100001000,1
0000011001000000001100000000,1
0000000001100001101100000010,1
0100000000100000011101000000,1
0001000001000000011100010100,1
0000010000100100000100001000,1
0000001001000000101010100000,1
0000000001100000001101000010,1
0000000000110000111100000100,1
1000000001000000010000000100,1
0000001000011000011101000000,1
0010000000000000010100000010,1
0000000001111000000100010000,1
0000000010000000011110001000,1
0000000000110100001100001000,1
0000000001111000010100000010,1
0000000001100000100100100000,1
0000100000010010010100000000,1
0001001001010000011101000000,1
0001000110100000001100000010,1
0010000001000000011000000000,1
0000000000000000011100011010,1
0111000000000000010010000000,1
0100000001100000010100110000,1
0000010101100000011100000000,1
0000000101010010010100000000,1
0001101000010010001110000000,1
0001110000000001010100000000,1
0000000001000000010100100001,1
0000000001000100010111001100,1
0110000101010000010100000000,1
0001100101000000010100001000,1
0100000001000000000010001000,1
0000000000010000010100001001,1
0000100001000010000110001100,1
0000000001010000000100001100,1
0010000001000001110100000000,1
1000100001010000100100100010,1
0100000001110001111000110000,1
0100000000100000001100001100,1
1000011001100000011100100000,1
0000000001101000000000000000,1
0000000000000000000101100010,1
0010000001100000001000000000,1
0100000101110000010000100000,1
0000000001100000001110111000,1
0000010001001000000100000000,1
0000000010010111001100110100,1
0000100000011100010100000000,1
0100100001100000010100100000,1
0000000000000000010101000010,1
0100100000111010011100100000,1
0000000000100000001100100100,1
0000000000110100010100100100,1
0000000001100100000100001000,1
0000000001110100011100010000,1
0100000000010000001101110011,1
0000000001010000000110000010,1
0000010000100000010100001000,1
0000000001000000010100010100,1
0001100000010000000100000000,1
0000100000000000010101000000,1
0000000001100000010100101101,1
0000100000000001000100000100,1
0100000001000000000110101000,1
0000001001100001001100000100,1
0000000001000000001100110101,1
0001110001000000000100000000,1
0000000000000000010111000100,1
0001101000010000000100100000,1
0010100001101000011100100100,1
0001100001110000001110100000,1
1100000001100000000100100001,1
0000000001000000010110010000,1
0100000001100000000000000000,1
0100000001010000000110000100,1
0001111000110000001000100000,1
1000000000110000011110000000,1
0000010000100000001100000011,1
0000101001100000010110000000,1
0000110001110100010100000100,1
0000000010000000010100100000,1
0111000001100000010100100000,1
0000100000110000011000110000,1
0001000101000000001100000110,1
0000000001100000010100101110,1
0000010000100000000100000000,1
0000000010110000011110001100,1
0000001001100000010100101000,1
0000100001101000011000000000,1
1000100000110001011100000000,1
0001101000010000011100001000,1
0000001010000000001100000100,1
0000000001100001110100000010,1
0000000000110000011100000010,1
0000000000110000000111000000,1
0000010000100000000100100000,1
0001111001100000010100100000,1
0000100000000010000000000000,1
0000001100000000011100000000,1
0000100001100000001100101000,1
0100000001111100011000000000,1
0000000010010000010100001000,1
0000000001011110010100000000,1
0000000000000000010100100101,1
0000001001100000001100011000,1
0001100000100000010000000010,1
0001100001010000000100101000,1
0100001010100000011100100000,1
0000000001101001010100000000,1
0000000011000000000110000010,1
0000100001100000011100110000,1
0010001101000000000100000010,1
0000000101100000010100000100,1
0000000001100000001100010100,1
0000000111000000011000000000,1
0000000000011000000100100000,1
0100001001100010000100101000,1
0010000001000010010100000000,1
0000001001100000001100001000,1
0000000000110000010110100000,1
0000000001100001001100000100,1
d210944lir9s73aidda0
0000000001010000011100101000,1
0000000001100000011100100000,44
0000000001100000010100100000,54
0000000001100000001100000000,33
0000000001000000011100100000,50
0000000000010000011100100000,15
0000000000010000011010011000,1
0000000001010000011100100000,32
0000000011010000010100100000,3
0000000000010000011100101000,2
0000000110010000011010101010,1
0000000001110000001100100100,6
0000100000010000011100100000,4
0000000000010000001100100000,5
0100000001100000010100100000,3
0000000001100000011101100000,6
0000100000000000001100100000,4
0000000001100000010101101000,1
0000000000010000011100100110,2
0000100001100000011100100000,10
0000100000010000010100100000,7
0000101001000000001100010000,1
0000000000010000011110100000,3
0000000000110000011100100000,18
0000000000100000011100100100,2
0001100001110000011100001000,1
0001100001000000011100100000,5
0000100001000000001100100010,2
0000000000010000011100000000,14
0000000001100010000100100000,3
0100100001100000101100000010,1
0000000000000000001100100000,16
0001000001110000011110000010,1
0000000001110000000100100000,32
0001101001000000011000110100,1
0000010001100001000100100000,1
0001100001110000011100100000,2
0100110000110000011100100000,1
0000000000010000010000100000,8
0000000001010010000100100000,2
0000000001010000011110110000,1
0000000001100000011100100100,13
0000000000110000010100100000,10
0000000001110000010100100000,42
0010000000110000000100100000,1
0000010010000000001100100100,1
1000100001000000001101100000,1
0001000001100000001100100100,1
0100000010111000011100110100,1
0000000001110001011010100000,1
1100001000110000010100100010,1
0000111000010000001101100000,1
0001111001100000011000100000,1
0000000000111010011100101000,1
0000010001100000010100110110,1
0000100100100000000100100010,1
0000100001110000011100101110,1
0000000001010000000100100000,27
0000000000010000010110100000,2
0000000001000000000100100000,33
0000010010010000001100100000,1
0000100000010000001100000000,2
0100000000010000011100000000,3
0100100000000000001100000100,1
0000100101000000001100100000,1
0000100001010000001100100010,1
0000000011000000010000000000,3
1100000001110000011100100001,3
0000100001100000000100100000,11
0000000001100000001001100000,1
0000100001100000001000100000,7
0000000100110000001100101000,1
0000000001110001001100000100,2
0001000001100000010100100000,4
0000100001110000001100100000,6
0000000001010000000100100100,5
0000100001010000011110100010,1
0000010010000000000100100000,1
0000000001000000000100101000,3
0000000000110000011110100100,2
0000000001100000010100100001,1
0000000000010000000010100000,4
0000100001100000010100000000,9
0000100001110000000100100000,7
0000100001110000011000100000,6
0000000001000000010100100000,56
0000000001100010011100000000,2
0000100001110000000101000100,1
0000000001110000001100100000,26
0100000000110000010100100000,1
0000000000110010001010100000,1
0001000001100000000100000000,1
0000100001110100010000100010,1
0000000001100000001101100010,1
0000000000010000001100000000,7
0000000001010000011100011000,1
0000000001100000011100100010,2
0000000001010000001000100000,17
0000000000110000011100100100,3
0100000001100000011110110000,1
0000000001000001001001000000,1
0000101000010000010000100000,2
0000000000100000001010100000,2
0000000001110000011100100000,52
0000000001010000011100100100,5
0000100001100000000100101000,1
0000000001100000001010100000,5
0000100001100000000110100110,1
0000000001100000010000000100,4
0000000001100010001100100000,1
0000000001000001101110000000,1
0000000001100000000100100000,32
0000100001110010001100100000,1
0000001001000000000100100000,7
0001000001010000001100100000,2
0001100001100000001100100000,1
0100000001110000010100100000,2
0000010001100000001100100101,1
0100100001010000010100100100,1
0000100001000000000100100000,6
0000000001000000010110100010,1
0000000001000000010100000000,58
0001100001110000001100100000,3
0000000101110000011110100010,1
1000000001100000010100100000,1
0000010001010010011100100100,1
0000001001000000011100100000,5
0000000010111100010101100000,1
0000001000010100010100100000,1
0000000001110000101110000000,1
0000100001010000000100000000,4
0000100001100000010000000000,7
0000000001000000011100001100,1
0000010000101100010100100010,1
0000100000010000000100100010,1
0000101001110100000100100000,1
0000100001010000011100100000,6
1000000000110000001100100000,1
0000100011100000000100000010,1
0100000001010000010000000000,1
1100000001100000000100000001,1
0000000001100000010101000000,2
0000000001100000000100000000,34
0000000000010000010100000000,8
0100000000010000011110100000,1
0000000000110000001100000000,9
0000000000000000000000100010,2
0000001000011000011100000000,1
0111100001011000001110000000,1
0000100001100000001100000100,2
0000000001000000010000100100,7
0000000001100000010110100000,10
0000001000110000001100000000,1
0000000001110000010100000010,5
0001100001000000010100000000,2
0000000001000001001100000000,2
0000000101100000011100100000,1
0100100001110000010100000010,1
0100100000111000000100000000,1
0000101000110000001100000000,1
0000001001100000011100001000,1
0000000101100000000000001000,1
0000000001000000011100000000,41
0000000011111001000100000000,1
0000000000010000011110000100,1
0000101001110000001110100000,1
0000100001000000010100010100,1
0000000001110000011100001000,4
0000000001100000011100000100,9
0000010000010000001100000000,2
0000110001010000011100000000,1
1100100001110000011100001001,2
0000100001010000001110000000,2
0000100001010000011100000001,1
0000000001010000000010000010,1
0000100001001000001100100000,1
0000001000000000011000000000,2
0000000001000000001100000000,36
0000001001110000001100000000,2
0000000001010010001100000000,1
0000000000110000010100110100,1
0000000011110000001000000000,1
0000011001100000010000100000,1
0000000000010000000100000000,4
0000100001100000011110100000,2
0000001101010010011100000000,1
0000000001110000001101000100,1
0001100001010000100100100000,1
0000000001011100000100000000,1
0000000001010000011000000000,7
0001000001000000010100000100,1
0100000000010001011100000100,1
0000010000010000010100100000,1
0000100000110000010100100000,5
0000000001110000010110000000,7
0000001001110000001101000000,1
1100000000010000000100000000,1
1100000001010000010100000001,1
0001000001100000001010000010,1
0000000000000001010100000001,1
0000000101010000001100000000,1
0000000000010000011100000010,2
0000000001010000011110100000,8
0000000001110000010100000000,41
0000100001110000011101100110,1
0000000001101100011101000000,1
0000000000100000000100000000,5
0000000000110000001000000000,3
0000000001010000010100000000,36
0000000001110000010110100000,6
0100000000000000011110001000,1
0010000000101010010100000000,1
0000000000100000000100100100,3
0000001101110000010100000000,1
0001100001010000011100000000,4
0000000000000000000000100000,9
0000000000000000010100000000,14
0000010000011010001100000000,1
0000000001110000010110001100,1
0000100001010000010100000000,7
0000000000100000011100100001,1
0000000001010000011100000000,26
0000001011100000000000000000,1
0000100001100000000100000000,8
0100000001010000010100000000,4
0100000000000010010100000010,1
0000000001110000010100101000,5
0000000001100000010010100000,5
0010000000010000001000100000,1
0000000001110010011100000000,2
0000000001110000011100000100,7
0000100001000000010010000000,2
0000100001010000010100001000,1
0000001101000000000100001000,1
0001101001100000000100000000,1
0000000001110000011110000000,4
1000000001010000011100000010,2
0000001001000000011100000101,1
0000000001100000011110100000,12
0000000000100000001000000110,1
0000111000100000001000101000,1
0000000000010000010100100100,5
0000100001010000010100110000,1
0000001001010000000101100010,1
0010000001110000010100100100,2
0000001011100010001000000000,1
0000001100000000011000000100,1
0000010001010000011100000000,3
0000000000000000001110000100,2
0000000000100000010101000000,3
0000000001100000000100000010,6
0000000001010000000100000000,16
0000001001110000010100100000,8
0000100001000010010000000000,1
0000001000010000001100000100,1
0001000001110000001100100000,2
0000001000100000011010000000,1
0001101011110000010100100000,1
0000100000010000010100001000,1
0000000001110000011100000000,33
0000000001110000001100000000,20
0000100011010000011100000000,1
0000000001110000011000000001,1
0001000001110010011100000010,1
0000100000110000011100000000,5
0000100000000000011100001000,1
0000100001100000011100000000,8
0000001001100000010100000000,9
0000000000000000010000001000,1
0000000000100000011101000000,5
0000100000100000010100000000,6
0000000001100000011100000000,42
0000001001010000000110000001,1
0000000000110001011110000000,1
0000000000010000010100100000,19
0000000000100000010100000000,23
0000100001110000011100000010,3
0000000001110000011111100000,2
0110000001010000000000000000,1
0000001101110100001100000000,1
0000000001000000001000000000,22
0000000000000000011100000000,17
0100000001110000100100000000,1
0000000000110000011100000000,13
0000000000110000011100001000,1
0000000000000000010000000000,12
0000100001000000011100000000,13
0000000000110000111110100000,1
0000110001000000011100000000,1
0000000001010000011101100000,2
0000000000110000000100000010,2
0000000001010000011000010000,1
0000000001110000010100100100,8
0000001000110000010110000000,1
0000000001110000000110100000,6
0001100001010000011100001100,1
0000000001010000001100000000,18
0000000001010000011100000100,5
0000000001110000010010001000,1
0000000001110000000011000000,1
0000000001110000000000001000,3
0000001000110000011100100000,3
0000101001100000000000000000,1
0011000001110000011100000000,1
0000010010010000011100001000,1
0000110000110000000100000000,1
0000000001110000011010000000,2
0000000001010000010100000100,9
0000001001010000001000000000,1
0000000000010000011000001000,2
0000000001010000001010000000,3
0000000011110000011010000000,1
0000001001110000001000000000,3
0000000000110000111001000000,1
0000000000000000101100000010,1
0001101000000000010000100000,1
0111100001000000000101000000,1
0000000000000000010100001000,1
0001100001010000000100100000,2
0000000001000000000100001000,4
0001000001100000011100001000,1
0000000001010000010100100000,40
0000000000110100010100001110,1
0000010001010000000100100000,1
0010000001000000001100000010,1
0000000001000010000110100000,1
0000000111010000010100000000,1
0000000000110000001100001100,1
0000000001100000010100000000,50
0000000000111000000100100010,1
0000100001110000000100000000,6
0000000001000000000100000000,32
0000100000000010010100000000,1
0000001100110000011010000100,1
0000001000010000011110000000,2
0000000001010000001101100000,2
0000000011110000010100000000,3
1100000001110000000110000100,1
0000100001000000010100000000,10
0000100001001000010100100000,1
0000000011101000010101100000,2
0000000001010000010000100000,30
0000000001110000001111000000,2
0000001001000000011100000010,2
0000100001110000010100000000,15
0000100000110000010100000100,1
0001010001100000011100000100,1
0000000001010000010100000101,1
0000000000011000000100000000,1
0000000001010010000000000000,1
0000000000100000001100000110,1
0000000001000000101100000010,1
0000000000110001000100000000,1
0000000000000010010100000000,2
0000000000000000000100000000,11
0000000000100000011100001100,1
0000000011000000000100000000,3
0000100001000000010100000010,2
0000010100010000010100001100,1
0000010001010001100100100000,1
0000001001110000000100000010,1
0000100000000000010100000000,9
0000000001100000010100000010,10
0001100001010000000100000000,3
0000010001010000101000000000,1
0000000000100000011100100010,5
0000000000000000010100100000,29
0000100001110000010100001000,2
0000001000110000010100000000,2
0000000001110000000100000000,22
0000000001110010010100100000,2
0000000011010000010100000001,1
0000010001110000010100001000,1
0000000101100000010110000000,1
0000010011010000010100001110,1
0000000100011000010100100000,1
0010100001100000010110000100,1
0000010011100000010100000000,1
0000001001010000100000100000,1
0000001001100100010111010010,1
0000001000000000010100000000,2
0000000000100111010000000000,1
0000000010100000010100000000,1
0000010001010000000110000000,1
0000100001110000011100100000,14
0000000011100000011010100000,1
0000010001100000011100000000,3
0000100001110000000110000000,1
0000001001110000000100001000,1
0000000001100000001100001100,1
0000001001100000000000000000,4
0001000001000000011100100000,4
0000000000000000001100000000,7
0000000100100000011100000100,1
0000000001100000011100010000,2
0000000001100000001110000000,6
0010000001110000000100100000,1
0000000100010000010100100000,4
0000010011110000000100100000,1
0000001001010000010100000000,2
0000000001000000001010000000,2
0000001001100000011010000000,1
0000010000000000010100000010,1
0000000101000000010110100000,1
0000000000000000000100001000,3
0000010001010000011100000010,2
0000000000000000011000000000,10
0000001001001000010110000110,1
0000000001000000010111100000,3
0000100000110000000100100000,3
0101000000100000010100000010,1
0000000001110000010111000010,1
0000100001000010010100000000,1
0000000001100000000001100100,1
0000000011000000010010100010,1
0001101011001000100100100000,1
0000000001000000000101100010,1
0000000101000000010100000000,3
0000000000010000010100001000,2
0010100001100000001100110000,1
0000100011000000000000000000,1
0000000000000000010100101000,3
0000000001100000010100100010,11
0000000000000010011000000000,2
0000000000000000010100000010,4
1000000001100000011100010010,1
0000001000100000001100001000,1
0000000001100000000000000000,22
0000000001010100000110100010,1
1000000001000000000100001000,1
0000000001100000010100000110,3
0000001001110000001010001000,1
0100100011100000101110000000,1
0000000000110000010100000100,1
0000000101010001000100101000,1
0000000001011000001100001000,1
0000000000010000010110000010,1
0001000001010000001100000000,1
0000000000100000001100000000,7
0000000000011000011100000000,4
0001000000000000010100100000,2
0000100001101000010000000110,1
0000100001010000011100100010,2
0000100001100000010100100000,7
0000100000000000000100000000,4
0001110100000001010100100000,1
0001100001000000001101000000,1
0000000000100000010100000100,2
0000100001100000001000100100,1
0000011101100000010101100000,1
0001010101000000010000000000,1
0000000001100000011000010000,2
0000100101100000000100101000,1
0000000001000000111100000010,1
0000000011100000001100000000,2
0100100101000000000100000100,1
0000010001110000011000100010,1
0000000000110000001100001010,1
0001100000000000001100000000,2
0000000001100010010100101000,1
0000110000100000011100001000,1
0000000000010000000100000010,1
0000000001100000100000101100,1
0000101000100000011100101010,1
0000000001000000000000000000,16
0000000000100001001101001000,1
0000110001100100011100000010,1
0000000001010000011010000000,3
0000000001010000000110011000,1
0001000000100000010100000000,2
0000100000000000001100000000,2
0000000001100001010100100000,4
0000100001010010010100000110,1
0100000001110000011100000010,2
0000101001100000001100100000,1
0100100111110000001100000000,1
0100001000100000000000111000,1
0000000001100000001100000100,4
0001100001100000011110000100,1
0000100000110000011100100000,2
0001110001000000000100101000,1
0000001001010001000100000000,1
0000100000100000000101100000,1
0000000001100000010111100000,3
1000000001000010010100110100,1
0000000001000000001110000000,2
0100000001100000011100100000,4
0000010001000000001110000100,1
0000001001100000000100000000,5
0000100001100000000100000100,2
0000000111110000000101100010,1
0000001001000000001100000000,3
0000010001000000001100100000,3
0000000001010000010100001000,5
0100000001000000001100100000,2
0000000001100100011100000010,1
0000000001100000000100100010,3
0000000001100100111100000000,1
0000100001100000010100100100,4
0000000001100000001100100000,24
0000000000110000011100000010,1
0000101001100000011100000000,2
0000000001100000000100010000,1
0000000001000000000100000010,4
0000001001110000101100100000,1
0000010000100000010100100000,3
0000001100110000010100000000,1
0100001001100010011110100001,1
0000100101100100001100100000,1
0000000000010000001000000100,2
0001100000010000001101000100,1
0000100001000001011100000000,1
0000000001010000001100010001,1
1010100001000000001100000011,1
0000000001000000011010000000,7
0111000001110000000110000000,1
0000000000100000010000000000,15
1000000001100010010010000000,1
0010000011000000011010100000,1
0000010001000000011101100100,1
0000010001110000000100000010,1
0000000001100000011110000000,8
0000000001000000011110000100,3
0000001000100000011100101100,1
0000000001100000011000000010,3
0000000001100010010100100000,5
0000000000100000010100000010,2
0000000000000000011000000100,1
0000001000000000010100101000,1
0000000001100001000111010000,1
0000000001000000000000101000,2
0000000001110000100100010000,1
0001100000110000011100000000,1
0001000001100000000100100000,2
0000000001000000010100000100,4
0000000001100010010101010100,1
0000000001100000010100001000,3
0000100001000000011000000010,3
0001000001000000000100000000,3
0000000001000000000100111000,2
0100000001110100000110000000,1
0100001001100000011100101000,1
0000000111010000010000100100,1
0001100001000000010000100000,2
0000000001100000111100001100,1
0000000000010000011010000000,1
0000000101110000100100000000,1
0000000001000000010100100001,1
0000000001000000001100100000,23
0100000000100000001100100010,1
0000000001000000011100000001,1
0000010001100000011100100000,2
0000001001100000010100100010,1
0000101001100000010100100000,3
0000000001100000010100100100,7
0000010001000000011100000000,2
0000011101000000010100000000,1
0000000001000000010100000010,7
0000000110000000110100000000,1
1000000010100000010100101100,1
0000000000000101100100100100,1
0000000011100000011100000010,1
0001001001000000001100000010,1
0001000001100001111010100000,1
0000100001011000010100000100,1
0000000100100000010110000000,1
0000100001100000000001000110,1
0000100001000000011100100000,16
0000000000000000000100100000,7
0000101000100000011100100000,1
0000000000010000010100100010,4
0001001001110000010110100000,1
0000000001110000010100001000,1
0000000000000000010010101100,1
0000000001000000000100100010,4
0001100001010000000100100110,1
0000000001100000000110000000,3
0000110000000000010100100000,1
0000000101010000000100100000,2
0000100000000000010100000001,2
0000000001100001011100100000,1
0000100000000000010100100000,10
0000000001010001110100100000,2
0000000000000000010101000000,2
0000000001000000000100100110,2
0000100001000000010100100000,12
0000000100010010000100100000,1
0000000001000000011100100100,9
0000000000010000011110000000,2
0001100001100000011101100000,1
0000000001100001000000000000,2
0000010001100000011000100000,2
0001100001100000011100100000,1
0000000001100000101100100000,1
0000001001100000010110000000,2
0000000001001000001100100000,3
0000000011000001001100000000,1
0000000000000000011100000010,3
1000001000010000010101000000,1
0000000001110001011100000000,2
0001101001000010010100100000,1
0000100101100000010100000110,1
0000010000100001110100000000,1
0000101001000000001100100010,1
0000000001100000000100100100,6
0000000001100001110100100000,1
0000000000000000011010100000,3
0000100101110000010100000010,1
0000000001110000100001100000,1
1000000001001000000100100100,1
0001000001000001011110100000,1
0000110001110000001111100000,1
0000100001100000000000000110,1
0000000001000000001100000011,1
0001000001000000010110000000,2
0000000001101000001000000000,3
0000000001001000010100000100,1
0000100001000000101100100000,1
0000000001000000011110000000,4
0000000001000010001100100000,2
0000101010000000011101100000,1
0000000001000000000101000100,1
0000000001100100010100000010,2
0000001101100000001100000100,1
0000100111000000011100000000,1
0100000001000000011100000010,1
0000000101101000001100101000,1
0001111100110010010100000000,1
0000010000010000010110100010,1
0000001100000000010000000010,1
0100100101000001011010000011,1
0001000001000000001011000100,1
0000010001010000010100100000,2
0001100000010000010100100000,1
0000000001100000001100100100,5
0101101000110000010100000010,1
1100000001100000000000000101,1
0000000000000000011100001000,2
0000000011100000001100100001,1
0000000001000000011100100010,10
0000000001000010001100000000,1
0000000011100000011100100000,5
0000000010000000001110100000,1
0000001001100000010110100100,1
0000000001110010001100000000,1
0000000110100000001010100000,1
0001000001000100011010000000,1
0000110001110010101100000100,1
0000100001110000011000000000,2
0000000000010000011100000100,2
0001000001100000011101100110,1
0100000001000000001100000010,1
0001000001010100010100100000,1
0000001001110000011100000010,3
0001100001000001011100000000,1
0000000000100010001101100000,1
0000000001000000101100100110,1
0001100000000000010100100000,2
0001000000000000001000000000,1
0000000001000001000000100000,2
0000010101000010001100000000,1
0000001101000000011100000000,1
0000000000110000011110100000,3
0000000000100000011000000000,10
0000000000000000010100000100,1
0000100000000000011100000000,6
0000000000110000010110100010,1
0000100011110100010100000000,1
0000000001111000011100100000,4
0000000000100000011011000100,1
0000100000100000011010000000,1
0001000001100000011100000000,1
0000100001100000001100000010,2
0010000001100010011100000000,1
0000001001010000011110011000,1
0000001000000000010100000010,3
0000000001000000010110000000,6
0111100001110000011010000010,1
0000101001100000000100100100,1
0000000000110000001100100000,8
0000000000101100010100001000,1
0000100000010100010100000010,1
0000000000110000010100000000,7
0000010001100001011101111000,1
0000100000110000000100000010,2
0000100000010000011100000000,5
0000100001100000001110101010,1
0000000001110000000101100000,3
0010000001000000001110000000,2
0000000100000000000100100000,2
0000100000110000001110000000,1
0000100000100000001100000000,3
0100000001010010010110100000,1
0000100000100010011110000000,1
0000000000100000001100100000,18
0001100100110000001000000100,1
0000000101000000000100000000,2
0000000001000000000100101110,1
0000000001000000011000000000,14
0100000001100100011100000000,1
0000101001000000011100000000,1
0000000101000000011000000100,1
0000000011110010010111000000,1
0000000000000000011101100000,2
0000100100110000001100101000,1
0000000000010000001101000000,1
0000100001010000011000000000,2
0001100001000000011100000000,3
0000000001110000011100110100,1
0001100001100000011110000000,1
0001000001000000011100000010,1
0000010000110010010100000011,1
0000000001000010011100000000,4
0001000001110000011000000000,1
0000100011001000000100000000,1
0001100001000000000101101000,1
0001000001000000000100100000,2
0000001001000000010101100000,1
0100010001100000000100000000,1
0010000001010000011000000000,1
0000000000100000010100100000,22
0000001001100000000100100000,3
0000000000110000000100000000,3
0001110000000000011100101000,1
0000000001100100111010000000,1
0000000001000000011000100000,19
0000010001100010000101000000,1
0000000001000000011101100000,5
0000001001100000011000000000,1
0000000001010010010001010000,1
0000100001100000010110100000,1
0000000001000011010100100000,1
0000100001000000010100100010,1
0000100000100000000100000000,1
0001100001100000010100000000,2
0000001001000000110100000000,1
0000010001000000000000000000,3
0000000000000000010000000100,1
0000000111100000010000000000,1
0000010001100000010100000000,3
0000000001100001011100000000,5
0110001101000000010010000000,1
0000000001100000011000000000,18
0100000001000000011110000000,1
0000000011010000010100100010,1
0000000000000000000100000100,4
0001100000000000000100000000,1
0000001000000000001100000000,2
0000000001100000011111100000,3
0000000001110000000100001100,1
0000101001010000010100100000,2
0000100101010000000100100001,1
0000000001000010010100100000,2
0000000001111000000100000000,2
0100000000100000001110100010,1
0000001001000000001100100000,5
0101010001100000011100100000,1
0000001101000000000100000100,1
0100001001100000011100000010,1
0000000001111000011110000000,1
0000000001100010000100000000,4
0001101000010000000000001000,1
0000001001000000001110000000,1
0000100001100000001100100000,4
0000000001000010000100100000,2
0000000000000000001100010000,3
0000000000010000011011000000,1
0000000001100000011111000000,1
0000000000000000011110100000,4
0100000000010000010000001010,1
0000000100010000011100000100,1
0000000001100000110111100100,1
1000000000000000010100000000,2
0000000011010000001100000000,2
0000100001100000001100000000,7
0001000000010000010001000000,1
0000000001110000010010000110,1
0000000000100100011100000000,1
0000000001100100001100000000,2
0000000000110000000000000000,5
0000000001100000011100000010,9
0000000001000010011110000100,1
0000000011100000101110000100,1
0000000011100000011110000000,1
0000000001000001010110000000,1
0000001001100000011100000000,4
0000100001110000011100000000,7
0000000001000000010000000000,28
0000100100100000010000000000,1
0000001000110000011100000010,1
0001100001110000000110000000,2
0000000000010000010101100000,3
0000000001000000000110100010,1
0100000001100000011100000000,3
0000100001100000110110000000,1
0000001001000000000111100000,1
0001000000100000011100100000,2
0000100001100000000000000000,6
0001100001100000000100010010,1
0000100001000000010100000100,1
0000000001100000110100000010,1
0000000001010000000100000010,1
0000011101000100001100000100,1
0110000001000000000100100000,1
0000001001000000010101000000,1
0100100000000000011100110000,1
0000000000011101101100000000,1
0001100001100000011100000000,6
0000101001000000001100000000,1
0000111011100000010100000000,1
0000101000010000000100000000,1
1000001000000000010100000000,1
0000000001000000000100000100,5
0000100001001000001100000000,1
0010000000010000011100000110,1
0100000001010000010000000100,1
1000100101100000011100000000,1
0100100001010000001100000100,1
0000100101100000001100000000,1
0000000001110000010000000000,21
1100000001110000011100000000,2
0010000001100000001100000000,2
0000001000100000011101000000,1
0000000000000000110010000000,1
0000000001000000001100110000,3
0100000001100100010100000000,2
0000000101000000011100000000,2
0000100000110000010100100100,1
0011100000000001011100100000,1
0000000001010000001100100000,16
0000110000100000011110100000,1
0000011101100000011100100000,1
0000001001000000011000000000,4
0001000000110000011100000000,1
0000100000110111000100000000,1
0000100001010011011100100000,1
0000000001110011111000110100,1
0001000001100000001110100100,1
0000000011000000000100000100,1
0000000001110000011100111000,2
0000100001110000011110100000,3
0100000001011000011100100000,1
0110000001010000001000000010,1
0000000001100001000100100000,2
0100100000010000011100100110,1
0001110000010000011100100000,1
0000110001100000010100100010,1
0000000000100000011110000000,3
0000000001000000000000000100,2
0001000000010000011100000000,1
1000000000110000000100000100,1
0000101001110000000100100000,1
0000001001010000010100100000,5
0000000011100000010110000100,1
0000000001100000001100000010,4
0000000000010010001000100000,1
0000100001000000010110100000,4
0001100101000000001100100000,1
0000000011010000001100100000,2
0000100000010000000100100000,3
0000000000010000001000100100,2
0001000000110000010100100000,1
0000000001000000001110100000,4
0100000001110000011100100000,1
0000000001110000011100100010,3
0000100000010000011100100010,1
0000001101000000011100100000,1
0001100101110000000110100100,1
0000000110100000000100000000,1
1000000101110000010100100000,1
0000100000010000000100000010,1
0000000000100000000100100000,8
0000010001000000011100100000,4
0000100001110000001100100010,2
0100010101000000011000100000,1
0000001001100000010101100000,1
0000000100010001011100001000,1
0000001001100001011100100000,3
0000000001010000001100000010,3
0000000101110000101100000000,1
0000000001010000011100010101,1
0000101001110000011100100000,1
0000101001000000011010100000,1
0001000001110000010100100000,5
0000100001000000001100110110,1
0000000101000000010100100010,2
0000100001000000001100000000,7
0000001001000000001110100100,1
0000000000000000001100100010,1
0000001001100000000000100100,2
0000000001000100011100100000,2
0000000101010000011100000010,2
0000000001000000011110100000,4
0000001001110000011100100000,6
0000000000010010011100100011,1
0000010001100000011100100011,1
0000000000010000011000100000,5
0000000001010000011111000000,1
1000000001110000011101100000,1
0001000001100000011100100000,2
0010000001100000001100100000,1
0000000001101000011000100000,3
0000100011100000010101100100,1
0000000000100000011101100100,1
0000000000110000000000100000,2
0000001000010000010100101000,1
0100000000010010010100100000,1
0001000001000000011101000000,1
0000000001110000110100100010,1
0110000001010000000100100000,1
0010011101110000011100100000,1
0010000000110000011100100000,1
0001000001110000011100100000,3
0000000011101000011100100000,1
0000000001100000011101100100,2
0000000111000000011000100000,2
0000000000110000010010100100,1
0001100001010000011101100000,1
0100000000100000011100100000,2
0000011001100000001100100000,1
0000100001010000010100100000,7
0001110001010000010100100000,1
0000100001111000010100100000,1
0000000001100000011000100100,6
0000000000010000011100010000,3
0001000001010100000100100010,1
0000000001001000010100100000,3
0000000001010000000110100000,4
0000000000100000011100000000,19
0100010001100000000100100000,1
0000011101010100001100100000,1
0000000001100000001101000000,2
0000000000000000011100100000,13
0000000001101100011100100000,1
0001101001100000000100100000,2
0000000101100000001110100000,1
0001000001000000001001100000,1
0000000001001100001100100000,2
0000010000010000010111000000,1
0000000001010000001100100100,5
0000000001100000011001100010,1
0000000001100000010100100110,4
0001000000110000011100100100,1
0000000011000001011100100010,1
0001000001010000000100100000,1
0000011001110000000011000000,1
0100000100010000011101100000,1
0000000000111100001100100000,1
0000000001000000011000101000,3
0000000000010001011100100000,2
0001001000100000011100100000,1
0000000101100000011000000000,1
0000100001000000011110100000,2
0000011001000000000110100000,1
0001000000010000010110100000,1
0110100001100000011100100000,1
0000100001100000011100101000,2
1000000001110000011100100000,1
0000001001100000011100100000,5
0000000000110100011100100000,1
0000010000000000011100100000,2
0000000000111000011000100000,1
0000110101000000010100100000,1
0000000001110000011010100000,4
0000101001010000010110100001,1
0000110001100000010100100000,1
0000000001010010010100100000,1
0000100000000000100100000001,1
0000000001010001101000000000,1
0000000000100000011100100000,18
0000000001101001001100100010,1
0000000011110000001000100000,2
0000000001100000000111000000,1
0000000001000000010100100100,7
0000000001100000000010100000,6
0000011001100000011000100000,1
0000000001000000001000101000,1
0100100001100000011100100000,1
0000001001111100000101100000,1
0000000000100000000110100000,2
0000000001110010011101000000,1
0010000001100000000101100000,1
0000000001100000001110100000,4
0000000001010100011000100000,1
0000000101000010001100100000,1
0000000001110000010101101100,1
1001000001110000011100100000,1
0000000001110000001101000000,3
0000100000010000001100100100,1
0000100000110000001100100000,1
0000000001100000000000100100,1
0000000011000000001100100100,1
0000000001000000010101000000,3
0000000001011000001100100000,3
0000000111010000001000100010,1
0000001000010000001100101000,1
0000100001000000001100100000,7
0000000001010000000000100000,23
0000000101110000010100000000,3
1000000001010000001110100000,1
0000000101010000010100100000,2
0000010000010100001100100000,1
0000000001000001011100100000,2
0000000001100100001100100010,1
0000000110100000010100100000,1
0000000001010000011100100010,4
0001100001000000001110100000,1
0000000000110000011010100100,1
0000000001110100001101000000,1
0000000000101100011010100010,1
0000000001110000101110100000,1
0000110001101100011100100100,1
0000000000010000011100100100,3
1000000001110000000100100011,1
0000001000000000011100100000,2
1110000000110000011100100000,1
0000000001100000010101100000,5
0000100001100000001100100010,1
0100000001000000000100100000,1
0000000000100000001100100010,3
0000000001100010001100001000,1
0000100001010000011010100000,1
0000000001010000000111000000,1
0000000000110000000101000000,1
0100000001010000000010100000,1
0000000000110000001010010100,1
1100000001000000000100100100,1
0000000101000000011100100000,2
0001000000110001011100000100,1
0000000000110000011110100110,1
1000000001000000101100100100,1
0100000000010000000100100000,1
0000000001100000001100100010,7
0000000000110000011110100010,1
0010000001010000011101100010,1
0000000001010000011000100000,15
0000000000000000010100100100,4
0000000101100000010100101100,1
0000100101000010011110100100,1
0000000001011000000100100000,3
0000100111110000011100100000,1
0000101011100000001100100000,1
0000100001010000000100100000,4
1010100111010000001100100000,1
0000000001010100111000011000,1
0000000000010000101100100000,1
0001000001000000001100100000,3
0000001001100000010100100000,13
0000101001100000001010000000,1
1100000001110000001100100000,1
0000100001110000010000100010,4
0000000000010000000110000000,1
0000000001010000001100101000,1
0010000001010000011100100000,1
0000000000100000011000100000,6
0100000001010000001100100100,1
0000000001110000010100101100,1
0001100000100000010000100000,1
0001100000110000001100100000,1
0000100001110000010101000100,1
0000000001001000011100000000,3
0000000000110000010000100010,1
0000000111110010000010100000,1
0100000001100000000100100010,1
0000100000000000010101000000,1
0000001001100000001100100000,2
0000100001010000010010100000,2
0000000010000000001100100000,2
0000000000110000000101100000,1
0100000001100000001100100001,1
0000000001110001010110100000,1
1000000100110000011101100000,1
0000001001110000001100100000,5
0000100010110000011100100000,1
0000000001001000101100100000,1
0000000001011000011100100000,2
0001100001110000011100101000,1
0000000000110000000010100000,4
0000111110110000011101000000,1
0000000001011000011110100000,1
0001000001010000000100000000,3
0000000100100000010110100000,1
0000000001000000001100100100,3
0000000000110000011101100000,1
0001100000110000010100100000,2
0010000001100000011100100000,2
0000000011000000001100100010,1
0000100101010000010100010000,1
0000000001000000000000100000,13
0000101000110001011000100000,1
0000001011000000011100100000,1
0000000000110001011100100000,2
0000010001000000001100000000,2
0000110001000000010000100000,1
0001000001100000011100100010,1
0000000001010000011100010000,1
0000000001110000001111110000,1
0000000001100100011100100000,1
0001100000010000011100100000,1
0000000000010000011000100101,1
0000000000001000011100100000,1
0000000000110010001100000010,1
0000000000110000000111000000,1
0000000000110000110101100000,1
0000011001100000000000000000,1
0000100010110000011000100001,1
0000000000101000000100100000,1
0000000001010000001100100110,1
0000100000010001100100100000,1
0000000001110000011111000000,1
0000100001100000000100100100,1
0000000000110000010100001000,3
0100000001100010000101110000,1
0110000001100000001100100000,1
1000000101100000011100100000,1
0110000001100000001110100000,1
0001110001010000011100000000,1
0000000001100000001000100000,13
0000000000010000101100100001,1
0100000001000000001110100100,1
0000000100110000001110100000,1
0010100000010000011100100000,1
0100000000110110010100100000,1
0000001011110010001100100000,1
0000000001000000000010100001,1
0000100001110000001100000100,1
1000000100110000001000000001,1
0000000001110000001100000100,1
0000000001000000111100100100,1
0000100100110000010100000000,1
0000100001010000000010100000,3
0100000001010000001100100000,2
0000000001110000011100101100,2
0000100011110100001100100000,1
0101100001010000010100100000,1
0001101000010000011110100000,1
0100100001110000000100100100,1
0001100001010000001100100000,2
0000000110000000011101101000,1
0000100001010000000101100000,3
1000100001000000001100100010,1
0001110000110000000100001100,1
0000000010110000001110100000,1
0000100000110000011010101000,1
0000010000110000001100100000,1
0000100001000000011100101100,1
0000000001000000101101100000,1
0000000000011001001110100000,1
0000100001110010011100100000,1
0000000011110000011000101000,1
0000100001010000100100100000,1
0001100000100000011100100100,1
0000000001110001000100100000,1
0000000001000000011101110000,1
0000100000010000011100001000,1
0000000101110000011100000000,4
0000000001110000101100100010,1
0000000001010000011100000111,1
0000000000010000011100100010,3
0000000000000010001100100000,1
0000001001000000010100100000,5
0001110001101000001010100000,1
0000000001000000011100101000,2
0000100001010000000110100000,1
0000100001000000011100101000,2
0000010001010000011100100000,1
0001001000110000001100101010,1
1000000001010000001100100000,1
0100000001011000001100100100,1
0000101000000000011100100010,2
0000100001101000001100100000,1
0000000001000000101100101010,1
0001110000010100001100100000,1
0000000001110000011000100000,14
0000100011110001000100000000,1
0000000000010000101100100100,1
0000000001010000000100110000,1
0000000001110000000100100100,1
0000001101010000011100100000,2
0000001001110000000100000000,2
1100000000000000000100000001,1
0000100000000000010100101100,1
0000000001010001000100100000,2
0001100001110000010000000010,1
0000000001010001011100000000,2
0001000001110000010010101110,1
0001000100110000001101100000,1
0000000000110100000100100000,1
0100000000010000010110100000,1
0000000000010000000100000110,1
0000000001111010000100100000,1
0000000000110010001100100000,1
0100100000110000001010101100,1
0000000001110000011000100100,3
0000100101110000010100000000,2
0000100001110000001100101100,1
0000010001110000110100100010,1
1100000000000000001100101001,1
0001100001010000011110100000,3
0000101001010000001100100000,1
0000000001010000010001110000,1
0000000000010000000100100000,7
0000010001010000111110000000,1
0000100001010000001010100010,1
0000001100001000010010100000,1
0001000001110000001100000000,2
0000000001110000000000100000,17
0000100001110000011100100100,1
0000001000110000010100100010,1
0000000001110000011100110000,1
0000100001010000011100101100,1
0000000001110000011110100010,1
1000000011110000001100100000,1
0100100000010000000100100000,1
0000000000110000001000000010,2
0000000011110000001100100000,1
0000101000100000011100000100,1
0010100001010000000101100111,1
0001100100100010100100100100,1
0000110001110000011100100100,1
1001100000100000010100100000,1
0100010000000000010100100000,1
0000000001110000111000000000,1
0000000001100010010100000000,1
0000000001110000000100000001,1
0000100001010000000100101000,1
0000000001110000011100100110,3
0000100010010000000100100010,1
0001100100110000001100000000,1
0100100001110001010100100000,1
0000000000110000011100100010,2
0000000011000000010101011000,1
0111000001010000010100001110,1
0100000001010000011100000000,1
0000000001010000010100000010,5
0000001001010000011100000000,3
0000101001010000011100100000,2
0001000001010000001100001000,1
0000011001010010001000000000,1
0001000000010000011101000000,1
0000000001000001000100100101,1
0000000000000000011110101000,1
0000100000000000011100100000,7
0000110000100000001100100010,1
0001000001110000010100001100,2
1001100001100000011100100000,1
0000010001110000001000000000,2
1000000001010000001000100000,1
0000100001110010000100000010,2
0000000000001000100100100000,1
0000000101000000001000100000,1
0000000001110000001110100000,2
0000000001010010001100100000,1
0000100001000000011101100010,1
0000000000010000010101001000,1
0000100001010010000110100100,1
0000100000100000011100100100,2
0000011001110001011101000100,1
0000101101010000011100010000,1
0000000001110000011101000000,1
0000000001010000010110100000,6
0100000001110000011000100100,1
0000000001010001010100000000,1
0000000001010000011100001000,2
0000100001110000001101101010,1
0001100000100010001100000000,1
0000000011110000001000000100,1
0001100000010000010110001000,1
0000101001010000010100000000,2
0000111101000000010100100000,1
0000100000110000011100100100,3
0000000000100000011010101000,1
0000000000010000001100101000,2
0001100001110000010100000000,1
0000100001010000001010100000,2
0000101001110000011100100100,1
0000100011000000010100000100,1
0000000101110010010100001000,1
0000101100000000010010100000,1
0000000001010000001000000010,2
0000010000110000001100000010,1
0000000000000100011010100100,1
0000000001110000011100001100,1
0000100000100000001110000000,2
0000000001010000011100001100,1
0000100011100000010100100100,1
0000000000000000001101100000,2
0000000000000000010110101000,1
0001000001000000010100000000,1
0000000001110000010100010000,1
0100100000001000010100100000,1
0000100001110000010000000000,5
0000100000100000101101010000,1
0000000101010000011100101000,1
0100000001010010001011100000,1
0000100001110000011111001010,1
0000000000110001111100000000,1
0000100101101000001100100010,1
0000000010110000011100000100,1
0000000001110001011110100100,1
0000101001110000010100101000,1
0000000000110000011100000100,2
0000100101000000000100011000,1
0000000000010100011100100000,1
0011100001100000011100100000,1
0000000001110000000111100000,1
0000000001110001001100000000,1
0000000000010000010000001010,1
0001100001011000011000000000,1
0000000110010001011100000000,1
0001000000010010011110000000,1
0001000001110000011100000000,1
0000001001010000011000000000,1
0000000001010000011110000000,1
0000000001010000010100100010,7
0000110000100000010100000000,1
0000001001100000000100000100,2
0000100001010000011101111010,1
0000011001000000011110000000,1
0011000001010001101100000000,1
0000000001010000011000100010,2
0000100011010000001100000100,1
0000000001000000011100000010,4
0000000001000000000010100000,2
0010000001100000010100000000,2
0000000001011100010000000100,1
0000100001100000011000000100,2
0000100001111000011100000010,1
1000000000110000011100000010,1
0000101000110000011100001000,1
0000000001010011010111100010,1
0000100001010000000100001000,1
0000000000000000011100000100,4
0000000100010000001100000000,1
0000100101110000011100000010,1
0000100001010000011110100000,2
0000000001001000001110000010,1
0000100001110000000010100000,3
0000000000100001011001001000,1
0000000001100000000110100000,4
0000000101110000011100010000,1
0000000000100000010000100000,17
0000000001000000001100000100,4
0000000001010000011110100110,1
0000000101000000001100100110,1
0000000001010000011010100000,6
0000000001001000011100001100,1
0100001111010000000100000000,1
0000000001010000010000000000,12
0000000001110000011000000000,15
0000111101100000010100000000,1
0001110001011000011100000000,1
0000000010000010010100000000,1
0100000000010000011100101000,1
0000000000010000000100000100,2
0000001001000000011100000000,2
0000000001001100010100000000,1
0000011011010000010110100000,1
0000000101110000000100000000,3
0010100000110000001000100000,1
0001000000110000001100110000,1
0000000001110000011000000010,2
0000000001010000011000000100,3
0000001000010000011010000000,1
0000000111010000000100101000,1
0000100000000000101000000000,1
0000000001110000001100000110,2
0000000010000000010100000100,1
0000100001010000000110000000,1
0000001001010000000100110000,1
0000010010110001100110000000,1
0001000001000010011100000010,1
0000001011110000001100000010,1
0000001001010000100100000000,1
0000001001100001111101000000,1
0010001001010000011100000100,1
0000101001010000011100000000,1
0001100001010010001100000000,1
0000000001010001111101000000,1
0110000001110000011100100100,1
0000000000110000011000100000,5
0011100000110000011100000000,1
0010000000010000101100000000,1
0000000001000001101100000000,2
0000000000010100011100000100,1
0000000001010000111100100010,1
0000101000010001010100000000,1
0001010000010000011100000000,1
0000100001100000011101000110,1
0000100001000010001100000000,1
0100000001110000001100000000,1
0000000001010000000000000000,15
0000000001110000000111000000,1
0000100001010000011100000000,3
0000000001100000010000000000,19
0000000001010000001100000100,2
0100000001010000010100100000,2
0000000001110011111110000000,1
0000000001010000000100000100,2
0000000000010000101100001000,1
0000000001010000001100001000,1
0000000000100000011100010000,1
0000000001110000000000000010,4
0100000001110000011100000000,3
0000000000010110011100000000,1
0000000001010000011111100000,2
0000000000110000011111100000,1
0100000000101000011000000010,1
0000001001110000000100100000,2
0000000001110000011100010000,1
0000000101000000011001000000,1
0111000001110010001100000010,1
0000000000000000011000100000,6
0001100001110000011100100100,1
0000000001110000001000100010,1
0000000011110000011100000000,1
0000000001110100011100000000,1
0000000001100000011100001100,2
0000000000010000011101000010,1
0000000001010000011100000010,4
0000100101110000001101100000,1
0000100001000000001110000000,2
0000000000010000011100001000,2
0000100001010000010100100010,2
1000010001000000010100000100,1
0000000000010000001000000000,7
0000000001110000000101000000,1
0000000100010000011100111000,1
0000001001010000001100001000,1
0000000001110000000110000000,1
0000000000010111000100100000,1
0001100000000010011100100000,1
0000001011100000001100000000,1
0000100001100000011110000010,1
0000000001000100011100010000,1
0000100001110001011100000000,1
0001000001100000011100000110,1
1000000100010000011100000000,1
0111000000110000011100000000,1
0000110001010000010000000010,1
0000100001110000001100000000,3
0000000000110100011000101000,1
0000000000010000000100110010,1
0000010001110000011000100000,1
0000000001110010000100000000,1
0000000000110000001100000010,3
0000000000110000001101001000,1
0001001000110000001110100000,1
0100101001010000001100100010,1
0000100101010000001100101010,1
0000001001010000001100000000,2
0000000000110000000100001000,2
0000010001010000000100000000,1
0000000000100000010100100010,2
1100000000010000011100100001,1
0000100001000001010000100100,1
0000100001001000011110001000,1
0000000001000000011010100000,3
0100001001010000011100000001,1
0000000000010000000110100000,3
0000001001010000011100100000,3
0011011001010010010100100000,1
0000000001010010011100100000,3
0000000000000000011111111000,1
0000000001110000011100100100,5
0000000001000000000000100010,1
0000000010100000011100100000,1
0000000001000000001100100010,2
0100101001000010010100000100,1
0000100100000000010100100000,1
0100000001110000001100100000,4
0000000000010000010100101000,1
0010000000010000000000100000,1
0000000000110010011100100000,3
0000000000010000011101101000,1
0010000001110000011111100000,1
0000000001100000011110000010,2
0000001000010000011100100000,1
0000000001110000001000100000,13
0000000001110001111100100010,1
0000000000010000001100001100,1
0000100001110000010100100010,3
0000010001000000011100100110,1
0000100001000000001100101000,1
0000001001110000001100100100,1
0000000001100001010100001010,1
0000000000100000011100001010,1
0000100001100010010101000010,1
0000000001011110000100000010,1
0000000101100000001100100000,1
0000000001110000001100100010,2
0001100000010000001110100000,1
0000000000000000000100000010,3
0000000000010000011000100010,1
0000000001110000001100001000,1
0101110001010000011000000000,1
0000100001110000011100101000,1
1000000001010000000100100000,1
0000000000110000001100000100,1
0000000001000000010110000100,1
0000000101100000010100000000,4
0000000001010001010000100010,1
0000000000110000101100000100,1
0000000110100000011101000001,1
1000000001110000011100100010,1
0000001111111100011100100100,1
0001000001010000010100000100,1
0000100000010000011000100010,1
0000000000001100010100000100,1
0000000000110000011000000100,1
0000000001110000000100001000,5
0000000001000000011100000100,5
0000100000110000010010000000,1
0000100000010000000101000000,1
0000100001010000000100000100,1
0000000000110000010110101100,1
0011100001110000000100000000,1
0001110001110000001100000000,1
0000000000110000000100000100,3
0000000000110000011100001010,1
0000000001110000001100000010,3
0000000001100000011101000000,1
0100001001010010010100100100,1
0000000001100001000100000000,1
0001001001110000011100100000,2
0000000001110001110100000000,1
0000101001110000001100000010,1
0100000000110000010100000000,1
0000110001011000011100000000,1
0000000000011100011100000000,1
0000000001110000001110000000,2
0001000000010000010000000000,1
0000000000010100000110000000,1
0000100011110000011101000010,1
0000111001100000011100010000,1
0000000010000000010010100001,1
0000000000110010011100000000,1
0000001001110100000100000000,1
0000001000110000011100001010,1
0000000001010000011110001000,1
0000000001110001011101010010,1
0000000000101000011110100000,1
0000010001110000011100000000,1
0000000001010000000100101010,1
0000000000010000011101000000,2
0000100100000000000000000000,1
0000001001000000011100100100,2
0100000010000000011100001010,1
0100000000010000001100000000,2
0100100001110000011110100000,1
0000010001010000011000000010,1
0000000001110000001101000010,1
0000000000110000011000000000,3
0000100001110000010100100000,9
0000010000110111001000100000,1
0000001001110000010100000000,5
0000100100010000101100000000,1
0000100001010000001000000000,1
0000001000110000001110000100,1
0000100000110000001100100100,1
0000001001110000001000001000,1
0001101001010000010010000000,1
0000000101000001111010110100,1
0000000110110000011000100100,1
0000100001101000011100000100,1
1100000001010000010000000110,1
0000000101100010000000000100,1
0000010001010000011000000000,1
0001100000010000010000000000,1
0000000000100000011100000010,3
1000000000010100001000000100,1
0000000000100100011000101000,1
0000001000100000001000000000,1
0000000001100000001000000000,14
0011000001010000000000000000,1
0000000001110000011100000110,1
0000000000000000000011100010,1
0000101001010000001000000000,1
1000010001110000011100100000,1
0000000000001100000000110000,1
0000100000010000000010100010,1
0000100001100001001110100010,1
0000001001000100010000101000,1
0000000001100000000101100000,3
0000000000110000010000100100,2
0001000000010000000000101000,1
0000100001100000011000000000,7
0001000000010000011100100010,1
0000000001110010011001100000,1
0000000110110000010100100000,1
0000010001100000000100100000,3
0000110001110000001000100000,2
0000000000000000001010100000,1
0000100001000100011000100100,1
0000000001010000010000001000,1
1101100001010000010100010101,1
0000000001010001110100101100,1
0000000001100000010000100100,5
0000000001000000001000100110,1
0011100001010010011000101000,1
0000000001010001100000101100,1
0000010000110100011100000000,1
0000000001110000100000101000,1
0000100000010001111000100000,1
0000000001000010011000100000,3
0000000101000000011000100000,2
0000000000110000010000100001,1
0000000001000000011000100100,2
0000110001010000011111100000,1
0000000001010001000100100010,1
0001100001110000010000100010,1
1100000000110000001100100010,1
0000000000100010010010100000,1
0000100001010000001100100100,2
0010000000110000001100100000,1
0000000011010000011100100000,1
0000001001010000000000100001,1
0000000000010000010010100000,3
0000100000000000011000100000,3
0000001001110000110000100000,1
0000101011100000010100101000,1
0000000101110000010000100110,1
0000000001100000000001100000,2
0000001001110000010000100000,4
0000010001010000001110101010,1
0000001000110000001000100000,1
0000000001111001011000100000,1
0000100001001000010100101000,1
0000000001011000010010000000,1
0000000001010001011100100000,1
0000100001001100011000100010,1
0000000000110000001110100000,2
0000000010110000001100011000,1
0000000001100000001100101010,1
0000000001000001001100100000,3
0000000001010010000000100010,1
0000000001110000001010100000,5
0010000000110000001100100100,1
0000100001010001011000100000,2
0000000001100000011000101000,1
0111000001000000010100100000,1
0000000000010000001000100000,6
0000000001110000010000101000,1
0000101001010000001000100100,1
0000000101000000010000100000,1
0000000001100010001010000000,1
0001000001010000000000100000,1
0000110000110000010000000110,1
0000000101110000000000100100,1
0000100000010101101101100000,1
0000000001110001010111000010,1
0100100000000001010110100000,1
0000100001110001000000100000,1
0000100001010000011011000100,1
0000100000000000010000100000,7
0000110000110000010000100000,1
0000000001110000000011100000,2
0000100001110000001010100000,1
0000100000000000000000100010,1
0000100001110000001000100100,2
0000000001111000001000100010,1
0000100011100000011000100100,1
0000100000010000001000100000,2
0000100001110010000100101000,1
0111000001110000011100100000,1
0000100001110010010100100000,1
0000001010010000010100000000,1
0000001101100001110100110001,1
0000000001000010010100100100,1
0010000011100000000100100000,1
0000100001110000010111100000,1
0000000001110000010000100010,6
0010101101110000010000100010,1
0000000001100000010110100110,1
0000100000110000011010000000,1
0000000001110000000010101000,1
0000000001110010011100100010,1
0000100001100001001000100010,1
0000000000110010010100100000,2
0000000000000000000110100000,6
0000000001100000001000110010,1
0000100001010000010000100000,6
0000100001010001111000100000,1
0000100100100000000010100000,1
0000000000000000010000100000,21
0000100001010000000000100000,6
0000000001000010010000100000,2
0000000100010000000100100000,1
0000000001100001010010100000,1
0000101111110100010000100000,1
0000100000110010011100100100,1
0000000001000000001101100000,3
0000001110010000000000100010,1
0000100001110000010000100000,6
0001000001010000010100100000,1
0000000001100000010000100000,27
0000000000100010011100100100,1
0000001001010011001000100000,1
0000001001000000001100100100,1
0100000001110000000100100000,1
0000000001000000011000100011,1
1000000000010000001010100000,1
0100000000100000011110101000,1
0000000000100001000000100000,2
0000000001010000011001100010,1
0010000001000000011100101000,1
0000101001010000010000000000,2
0000000000010000001010100000,1
0000000001010000011001100000,2
1110000001110000001010100000,1
0000000001110000001100100110,1
0000100000010000011000100000,2
0000000001110000011100101000,3
0000001001010000001100100100,2
0000000001110000010101000000,2
0000000000110000001100100100,3
0000100000010000010010100000,2
0000000001010000000000100100,2
0010000001110000001010100000,1
0000100000000001010000100000,1
0000000001000000001100101000,2
0000010001010000001000100000,1
1000000001010000010010100000,2
0000110000110000110110000000,1
0100000000110000010010100000,1
0000100001100000010000100000,9
0000100000010001000100100000,1
1100000001000000001000100000,1
0000101001000000000110100000,1
0000000000010000000000100000,6
0000000000010000010110100100,1
0000100011000000011000100000,1
0000000001110000010100000100,4
0000100001010000000000000000,4
0000000001110000001000001000,2
0000000000110000010000100000,6
0001001001100000010110000000,1
0111000001110000000110100000,1
0000000001010000001000100010,2
0000000001000000010000100000,30
0000000001000000010001100000,4
0000101001110000010000101000,1
0000000001000000010110101000,1
0000000001000000100100100000,2
0000100000000000000000000000,3
0000101001010000011000000000,2
0000000001000000011101101000,1
0000000101100000010000100000,3
0001110001010000000000100000,1
0000011101110000010100100000,2
1000000001110000010010100000,1
0000000001010000010101101000,1
0000100000100000000100100100,1
0000001000100001010100100010,1
0000000000100000101100000000,2
0000000001110000001000000000,14
0000100001110000000000100000,5
0000000001100000000000100000,22
0000000000000000001100100100,2
0000000001010000110000100000,1
0000000000110000000000100100,1
0010000001100000000000100000,1
0001100001010000010010100011,1
0000000101010010010000110010,1
0001000001110000001000001100,1
0000001000100000001100100000,1
0000000001000000011100000110,1
0000100001100000011000100010,2
0000000001100000011000100000,27
0010000001110000010100101001,1
0000101001110000011000100000,3
1000000001010000011000010100,1
0110100001000000000100101000,1
0000100001001000010000100000,2
0000100000000000000100100000,5
0000000001010000001000100100,2
0000000000110000010001001000,1
0000100001010000010000000000,6
0001000001100000010101000010,1
0000010001000010001010011100,1
0100100001110000010110101000,1
0000000000000000001000100000,9
0000100001010100011000000000,1
0000101001010000001100101000,1
0100110001000000001000000000,1
1000100001010000000100000000,1
0001011001010000001000100000,1
0000000001110000011000000110,1
0000000000100000001110001010,1
0000100001100000011100001000,1
0000000001100000100100100000,1
0000010001010000011000100000,1
0001101001010000000000100000,1
0000000001110000010000100000,32
0000000101010010011100101010,1
0000011101010000011100000000,1
0000000000000000011100100010,5
0000010001010000010010100010,1
0001100101000000100000100000,1
0100000001000000010100100000,3
0111000001110000011100100010,1
0000001001010010000000000000,1
0100000001011000010100100000,1
0000001001010000010000101000,1
0001100011000000001000100000,1
0001000000110000111100100010,1
0000100000010000010000100000,1
0000010010000000010100100010,1
1000001001000000011101101000,1
1000000001010001000000100000,1
0000000001010000100101000000,1
0000000001110000000100100010,3
0000000001100000010100101000,2
0000100001100000001101100000,1
0010000000100000001000100000,2
0000000000100010000000100000,2
0000000000010010010000000000,1
1000000000000000001000100000,1
0100000001110000001000100000,1
0000100000000010010100100000,1
0000000001100000100000100000,1
0000000001110000010010100110,1
0000000000000000001000101000,1
0010100001110000010000100000,2
0000100001000000000000100000,3
0000000000110000011100101000,1
0000100000000000011101100000,1
0000011101011000000000100000,1
0000000001010000101000100000,1
0000001001100000011000100000,2
0000110000100000010100100000,2
0000000001110000000000100010,2
1000000101110000001100100000,1
0000000000010000011000110000,1
0000000001110010001000100000,1
0000010001110000010000100000,3
0000101001100000011100100000,1
0000000000100000001000011000,1
0000000001000000010101100100,1
0000000001001000001001110000,1
0000100001110000100000000010,1
0000001000010000011000100010,1
0000001001010000010100110000,1
0000001000111110010101000000,1
1110000001110000001000101000,1
0000000001000000010000100010,3
0000000001110000001000100100,5
0000100000100000010010100100,1
0000000001000000000010000000,5
0000000001110111110100101100,1
0000010000110000000011100010,1
0000000001100000000111100010,1
0000000010000010010101111000,1
0000000110010000010000100010,1
1000000001010000011000100000,2
0110000001000000010110100000,1
0000000010110000000000100000,1
0000111101010000011100100010,1
0000000001110000000100100110,1
0001100001000000010100100000,1
0000000011110000000010101000,1
1100000001111000011000000000,1
0000000000010000000100100010,2
0100000000110000011100100000,1
0000100001010000001011100000,1
0000001001000000011101000000,1
0100000000000000010100100000,1
0000010001010000010001100000,1
0000000000000001010100100100,1
0000100001110100000101111010,1
0000000001000000001000100000,23
0000101000100000010000100000,1
0000101001010000001000100001,1
0000101010110001010000000000,1
0000100001000000011000100000,5
0000000000110000000100100000,1
0000100100000000000000100000,1
0000000010000000010100100000,2
0000001001000000011000100000,3
0000100001010000110000100000,1
0000100001110000001000100000,2
0000100001110000010110000010,1
0000000000010000001010100001,1
0000001001110000001000100000,1
0000000001110000001001000000,2
0000000001100010010000100000,3
0000100101011010001100100000,1
0000110101000000011010000100,1
0001100001110000011100000000,1
0001100001010000000000100100,1
0000100001010000000100100010,1
0000000001010010001000100100,1
0000000001110000010110100010,1
0000100011010000011100100000,1
0000000001111100101100100010,1
0100000001110000011000100000,2
0000100001110000001111000010,1
0000000001100000011100100110,2
0001000001000000000000100000,1
0000100000110000010000100000,1
0001110001100000000000100000,2
0000100000100000011011000000,1
0100001001110000010100100000,1
0000000001110000011100000010,1
0000100111110000011111100000,1
0000000001110010010010100100,1
0000000001010000010000100100,4
0000000000010000001000100010,2
0000000001110001010100100000,1
0000100010100010011100100000,1
0001000101110000011000100010,1
0100000001010000010000001010,1
0001100001110000010000000000,1
0000000001100000011100001000,2
0000000001010000100111100000,1
0000000001010000010100110010,1
0000100001010100011011000000,1
0001100001110000011000000000,2
0000000011110000010100101000,1
0000000001010000010101100100,1
0010000001110000010000100000,1
0000100001010000010010000000,1
0000000000010000010000100010,1
0000000000000000011100100100,4
0000000001110000110000100000,1
0001000001110010001111000000,1
0000000011110000000000100010,1
0000000001100000010000100010,2
0000000001110000111100100100,1
0000100101110100011000100000,1
0000100000010011000100100000,1
0000100001010010001000000000,1
0000100000010001111100100010,1
0000101001010100010100100000,1
0000100001010000010000100100,1
0001001001110000000000100000,1
0000000011100000010000100000,1
0000100011010010001100100000,1
0000001001010000100001100000,1
0001110001010000010000100000,2
0100001000100000101000100000,1
0001100001100010010000100000,1
0000001000010000001000100000,1
0000100001110001100000100000,1
0000100001000000000110100010,1
0000000001110000010100101010,1
0000100001010000001110110000,1
0000000000010000001011000100,1
0000000000100000011010100000,2
0000100010010000010000100000,2
0100000001110000010000100000,3
0100000001111001001100100000,1
1000001001100000011100100010,1
0000010001010000011010100010,1
0000011001010000000000100000,2
0000000001010000010000001100,1
0000100001100000000010100000,1
0000010000010000011010110010,1
0000001101010000001010100000,1
0001011001010000010010100000,1
0000011101010010000000101000,1
1000100001110010010000010000,1
0000011110110000010000100100,1
0111100001001000010001100000,1
0000100001000010011010100000,1
0000100000110001100000000100,1
0001100001110000000100010000,1
0001000000110000010000100000,1
0000000000110000000010000000,1
0000100001100000000100100010,1
0000100001100000011100100100,3
0000000001100001010000100000,2
0000000100010000001000100000,1
0010000001010010000000100000,1
0000100000000000000101100000,1
0001100001010000001000100000,1
0000000100000001001100100000,1
0000001001100000010100100100,1
0000100001110000001001100000,1
0000100001000000000100011010,1
0000100000100010011100100000,1
0000100001000001010100100000,1
0000100000100000010000100000,5
0000000000000000010100100010,3
0000000001110000000001100000,2
0000100001000000000001000000,1
1100000010100000001101100000,1
0000100001010000110100100000,1
0001100000110000000000100000,1
0000011101000000010000100000,1
0000000001100000001010000000,2
0000000000000000010010100000,4
0000000001110000001010100100,1
1101110001000000010000100001,1
0001011001110000000000100000,1
1010000001000000000100100000,1
0000000000000001011100100000,2
0000000000100000010011000000,1
0000000001000000000000010000,2
0000000001011000001001100000,1
0000100001010000001000100000,1
0001110001100000010100100000,2
0000001000100000000000000000,4
0010000001100000010101000000,1
0111000000100100011100100000,1
0000001010100000001100100000,2
0001000001000000010100100000,2
0100000001010000001000100000,1
0100000001110000010010100000,1
0000100001000000100000100000,1
0000100001100000001110100000,1
0001000101100000010000100000,1
0000101000110000010000100000,1
0000101000010000010100001100,1
0000000001101001010100100000,1
0000000001000000010100100010,5
0000000001110000011000010001,1
0000000001110100011100100010,1
0000100000100100011000100000,1
0000001000100000000000100010,1
0000000010000000011100100000,3
0000000101110000010000100000,3
0000001000000010100000100000,1
0010000000000000000100100000,2
0000001010100000010100100000,2
0000001000100000001100000000,2
0000000000000000011001101000,1
0000000001000010000000000000,1
0001100001110000010100100000,1
0100000001010001001000100000,1
0010001001110000011000100000,1
0000101000000000001010100110,1
0000000011100000000100100000,2
0000000001010000010010100100,1
0000000010000000101100100000,1
0000001100110000000000000000,1
0000100001000010001100100000,1
0000000001000000010000101100,1
0000100001000000000001000010,1
0000100011110000010100100000,1
0000100000000000101000100000,2
0000100011110000001100100000,2
0000000001100000010100000101,1
0000000000100000000000100000,10
0000100001010001001110010000,1
0000100001000000000010100100,1
0000000001110000010010100000,4
0000000001010000010000100101,1
0010000001110000010000000011,1
0000000001100000011100100011,1
0000100000110000010101000000,2
0000000001000000001000100010,3
0000100001010000011000100000,3
0000100000100000011001100000,2
0000000100010000001100100000,1
0000101001000000000100100000,1
0000000001010000000101100100,2
0000000011100000000100100100,1
1001100000000000010100100000,1
0000100001110010011100010100,1
0000001001000100110000100000,1
0000100001010000000011000000,2
0000100001100000011010100000,1
0000000001010000001101101000,1
0000010000100000011000100000,1
0000100001110000000100100010,2
0000001000100000001000100000,2
0000000001110100011000100000,1
0000001000010000010100100000,4
0000000001010000110100100000,2
0000000000100000001000100000,4
0001000000100000011100100110,1
0000100001110001011100101000,1
0000000001001000001000100000,2
0000100000100000011011100110,1
0000001001010000000000001000,1
0000000001010000000000100010,5
0001110101000000000000100000,1
0000000001110010011000100000,2
0000100111000000000100100000,1
0000001000100000011000100000,3
0000000010100000000100100000,3
1000000001010000010100000010,1
0000110001000000001100100000,1
0000101000010010000100000000,1
0000000001000000001100000110,1
0000000001010000001000000000,16
0000000001110001011001100000,2
0000010000100000001000000000,2
0000000000000000101000100000,1
0111000000110000010010000000,1
0000000000110000011000100100,2
0011110001110000001000100000,1
0000100000010000100100000000,1
0000010010000011001010100000,1
0000000001000000001110000100,3
0000000000000000000010000000,5
0000001001010000010000100000,3
0000000000000000011000100010,1
0000000001110000010010000000,2
0000000001000010000100000000,3
0000000001110000011001111000,1
0000000000000000010000101000,2
0000001001100100000000000001,1
0100100001110100101001111000,1
0111100000000000001110000000,1
0000001101010000010010000000,1
0000000000010000000000000000,8
0001000101100000010000000100,1
0000100001000010011010000100,1
0000001000100000010000100100,2
0000000001000100010100000000,3
0000010011000000001100100000,1
0000001000100000000010000000,1
0000000001100000010011100000,2
0001000001100000000100100010,1
0000000100000000011010100100,1
0000000100000000010000101000,1
0000000000110000011110000000,2
0000100001000000010001100000,1
0000100001101000010100000000,1
0000000001110010011100100000,2
0000000101010000001000100010,1
0001100001100000011000100010,1
0000000001110000000010000000,3
0000000000110000011000000010,1
0000000001100000010110000000,7
0000000101010000000010100000,1
0000000001100000101100101010,1
0001100001010000000000000000,2
1000000110100000001000000010,1
0000100000010000010100000000,2
0000000000010001010100000100,1
0000101001100000001000000000,1
0000100100000000011000100000,1
0000000001100000011000100001,2
0000000001010000011000101100,1
0000110001110000000100000000,1
0001001001010000010000100000,1
0000100010101000010001000010,1
0001000001110010011100000000,1
0000100000000000000010100000,1
0000001001010000000110000000,1
0000000001010000010000101010,1
0000000101010000011000000000,1
0001100100000000011100000100,1
0000100001000000000011000000,1
0000000000110000000000101000,1
0110100001100000011000100000,1
0000010000000000010000000000,1
0000000011110000001000100100,1
0000100100000000010000001110,1
0000000001100000010000110000,1
0100000001110000000000100010,1
0001000001010000011100000000,3
0001100001110000001000000000,3
0000000001000000000110000100,1
0000001000010000001000000000,1
0000000001100000010100011000,1
0000000001101000001100000000,2
0000000000100000001010000000,6
0100000001000000000000000000,2
0000100000100000001100100000,1
0100000000100000001000000000,1
1100000011100000011000000001,1
0000001001010001010000000000,1
0000000001000000010000000010,7
0000000001010000010001100000,2
0000000001010000010101100000,3
0001000001110010000100100010,1
0000000000100000010001100000,2
0001110000100000001100100000,1
0000010001110010011000100000,1
0000100001110000000110100010,1
0000000000010000011011000010,1
0001100000010000000010101000,1
0000100001100000011000100100,1
0000000001110000000011101100,1
0000100001000000000110001100,1
0000000000111100010100100000,1
0000000001110000010000010000,1
0000100000110000011000101000,1
0000100010000001001110100000,1
1100000001110000010100100001,1
0000000001110000000010100000,5
0001001001101000011100010000,1
0000000001110000010101100000,2
0000000001110001000100100010,1
0000011001010000000100100000,1
0100000001100000001000100000,3
0000000011000000011100110000,1
0110000001010000001100100010,1
0000101101001000001000100010,1
0000100000100000001000100010,1
0001000101110000011100100000,1
0000000001000000000011010000,1
0000100101110000000100000010,1
0000000101000000010000101000,1
0000000101000000010001000000,1
0000001000000001011000100000,1
0000000001110000000000000000,9
0000000001010000010001000000,2
0001100000000000011010100000,2
0000000000011100011010000000,1
0000000100100000000000111000,1
0000010101110000011100100000,1
0010000001110000000110100000,1
0000000001010000010010100000,6
0000000011010000011000100000,2
1100000000100000100001000001,1
0010010001010000011000100000,1
0011000000010000011010100000,1
0000101001000000010000100000,3
0000000001100100011100000000,1
0000100000100000001100100010,2
0000100001010000010000100010,2
0000000001010000011111001000,1
0000000001100010011000100000,3
0001100001110000010000100100,1
0000001001110000000000100100,1
0000000001010010000110100000,1
0100000001010000010010100010,1
0000000001000000000000101100,1
0000100000010000011001100000,1
0000001001110000000000100000,5
0100100001000000101100100000,1
0000000001100000010010000000,3
0000010000000001011100100100,1
0000101001110001101000100000,1
0000000001010100010010000000,1
0001100001010000010100100100,1
0000000101110000001001100000,1
0000000001110010010000100000,3
0100000001110000000001000000,1
0001010001110000001000100000,1
0000000001100000010100110000,1
0001001101100000010100100011,1
0000000000101000000000000000,1
0000100001110000000000000000,1
0000001001010000000000100000,2
0000000001110000000000000100,3
0000000001010100010010110000,1
0010101001010000010000100000,1
0000100001001000011101000010,1
0001001001110000010101100010,1
0000000000010001001001100000,1
0000100001010111000100100000,1
0000000000000100010100100100,2
0000001001000000001000100000,3
0001100001001000000000100000,1
0000000001000100000000100000,1
0000100001000000010010101000,1
0000001101110000011000100000,1
0000001000010000010101100010,1
0000001001010000011000100000,3
0001000001010000011100101111,1
0000100000110000010000100100,1
0000001001010000001000100000,1
0000000101010000001110100000,1
0000100000000000001000100010,1
0010000011110000010100100000,1
0001001000110000010000100000,1
0000001000010000000000100000,1
0000000000110000010100101000,2
0000000001010000000000011000,1
0100101001000000010000100000,1
0000000001010001100010100000,1
1000000101110000000100100000,1
0000100001110000010110100000,2
0001100000110000010000100000,1
0000000001110000100010100000,1
0000001010000000010100100000,1
0101100010100000011000110000,1
0010000001010000001100100000,1
0000000000000000000010100000,2
0000000101110000000110100000,1
0000100001010000010111100000,1
0000000000110000000000010000,1
0000000001010110010100100000,1
1100000000100000000001000001,1
0100001001000000010100100000,1
0000000011010000011000100100,1
0000000001110010010100000000,2
0000000111000000001000000010,1
0000000001010000001110100100,1
0000100000110000011100100010,1
0000000001100000001011100100,1
0001100101010000010100100000,1
0000001001010000000100110010,1
0000000001110001001110000100,1
0001100001100010001000100000,1
0000000001110000000000010000,1
0000001001110000011000110100,1
0000000101100000001000100000,1
0001000001000000010000100000,1
0000010001110000011000100001,1
0110000000010000011100100000,1
0000001001110000010010100000,2
0000000001110001010000100000,1
0010000001010000010011000000,1
0000001001110000011010100000,2
0000010001010000010110000000,1
0100100000010001011100100000,1
1101100001010000011000100001,1
0000100001110111010100100000,1
0000001001000000000010100000,1
0000111000100000010000100000,1
0000000000100000000100000001,1
0000000011010000010000100010,1
0000101000100000101000100000,1
0001000001110000000100100000,2
1100101001100110001000100101,1
0000110011000000000010100000,1
0000000001010010001010100000,1
0000100000100000010110100000,2
0100001001000000011000100000,1
0001000001101000010000100010,1
0000000011110000000101000000,1
0000000000100010000100100000,1
0000100001011000000000100010,1
0001100001110000000000000000,1
0001000100000000010000000000,1
0010000001110000001100100100,1
0000000011110010010010010000,1
0000000001100000001010100010,1
0001001000100000010000101100,1
0000100000000000010101111000,1
0000000001100000011100100101,1
0000010001100000010000100000,4
0001100000010000010010010011,1
0010101001010000010101000100,1
0001100001100000010000100000,3
0000110000100000000100100000,1
0000010011010000010100100000,1
0000000001110000011110000100,1
0000100001000000010010100000,1
0000000001000000000010100100,1
0000000000111000010100100000,1
0000000001010000010100100100,4
0000001000010011010101000000,1
0000010000010000000110100000,1
0000000000000001000100100000,1
0000100001110001001000100000,1
0000000001010000010101100110,1
0000000001010010010100100010,1
0000000000100000000000100110,1
0001110001000000010000100000,1
0000000000100000000010100000,3
0000000001000000111000100000,1
0001000101110000010000000000,1
0000000001010000001001000000,1
0000011100010000001001000000,1
0000010001000000010110000100,1
0000000001001000010000000000,2
0000000001011000010100000000,2
0000000001000000010100000001,2
0110100001110000010101000000,1
0000000000100000011000000100,1
0000000000100000011101100000,3
0000110001100000010100000000,1
0000010001110010000100000000,1
0000100001100000010110000000,6
0000100001010000000101100100,1
0000000001010100010100000100,1
0000000001100000100100100110,1
0000001001110000001100100010,1
0000100010010000001100100000,1
0001110000010000010000100110,1
0000110001110000010100100000,3
0100001011110010010000100000,1
1000100001110000010000000001,1
0000001001100000000000100000,7
0000000001010000001010100100,1
0010100001010001000000100000,1
0111000001110000000000100000,1
0000100101010000011100100000,1
0000000101010000011000100000,1
0000000001010010010000100100,1
0100100001100000000000100010,1
0000000000101000011000100000,1
0010000011110000010000100100,1
0000000001010000100000100000,3
0100100010110010000000100100,1
0000001001000000010000100000,6
0000100001010010000010000000,1
0000101001110000010110010000,1
0000011100110010001100100000,1
0001000001100000010100100100,1
0001100001010000001000000100,1
0001000001110000000000100100,1
0000100001010011000101100000,1
0000000000010000000000000100,1
0000100010010000010100100000,1
0000100000000000001011100000,1
0000100010100000000010100010,1
0100100110000000000100100000,1
0000000011110000001100100100,1
0001000001100000011000100000,1
0000000000110000000100100010,2
0000000001000000010101000100,3
0000000001010100001000010100,1
0000000000100000010101101000,1
0000000100100000010100100100,1
0001100001000000000001100000,1
0000000011110000010000100000,2
0000000101000000010010110100,1
0000100001001000001000100000,1
1000001000000010010001100000,1
0001100001010000010000100000,1
0000000101110000001000100100,1
0000000001010000000100010100,1
0000000001100000110000010100,1
0000000001110000101100100110,1
0001000001110000000000100000,1
0000100000010001010000000000,1
0100001001010000000000100000,1
0000001001110000010000000001,1
0000000111100000010000000100,1
0000000000100000100100100000,1
0000000010100000111100000000,1
0000000000000000010010000010,1
0000000001100000000000000100,3
0000000000000000000100111010,1
0000000001010000000001000000,1
0000000001100100000101000000,1
0000000001100010011100100000,7
0000000001100000000010000000,4
0000000000100000010000100100,4
0001000001110000011000100000,1
0000000011110110000100100000,1
0000000001011001010100100010,1
0000011000000000001000100000,1
0000000001100001110001100000,1
0000000001010010011000000000,1
0000000001101001001001000100,1
0000000001000000011000010000,4
0001000001110000100000000000,1
0000000001000100001000000000,1
0000000101010000101000000000,1
0000001001110000000000000010,1
0000000001110000010100100110,1
0000000001100001000110000000,1
0000100001100000010010000100,1
1100000001000000011000100100,1
0000001001010111001000000010,1
1000000001000000000100000000,1
0100000000110000000000000000,1
0000000001011000010000100000,1
0001000001110000010100100100,1
0000000001111000010000100000,3
0000000000000000010000000110,1
0011100100000000011110000010,1
1000000111100000000010000100,1
0000000000100000010100100100,2
0000010000100100000000100000,1
0000000001010001011000100000,2
0000000111010000010000100000,1
0001100011100000000000000000,1
0000000000000001101000100010,1
0000000001010000010000000100,1
0011001001110000011100100000,1
0000000001110100010100100000,1
0000001001010000000101100000,1
0000000001100100000100100000,1
0000000101010000010000100000,1
0000100101010001000100100000,1
0010000001010000000100100010,1
0000000001000000000001100000,2
0010000000010111011000001000,1
0000100000000000001100101000,1
0000000001000000000001110000,1
0000000000100001010100100000,1
0000010001001000000000100100,1
0000000001100000001001000000,1
0000001000000000001100100000,1
0000000100101100011100100001,1
0000101000100000010100100000,1
0000000001000000000001000000,2
0000000000110010001000000000,2
0001001001100000000100100000,1
1100000001000000010100000001,1
0000000101110000001000110100,1
0000000101110000001000100000,1
0000101000110001011100100000,1
0100000001110010010000100000,1
0000100001010000011100000010,2
0000000001100001011000000000,1
0000100000110010010000100000,1
0000000001010000010110011000,2
0100110000010000000100100000,1
0000000000011000010010101010,1
1000000000000000111101000000,1
0100000000101000011100100000,1
0000000001000000010010100000,3
0000000001000001011101100000,1
0001101001110001011100100000,1
0000100000100000001000101000,1
0000010001010010001000100000,1
0000000101000010000000100000,1
0000000000010000001101100110,1
0000000001010100010000100000,1
0001100001110000011001001110,1
0000000001000000010100111000,1
0000000001110000010100010100,1
0000000001010000010000100110,1
0000000001100000010100111000,1
0000000001110000001001100000,2
0000000000010000010000010000,1
0000100001010000100100101000,1
0100000001010001100000100100,1
0000000101000010000110100000,1
0001100001100001010000000000,1
0000100001000000000100000000,5
0001000001100000000101100000,1
0000001001100000001110100100,1
0111000000110000010100100100,1
0000000000000000101100100000,1
0000100001000000100100100000,1
0000000001101000011010000000,1
0000000001100000001000100010,1
0000011001110000011000000000,1
0000000011010000010000000000,4
0000110001110000000001100100,1
0000000100000000001000000000,1
0001000111100000001000100000,1
0000110110010000010100101100,1
0000000001000010000000100000,1
0001000000100000010100100000,1
0000000000000000011100100001,1
0000000011000000001100100000,3
0100000000000000010000100000,3
0000000001010001000110100000,1
1000000000100000000100100100,1
0000001000000000011100000000,2
0000000001111000001000100000,3
0011000000110110011000100000,1
0111010001100100001100100000,1
0000000001000000010101100000,2
0000000001100100010100100000,4
0000000001110010011000000100,1
0000000001101000010110100000,1
0001000001010000010000100000,1
0000000001100000100010100000,2
0000000001010001001010000100,1
0010100000010000100100100000,1
0000000101110000010110100010,1
0000000001000000011011100000,2
0000000011010000010001000000,1
0000001000010000010000100000,3
0000000011110000010010000110,1
0000000000100000000101100000,1
0000000001110000001101100000,4
0000000100100000011110100000,1
0000001000000000001000000100,1
0000000001110000100000100100,1
0000010000110000001000100010,1
0000000001010000010101100010,2
0000000001000000010100001000,2
1100000001010010000000000001,1
0001100000100000010100100000,1
0001100000100000010100101110,1
0000001000000000000000100010,1
0000000001100000100000100010,1
0000000001010001001100100000,3
0000101000110000011100100000,1
0000000000010000010000000000,4
0001100001100000011000101100,1
1100000001100000010010101001,1
0000001001110000001010100000,1
0001100000000000010000100000,1
0000100000000000010101100100,1
0000000001100000011000100010,4
0000000001010000111110100000,1
1000000001110010001100100001,1
0001000001010000011100100000,1
0000000100100000000000100100,1
0000000001110000111100100000,2
0000000001110000010001000000,2
0000000000110000010000000000,6
0000001001000000001000100010,1
0000101001110000001100100000,2
0001000001110000010100000000,2
0000001001001000010000100000,1
0000000000000001010101111000,1
0000000101010000010100000100,1
0000001001010000110000111100,1
0000100000010000001100000010,1
0000000001100000001101110000,1
0000100001010000011000100010,1
0000100001110000000011000000,1
0000100000010000000000000000,1
1100000000010000011000100001,1
0100100001110000000100100000,1
0011100001110000010100000000,1
0000000101110000010101000000,1
0000000001110010000100100000,2
0000000011010000000000100000,2
0000100010110000011101000010,1
0000000001000000011000001000,1
0000000001011000000000100000,1
0000000011100000001000100010,1
0000000001010000011100101100,1
1100000000010000010000100101,1
0000001001110000010010000000,1
0000000000110000100100100000,1
0100101001010000011101100000,1
0000001001010000011101000000,1
0100000001010000010010100000,1
0000010000110001011010000010,1
0000000001010000010000100010,3
0000000001000000000110100000,2
0000010001110000011101000000,1
1000000001000000010000100001,1
0000000001110010001010000000,1
0000000001110000111000100010,1
0100000001100000010000000000,4
0001100000110000010100010010,1
0000000000110000010001100000,1
0100000001000000010000000000,1
0000000001000000010000001010,2
0000000001010000010011000000,1
0000000001110100001000100000,1
0001000000010001010100001000,1
0010000001110000010000000100,1
0000000001100000001101101100,1
0001000001110000010000100000,2
0010010000100010000000001000,1
0001000000010000010100000000,2
0000011101010000001100000000,1
0010000000011100010100100000,1
0000101001000000001100100000,1
0000100000110000010000101010,1
0000100001010000001000100100,1
0000000001010001000001101000,1
0000000001110001001100100000,1
0000100001000000010000100000,8
1000001011110010001100000000,1
1000000101110000010000000100,1
0000010001110000001100100000,2
0001100000110000000000000000,2
0000000001110000010000100011,1
0000100001010000001010000100,1
0010000100100000010100100000,1
0000000000100000001111100000,1
0000000001110111010000100000,1
0000001000110000011110000000,1
0000100001110000010101000000,1
0001000001110010000100101000,1
0000000001010000010100110000,1
0000100100010000011100100000,1
0000000000010000001000110100,1
0000111001110000010100000000,1
0000000011010000001000000000,1
0000000001101010010000000000,1
0000001000100000010100100000,3
0001110001110001011000100100,1
0001100001100000011000100000,2
0001101000011110001100100010,1
0001000001110100001001000010,1
0000100001110000001000000100,1
0100000001010000010010000000,1
0001100011100010010100000010,1
0000010001000000000001100000,1
0000000000100100011010100000,1
0000100001110000000001100111,1
0000010001001100001010100100,1
0000100001010000011100001010,1
0001100001000000001010100000,1
0000000001010010010011000000,1
0000100001110000010001100000,1
0000100001000000001001000000,1
0000000000010000011001000000,1
0001001100000000000010100000,1
0000000001110000001000000010,2
0000000001110010000010100000,1
0000000001000000010011000000,2
0000000000000000001000000000,6
0100000000010000010111000000,1
0000000001100100011100100100,2
0010000001110000000000100000,1
0111000000000000000000100011,1
0000000011110000011100100000,1
0000000001010000010001000010,1
0110000010000000010100000000,1
1000000001110000001100100000,1
0100000001110000000100100100,1
0000110000000000000100000000,1
1100001101110000011100100001,1
0000000000100000011011000000,1
0000000001010000010110000000,3
0000100011011000000100100000,1
0001100000111000000100100010,1
0000000001000010010111000000,1
0001000001111100011000100000,1
0000000001001000001000000000,2
0010000001000000000000100000,1
0001010001110100010000100000,1
0000000111110000001001000101,1
0000001101000000000001000000,1
0001100000010000000010100000,1
0000100001010000001010000010,1
0000001001010100001010100100,1
0000000010110000010100000010,1
0000100001100010000110100110,1
0001101000010000100000101000,1
0110000001010000000000100000,1
0000000001100000010101000110,1
0001000001000000001010111000,1
0000000001000000011001000000,1
0000000011010000010110101000,1
0000000000010010010100100000,1
0000000100100001000000100000,1
0000010000110000000000100000,1
0000000100010000000000100000,2
0001100001010000010100100000,2
0000000001100000010001100000,2
0000010001110000001000100000,1
0001110000000000010100100000,1
0000000001010000010110100100,1
0000000111000000010010100000,1
0000001001000001000010000000,1
0000010101010100010100000000,1
0000000110010000011100000100,1
0000000000000000010101100010,1
0001100001110000010101000000,1
0000000010100000011100100001,1
0000000001010010000000100000,2
0100100100010000010000000000,1
0000000011010000010000100000,2
0000000000000100000000100000,1
0000000000010000001100100100,1
0000100000000000010100100010,2
0000000100110000001100100000,1
0000000010010000010000100000,3
0000000101000000000100100010,1
0000000001100000001000000001,1
0000000001110010011011000000,1
0100000001010000010000100000,1
0000001000000000010100100100,1
0111001001100000001000100100,1
0000000000000000010010101000,1
0000000010100000010110100000,1
0001010000010000000000000000,1
0000000001010000011010100100,1
0000100000000000001110100000,1
0000000010100000000100000000,2
0000001000000000010110101100,1
0000000001100000000001101000,1
0001100001110000000100100000,2
0000110001010000010100100000,1
0000100001010000000000100011,1
0000000000100000001100100100,1
0000000001010100010100100000,2
0000100001000000000000000101,1
0000110000010000000100100000,1
0100000000100001010100100000,1
0000100000010001011100100100,1
0000100001110000010000100110,1
1000001001100000000001101000,1
0000000001001000010000100000,2
0001000001110000000100000000,1
0000000001000001010100100010,2
0100010001100000010000100000,1
0000100101010000001100000100,1
0001000001010000000000100100,1
0000100001110000010001000000,1
0000000011011000100100000000,1
0000000001000000010010000000,5
0001100000000000010010000000,1
0000001000101110010000100000,1
0000000010000010010101000000,1
0010000001110000011100100000,1
0000101001011000011000100000,1
0000000101000000010010000010,1
0000011110100000010100100000,1
0000100011110000001100100100,1
0000000001010000010111100000,2
0000100001110001010000100000,1
0001000001000000010100111010,1
0000101000100000000100100000,1
0000011000110000001001100000,1
0000011101010000001100100000,1
0100000001010000010100000001,1
0000110101110001000000100000,1
0100001001010000010000100000,1
0000000001110010010010100001,1
0000000001110000010000011100,1
0000000000010000001110100010,1
0000000001010010010000100000,1
0000001001100000100000100000,2
0000110000100010010010000000,1
0000000001110000010100100010,7
0110000101110000000000100000,1
0010000000100001010000100000,1
0000001001110000001000010000,1
0001000000000100010100100000,1
0010000001110000000000000010,1
0000000000011000010000000000,1
0000000001100000001000100100,2
0100000001100000001000100010,1
0000100101100000010110000000,1
0111000001000000000000100010,1
0100100001110000010100100000,1
0000101001110000010000100000,1
0000010001110000011100100000,1
0100100001000000001100100000,1
0000100000110000011000100000,1
0000000001000000001010100100,1
0000000001110000000010100010,1
0000110001110000000110100000,1
0001000011100000010100100010,1
0000000000000000010000100110,1
0001100001000000011100100010,1
0010001000110000011110000000,1
0000110000010010000100100000,1
0000001000000000010010100000,1
0000100001010000001100100000,3
0000100000110000001000100000,1
0011100001000000000000100000,1
0000100000000000000110100000,1
0000011100000000010000100000,2
0001100001110000001100110000,1
0000000000100000000000000000,6
0000000000110000001000100000,5
0100100011100000010000100000,1
0000100000100000000000101110,1
0000000101110000000000100000,2
0000000001010000000000000100,3
0000100001111100001000100000,1
0000000011000000010100100000,1
0000000001000010001110100000,1
0000000011001100001000100000,1
0000000100000000010000100010,1
0000000001110001000000100010,1
0001101101000000000100011100,1
0000000001100000010000101100,2
0000100001111000010001000000,1
0000100000000000000000100000,2
0000100001100000000000100000,2
0001100001110000000000100000,1
0001000000000000000010100000,1
0000100011110100000100100100,1
0000000101110000011100100000,2
0000100001000001010110100010,1
0000000001000000010010000100,1
0000100101000010001100100000,1
1000100000100010000000100000,1
0001110000010000000000100000,1
0001000000000000000110100000,1
0000101001110000010000000000,1
0011100001110000000000100000,1
0000101000010000000000000000,1
0100010001010000011101100000,1
0000100001010000001100000000,3
0100001001000000000000011000,1
0100100001110000001000100000,1
0000100000000010011110100000,1
0000000001010001010000000000,2
0001100001000000001000100000,2
0000000000000000000000001000,2
0000000001000000010110100000,4
0000000101110000010010100000,1
0000100001000000001000000010,1
0000100001000000010101000000,1
0000011001100000010000001100,1
0000000010000000010100000000,1
0000101001000000010010100000,1
0001100001111000011100100000,1
0000100001110000011100100110,1
0000100001110000010100100100,2
0000100001100000010010000010,2
0111000001000000010000100000,1
0001101101000000001000000000,1
0100100000000000000000000000,1
0000100001010000001110100000,1
0000101000000000010000100000,1
0000001001000000010110000000,2
0000011001100000001000100000,1
0000100000000000010000100010,1
0000000001100000101100100100,1
0000100001000000010000000000,3
0000000001100000010000100110,2
0000100000100000011010100010,1
0001100000100000010100000000,1
0001100000110000001000000000,1
0001110001110000011000000000,1
0001000000000000010100000000,1
0000100000000000010000000000,3
0000010000100001000000000000,1
0001100001000000001000000000,2
0000000001100001110000000000,1
0011000001100000010000000100,1
0001100001000000010000000000,2
0000100101011000010000000000,1
0000101000010000010000000000,1
0100100001000000001000000000,2
0000100001100000011000001000,1
0000100000100000000000000000,3
0000100001100101001110000000,1
0010010000100000011100000000,2
0000000100000000000000000000,1
0100100001100101010010000010,1
0000001000000000000000000010,1
0001110001100000010100000000,1
0000000001000000010001000010,1
0000100010110000010100000100,1
0000000001100001101000000100,1
1000100000100000010100100000,1
0000001001010000000100100000,1
0001000000000000001100000000,1
0000100001100001010000000000,1
0001000001100000101100000100,1
0000100000100000010100000010,1
0001100001100000010010000000,1
0000001010000000011100000100,1
0000100001000100001001100000,1
0000100001001000011000000000,1
0100100001010000000010000000,1
0010000001110000010110100000,1
0000100001100000001000100111,1
0001100001100000010100100000,1
0001101000100000100100100000,1
0000100001010100001100000000,1
0000101001100000000000100000,2
0000011001110000001000000100,1
0000100001100000011100000100,1
0000100011000000011100100000,2
0001111001110100011100000000,1
0001100001010000001010000000,1
0100100001100000011100101000,1
0000000000100000010000100010,2
0000000001010001000000100000,1
0000100001110000010100110000,1
0000100001100010011100100000,1
0000000001011000000000100010,1
0000100001010000011001011000,1
0010000001100000011000000000,2
0000100001000000000000000100,1
0000100001000000001000100000,1
0000100001111000001000000010,1
0100100001001000001000100100,1
0000100011110000010110000000,1
0000100001010000011001100000,1
0000100001101000010100000010,1
0000000101100000000010000010,1
0000100010100000001100000000,1
0001101001000000010100111000,1
0100100101110000000100000000,1
0000000000100000000100100010,2
0000001001010000000000100010,1
0000100001010000011000010000,1
0100100001100000001000100000,1
0000010001110000001100000000,2
0000100001100000000111000000,1
0000000101010000011100000000,1
0000000000000001011010000100,1
0000100000100000011110000000,1
0000000001110000000100100101,1
0000100001110000011100000100,1
0010100000110000000100100000,1
1000001001010000001011100100,1
0001100001100000000000100000,1
0000100101100000000000000000,1
0000000000100000001000001000,1
0000100000000000011110000000,1
0000001001100000011101000000,1
0110000000100000010010000000,1
0000000001111100011010000000,1
0000100101110000000000000000,1
0000110001010000010100000110,1
0000101001010000000000000000,1
0000000000100000000010000000,1
0000000000100000001000000100,1
0000110001110000010110100000,1
0000010001000000010100100000,3
0000100001000000011100000010,1
0011100101000000001000000000,1
0000000001110000011110100100,1
0000100000000100000000000100,1
1100000111000000000000100000,1
0000000101010000001100100100,1
0000100000100000000000000100,1
0000100101110010001000100000,1
0000100000100000011100100000,7
0000000000100000000000000100,1
0001110001100000010000100010,1
0000101000000000010100100000,1
0000100001000000001000000001,1
0000101001100000001000100000,1
1000000100100110011010100000,1
0000100001000000000000000001,1
0000100101000000010100000100,1
0000001000000000000110000000,1
0100000001000000011100100010,1
0001000001010000011001000000,1
0000000011010000000000000000,2
0001111000100000000000000000,1
0000101001110000000000100000,1
0000001001000000001000100100,1
0001000101010000000000000000,1
0000000001010000010100010000,1
0001001000100000011000000000,1
0000001000100010011100100010,1
0010000000000000000100000010,1
0000011001110000010100010010,1
0000000001000000001001100000,2
0000000001010010000001000100,1
0000000001101000001000100010,1
0000010001100000011000100010,1
0000000010000000011100000000,2
0000100001000000001000100100,2
0010000000100000011010100000,1
0000000001110000000000100100,2
0000000001100010010100100110,1
0000000001010010001100111000,1
0000000001010000000100100010,1
0001100000000000000000100000,1
0000000000000000000001100000,1
0001010001100001000000100000,1
0000000000000000100001110000,1
0000000100000001101000101000,1
0000000010110000001000100000,1
0000000011100000010100000000,2
0000000100010000001100100010,1
0001000001010000010000100100,1
0011110001000000010100000000,1
0000001000010000010000100010,1
0000000001000000000000100100,1
0000000000110000000000111100,1
0000100000100000100100100010,1
0000110001110000010000100000,1
0000011000100000010100101110,1
0000110001110000011100100000,1
0000000000000000001000100010,1
0100000000100000011010100000,1
0001000011110000000100100000,1
0001010001010000001000000000,1
1000000000000000000000100000,1
0010000000000000000100100010,1
0000000001110000000100101000,3
0000010000100000000100100000,1
0000001001000000010100000000,2
0100000000000010000000110100,1
0000000000010000000100111001,1
0100000000010000011000100010,1
1000000001010000010100100000,1
0010000001000000011111111000,1
0000000000010000010100100011,1
0000000011110000010100100000,3
0000001011010100001000100000,1
0000000101110000010100100000,2
0000001001010000001000100100,1
0100100001010000010100000000,1
0000000001010000000011000000,3
0000001001100000001001100100,1
0000000100100000011000100000,2
0000000101100000010100100000,3
0010000001000000010100100000,2
0000000011100000000000100010,1
0000000011000000000100100000,2
0100000101100000010000100000,1
0011000001000000000000100000,1
0000001001110000011100100100,1
0001000001000000010101100010,1
0000000000000000001000010000,1
0000010001000010001100100000,1
1000000101110000010000100000,1
0000001001110000001110100000,1
0000000001000010000000000100,1
0000010011110000010000100000,1
0000000111010000011000100000,1
0000000111110000000000100000,1
0000000001100000010101100100,1
0000000001000000100000100000,2
0000100001100000010100010010,1
0000100011100000010101000000,1
0001100001101000000100100000,1
0000101001010000000100100000,2
0000000001100000000100101100,1
0000000001000011000100100010,1
0001001001101000010000100000,1
0000000011000000001000100000,1
0001000010100000000100100010,1
0000001001111000010000000000,1
0000000001000000011000100010,3
0100001001010000001000110000,1
0000000001100000100010100010,1
0000000001000000011101100010,1
0000000000100010010100100000,3
0001110000010001100100100010,1
0000101001110000001011000000,1
0001000001010010001000100000,1
1100000000101000000000100001,1
0000011001110000001000100000,1
0000000011110000010000000000,1
0010000001100000100000110100,1
0000001001110000011000100000,1
0000100001001000001000100100,1
0001100001100000001100000000,1
0000011001000000000000100000,1
0000100001110000000000000010,1
0000000001100010010010100000,1
0000000000111000010110000000,1
0000000011110000010000101000,1
0100000001110010001000000000,1
0000000001010000010101000000,2
0000000000010000001000000010,1
0000000000110000010000000100,1
0001110001011000011100001100,1
0000000111110000000100100100,1
0000000000000000010101100000,2
0001111001000000010100000000,1
0000000000101000011110000000,1
0000000000000000100010000000,1
0000000001000010010001100000,1
0000000110110000001000000000,1
0000000001101100001010000000,2
0000000001101001010000000000,1
0000010001110001011100100000,1
0000001001000010000000000000,1
0000000000001000001100000000,1
0000010001010000001000000001,1
0000000000000000001010000010,1
0000000100000000000000100000,2
0000011101000000010100100100,1
0000000101010000001000000000,1
0000011001110000010100000000,1
0010100001110000011100000000,1
0111000001000000010000100010,1
0000010001010000010000100000,1
0000000000001100010101000000,1
0000000101110001010100000000,1
0000000000000100011100100000,1
0000101001100000011000100000,1
0000000000100000000011100100,1
0100000000100000000100000000,1
0000000010110001010000000000,1
0000000001110000010100100001,1
0110001001100000011001100000,1
0000000001110000011000100010,1
1000000000010000000110100010,1
0000000001010000000010100000,2
0110100000000000011100100000,1
0000000101010010010000000000,1
0000000100011001010011000000,1
0000000001001000010100000000,4
0000010001000000101100001000,1
0000000001000010000100000010,2
0100000001110001010000000100,1
0000010101100000011100100000,2
0001100000100000000000100000,1
0000000000100000010010000010,1
0000010001000100010000000000,1
1100000000000000011100000001,1
0000000001111000011100000000,2
0010000000000010011000000010,1
0000010001010000010000000000,1
0000100001100000010000001000,2
0000010001010000011100000100,1
0000000101010000011110000000,1
1100001000000000010101001001,1
0000000010000000010000000000,1
0000000001010001010000001100,1
0000000001100100000010000000,1
0000001001000010010000100000,1
0000000000000000001011001000,1
0000000110010000010110000000,1
0100000100100000010001100000,1
0000001000010010010010000010,1
0010100001010000010000000000,1
0000000000110000010100000010,1
0000100011000000000000000100,1
0000000001010000110000000100,1
0000000011000000000000000000,2
0100110001000000011100000000,1
1100100001100000000100000000,1
0000000000000110011010000000,1
0000001000000000010010100010,1
0000100101000000001000000000,1
0000100001011000010000100000,2
0000100001001000000000100000,4
0000000011100000000000000000,2
0000000000100001000000000000,1
0000001001010000010100000110,1
0000001011010000010000100000,1
0000100001100000101010100000,1
0001100000000010001001100000,1
0000000011100000010000000010,1
0001110001110000010110100000,1
0100000001110000010100000000,1
0000100001000000010110101000,1
0000100001101000100100100000,1
0000000001000010011011100000,1
0000000000000000010110100000,9
0000001101100010000000111010,1
0001000001010000100100100010,1
0000000001100000000100111000,1
0000001001110000011010000100,1
0001100001110001000100100000,1
0000010000000000100100100010,1
0000110000100000111100000000,1
0001000001000000011010100000,1
0000000010000000000000100000,2
0000100001110000011000100010,1
0000000000000100000100100010,1
0000010001000000010100000010,2
0000101001010000010000100000,2
1000000101000000100000100000,1
0000011100100000000100100000,1
0000000000100000010000000010,1
0000001001111000000100100000,1
0000000000110001011000100000,1
0000010001101000000000000000,1
0000000011010000000000110000,1
0000000000000001010000000000,1
0000010101100000010100100000,1
0001000000101100001100011100,1
0000000000011000111100000100,1
0000000001000000001101100010,1
0001100011010000011100100000,1
0001100001110000010110000010,1
0000101000100000011100000010,1
0000000001100010011011100010,1
0000000000111000101100000010,1
0000000001101000111000100000,1
0000100001010000101000100000,1
0000010001010000011100100010,1
0000001001100000010000100000,2
0000000000000000010100101010,1
0000000110110000010000000000,1
0000100001100000010100000100,1
0000000001000000010110100100,2
0000000000000000010000110000,1
0000000100000000001011100000,1
0100000001000000000010100000,2
0000000000100000010001100010,1
0000000001010100001000100000,1
0000101000010000001100000000,1
0000000010110000100000100000,1
0000000100100000010000100000,1
1000000001110000010000100000,1
0000000000000000011000100100,2
0000000001010000110100110000,1
0000101000110000010100000110,1
0010000001010000011110110110,1
0000010001110000010000000000,4
0000100000001000001000000000,1
0000000101010000010100000000,1
0000010001000000011111100000,1
0000000011100000000000100100,1
0000000001010000011000000110,2
0100001001000000010001000000,1
0110100001010000001110000100,1
0000100000001000011110000000,1
0000000000010000010101001011,1
0000001010011100010101100000,1
0000000001110000001011100000,1
0011000000000000000000100000,1
0100001001000000010100100010,2
0000000111010100011000000010,1
0000000001110100011000000000,1
0000001001111000000100000000,1
0000100011110000000100000000,2
0001000001010100011110100000,1
0000000000011100000000100010,1
0000000001100111010100100000,2
0100000001100000010100100100,1
0100100001110000010100000000,2
0100000001101000011000100000,2
0000000001100000010001010000,1
0000000001001000011100100000,3
0000000001100000010001100100,1
0000001001100000011000100100,1
0000100001100001010100100000,2
0000000111110100000100000000,1
0000000100010000010000100000,1
0000000000000000010001000100,1
0000100001111001011010101000,1
0000100001110000010010100000,1
0000100001110000010010000000,2
0000100000001000010101100000,1
0000001001010000000100000000,3
0000010001111000010010100100,1
0000000001000010000001000100,1
0000000000100000010010110100,1
0000101111100000101000100010,1
0000100000100000010010000000,1
0010000001010000010010100000,1
0000000000100010010000000000,2
0001000001101000011100100000,1
1100100000100000011000000001,1
0001000001110000001000000100,1
0001000000100000001101100000,1
0000000001110000011101100000,1
0000000001001001010100001000,1
0000000001000000001000100100,5
0000000001010000001100100010,2
0000000001101010000100100000,1
1100000001100000000000100000,1
0000000101100000010000101000,1
0000001001010000011011100000,1
0100100000010000010101100000,1
0100000001000001100010000000,1
0001111001100000010000000000,1
0000000000100000001110000000,1
0000010001000000000110100000,1
0001100000000000011100000000,3
0000000001100000001000000010,1
0000000001000000001100000010,6
0000001001110000010000000100,1
0000000011000000010000100000,2
0000100101100000010000000000,1
0000000001100010001000000000,2
0000001001110000011000000000,1
0000001000001000011000100000,1
0000000010100000010000100100,1
1100100001100000011100100010,1
0000000000101100011100000000,1
0000100000100000011000000000,2
0000000001100001001100000000,1
1001100000100000000100100100,1
0000000001100000001000101000,1
0000001101000000001100100000,1
0000000000100000001010101000,1
0010000001011000010000000000,1
0000101001110000010100000010,1
0000100101010000010000000000,1
0100000001010000001100000010,1
0000001001110000000010000000,1
0001000000000000011100111010,1
0000000000100000110010100000,1
0100000001101000010000000000,1
0000000100110000000001011000,1
0101000001000000011000100100,1
0000000011010000010100000010,1
0000100001101000000100000000,1
0000100001010010001100101000,1
0000000101101010010100000000,1
0000000111000000000100000000,1
0100101000000000000100000100,1
0100000001100000010000000010,1
0100000001100000000101001010,1
0000100001100000010100101000,2
1000000001010000110101010100,1
0000000001110100010010000000,1
0000000001100000000010001010,1
0000010001000000001100000010,2
0000001001100000001100000000,2
0000001001000000001000000000,1
0000000000110000010100100100,1
0000001001000000011100000100,2
0001100001100000010000000000,1
0001000101001000001000000010,1
0000011001100010010000101000,1
0111000001100000000000100000,1
0000000000000000000000010010,1
0000001000100000010000000000,1
0000010001100000010100100010,1
0000000000100000000100101110,1
0001000011100000010100000000,1
0000100001110000000010000000,2
0000100000000000001110001000,1
0000100001000001100010001100,1
0010000001010000000011100000,1
0000000001100000000100100001,1
0100000000100000001100100000,2
0000000000110000010000101000,1
0001100000100000000101100000,1
0001000001100000010000100100,1
0000010000000000000100100000,1
0000110000000000000000000000,1
0000011001010000011100000100,1
0100000001000000011100100100,1
1100000001100000000011100011,1
0001000010000000000000100000,1
0001100000010000000000000000,1
0000000011000000010100000000,2
0001100001000000001000001000,1
0001100100000000001100100000,1
0000000001110001111010000000,1
0000000010000000001000100000,1
0000000011100000010110000000,1
0000000000000000001000100100,2
0000000000100000001010000010,1
0000101000000000011100100000,2
0000010001100000011100001000,1
0000010000000000010000100000,1
0000000001100010011110100000,1
0000000000000000010100001100,2
0000001000100000010000110100,1
0000101001000000010100100100,1
0000000000000000010110100010,1
0000000001100011011000000000,1
0000001001100000001000010000,1
0100001001000000001100100000,1
0000000001000000010000001000,2
0000000000010000011010100000,2
0000000001010000000100000110,1
0000000001010000011001101000,1
0100100001000000010110100010,1
0000000001100000011100101000,3
0000000001000000011100010100,1
0000000001000000000000000010,1
0001100000000000001100100000,1
1000000001100000000100001000,1
1000000001100001011000000110,1
0000000000100000010010100000,2
0000000001111000011010000000,1
0000000001000000110111100000,1
0001100001000000000000100000,2
0000000001111000010001100010,1
0000010000000000010000101000,1
0000000001000000010001100010,1
0001001001000000010000000000,1
0001000000100001011000100100,1
0000000001010000000010000000,3
0000000001000010010010000000,1
0000110001000001010100100000,1
0000000001100000010000001010,1
0000100001000000010100010000,2
0000010000000000011000001000,1
0000001001100000011101100000,1
0000100001000001010000100000,1
1000001000000000010000100000,1
0000000000000000011001100000,1
0000100001100000001001000000,2
0000000110000000010100001000,1
0000000001110000010000000010,5
0010000000100000010100100000,1
0000110000000000001000000000,1
0000000001011000001000000000,1
0000001100000000011000100010,1
0001110001111100010100100000,1
0000100001000000010000100100,1
0000010000001000010001100111,1
0100000001010000000000000000,1
0000000001000100001100100100,1
0001100001100000000100100000,2
0000000000100000001000000000,6
0000000001110000000001000000,1
0001100010000000010100100000,1
0000000001111000001001000000,1
0001110000000000010000100000,1
0000001001000000001110100001,1
0000000001010100000101000000,1
0001100001010000010000100010,1
0000010001010000000000100100,1
0000010001110000001000100100,1
0000100001110000101100100100,1
0100000001110000000110100000,1
0000110001100000011000100000,1
1100000000000000011000110011,1
0000000001110000010010110000,1
0000000000000001000010100010,1
0000100110100000010100100000,1
0000000101010000010010100000,1
0000000100100000010100000000,1
1000010101110000010100000000,1
0000000001111100001000100100,1
0000010000100000100100100000,1
0001010001110000000000000010,1
0000000000000110000100100000,1
0000001011000000001000101000,1
0000000001000000010000001110,1
0000001000000000000000100000,2
0000001011100000010000100000,1
0100000001010110010000000000,1
0001100000110000011000000000,1
0001000001100000011101010000,1
1000100001100000111100100000,1
0000100000000000001110000010,1
0001110001100000011000000100,1
0000000010000000110100000000,1
0000000011111000000000000000,1
0001001011000001010100000010,1
1110000001110000000000000000,1
0000100000100000000100100000,1
0000100011100000000100100100,1
0000100101000000010000100000,1
0000000001100000010000000010,8
0100001001100000011000000000,1
0000001011100000010000000000,1
0000100001100000010001000000,1
0000001001100000000100000010,1
0001100000000000011000000000,1
0000101111010000001000101000,1
0001000001111000010110100000,1
0000000000110000010010001000,1
0001111101000000010100100000,1
0000101001000000011000000000,1
0000000000100000010000100001,1
0000001001000000010110000100,1
0000000101000000000100101010,1
0000000001110000110100100100,1
0100000000000000000111000000,2
0001100101100000010100100000,1
0000101001000100010100000110,1
1000000001000000011000100000,1
0000000001000000011100100110,2
0000000001001000010010000000,1
0000100001100000000000000010,1
0000011000100000000000100010,1
0000001001000000001100000110,1
0000001000111000000010100000,1
0100001001100000011000000100,1
0000000001101000010011100000,1
0000011000000000101110000000,1
0000000000100000100100000000,1
0100000000110000000101000000,1
0000000011100000011000100000,1
0000000001001001011000000100,1
0000000000001000011000100000,1
0100000000010000001010100000,1
0000000001001001010100000000,1
0000001011100000010100100000,1
0000000011100000011000100010,2
0000000000100100001000100000,1
0000000011110000000000100000,1
0000000000010000010100000100,1
0001001000100000000000000000,1
0000100001011000001100000100,1
0000000000010000100100100000,1
0000011001000000010000000000,1
0010000001100000000010101000,1
0000100000101111011100010000,1
0100000000100000010000100000,2
0000010001100000000101100000,1
0000100001100001010100000000,1
0000010001011000000100000000,1
0001000001101000010000000100,1
0000000011001000000100000000,1
0000001001100000000000100010,1
0000101000100000001100100000,1
0000100000001000010100000100,1
0000000101000000010101110110,1
0001101001100000100110100000,1
0000000001000000001101000000,3
0000000001000001000000000000,2
0000010001110000010110100000,1
0001110001100000011100000000,2
0000000011100000100000000010,1
0000000010010000010000000010,1
0000000000100000010100001000,3
0000100001000100011011100000,1
0000101001000000000011000000,1
0000001000001000001100000000,1
0000001101100000001000000000,1
0000010001000000000101000010,1
0000000000000001000010100000,1
0001001001010111000100000000,1
0000000001010000001000001110,1
0000000001101000000100000100,1
0000000101100000010000100110,1
0001000000110000011111000000,1
0000000010000000000010000000,1
0000110001010000000000100000,1
0000000001110010001100100100,1
0000000001000000011101000100,1
0000000001100111010000000000,1
0000000000100000000000100100,1
0000000011110001110100100000,1
0000010001010001010100100000,1
0000000001010000110000000010,1
0000001000000000010100100000,2
0000000011110000011100100010,1
0000010000000000001000100000,1
0111100001100000000000100000,1
1000000000000000011100000000,1
0000000001010000111000000010,1
0010100001100001100100100000,1
0000110001100000011100011000,1
0000000001010000000011100000,1
0000000000100100001000000000,1
0001110001000000000100000010,1
0000000000110000010110000000,1
0000001000000000001000100000,1
0000101000010010110100100000,1
0000100001000000000101000000,1
0000000001010000000001111000,1
0000010001000000011110000000,2
0001100001010000001100000010,1
0000000000100010011100100000,3
0000000011010000011110000010,1
0000000010111000010011100100,1
0000000101100010010000100000,1
0000001001100000010000000000,2
0000001001001000000000100010,1
0000100000100000010101100000,1
0000001011110000011110000000,1
0000000001011000000000100110,1
0000000000001000000100100000,1
0000100001001000011100000000,1
0000000000100000011000000010,3
0010001000000000011100100000,1
0000000101000000001000000000,1
0000000001100000010001000000,1
0000000000000000000000000100,2
0000000101100100010101000100,1
0000010001011010100100000000,1
0001010001110000010100100000,1
0000011000000010010100100000,1
0010000001110000010000100010,1
1000000010010000010110000000,1
1100100001010000010100000011,1
0000000000100000010110100000,3
0100000000100000000001100100,1
0000000001010100000100000010,1
0000001000000000111000000010,1
0000000001000000000000000001,1
0100011001010000001000000000,1
0010111100100000001100101000,1
0000100000100010010000000000,1
0001001001100001000100100000,1
0000000000110000010010000000,1
0001110000100000100000100000,1
0111000000110000010110000000,1
0000000001001000010000000100,1
0100000000000000010100000000,2
0000000001110000010101110100,1
0000010001100000000000000000,3
0000001000000000011010100000,1
0000100000110001001010100000,1
0000110000000000001100100000,1
0000010001100000000001100100,1
0000000001000000010100000110,1
0000000000010001010100101100,1
0000101001110000001000100110,1
0100000011100000001000100000,1
0000100001100000001000000000,4
0000000010100000011000100000,1
0001100001100000001000100000,1
0000100001100000110010010100,1
1001100000000000010100100100,1
0000010101010000001000000000,1
0000010001010000010000000010,1
0000000000101000010010100000,1
0000100000100000011100000000,3
1000100001100000010100100100,1
0000100000100000010000000010,1
0000100101000000000000100000,1
1010000011000000011100000000,1
0000010001010000010000110111,1
0100100001100000010101101000,1
0001110001110000010010100000,1
0000010001000000011110101100,1
0010100001100010011101000000,1
0111100000111000010010000000,1
0000100000000010011100100000,1
0100100011000010000010000000,1
0000100001000001011110000000,1
0000100011100000010010100010,1
0000000001000000000010011000,1
0000100000100000011001000100,1
0000100001100000100100000000,1
0000010100100010000000000100,1
0000000001010100010000000000,1
0111000101110000011100000000,1
1000000001011000001100100000,1
0001000000110000010010000000,1
0000000001010000011000000010,1
0000100101100000010100000000,1
0000100101100000010000100000,1
0000100010011000001100100000,1
0000000001010000100010000000,1
0000000000000000000000000000,8
0001100000000000001000000100,1
1100100001110000010000000001,1
0000000001100000010010100100,1
0000100000010000101100000100,1
0000000000000000001100000110,1
0000000001101000000000000000,1
1101100001011000001001000001,1
1000100001100000011000000001,1
1001100001000000000100000000,1
0000100001010000010100000010,1
0000100000000001110100100000,1
0000101000111100001000100000,1
0000101001000000000100100100,1
0000100011000000111101000010,1
0001000001110000010100101110,1
0000000101000000000100100100,1
0101100001100000001100100001,1
0000000001100000010000101000,2
0000000000101000000100000000,1
0001100001001000010000000000,1
0000100001000001110000000010,1
0000000101110000000010100000,1
0000100000100000010000000000,2
0000001101100000000000000000,1
0000011001010000011000000000,1
1000000001110010001100000100,1
0000000100100000000000100000,1
0000100001110001010100100100,1
0000000101011000010000100000,1
0000000010100000111100100000,1
0000000000100001100000000000,1
0000011011010000110100001000,1
0000000010111000011000100000,1
0100100001100000000100000110,1
0000000001000001111110100100,1
0000100010000000000000100000,1
0000101101100000011100100000,1
0001000001000001010101000000,1
0100100001100000010100011010,1
0000100001000000010111000110,1
0010101001000000010110000000,1
0000000001010000000010100100,1
0000000000000000010011100000,1
0000000011100000000000000010,1
0000110001100000000000000100,1
0000000101010000000011100000,1
0000100001000001101100000000,1
0000000000100000010010001100,1
0001000001010000001000100000,1
1000000011110000010101101000,1
0001000001000000000000001010,1
0000010001100000001000100000,3
0000000000101000010000100000,1
0100000001000000000001101010,1
0000000001100000001011100000,1
0000001000000000010000100000,1
0000001000110000010000100000,1
0000000001100001110100000001,1
0000000001110000000000100110,1
0000000000100000011100110000,1
1110000000000000000100011000,1
0000000100100000010001100100,1
0100000000110000000100100000,1
0000000001011000000000000000,3
0000100001100000010000000100,1
0000001001000000010010000000,1
0000100001100010000100000100,1
0000010001100000010000000000,1
0000010001000000001000100000,2
0000000000100000010010001000,1
0000000000101000001000100010,1
0001000010000000010000000000,1
0001100000000010000001100010,1
0000010010110000011000100010,1
0000000000000000011110000000,2
0000000101000001000000100000,1
0000000001110000010111100000,1
0010000000100000000000000000,1
0000100110100000000010000000,1
0000100001100000001101100100,1
0000001001100000000000011000,1
0000000001100010000000100000,1
0000000000000100010100100000,1
0000000000001000001000000000,1
0000000001110001010000100010,1
1110000001100000010000100000,1
0111000001100000010000100000,1
1100000001100000010000100101,1
0001000000100001110100000000,1
0000000001000100000010100000,1
0000100001000000000100010100,1
0000001001000000000000100000,3
0000000001100000010000000001,1
0001000000000000000000010010,1
0000001000100000010000101010,1
0000101100100000010000100000,1
0000000101100001000000100000,1
0001000001100000001100100000,3
0000000001000111010000100000,1
0000100001010001011100100000,1
0000000001100100001000100000,1
0010101011100000010000100000,1
0100100001010000011101101000,1
0000100010000000011000100000,1
1100000001000000000100100000,1
0000000001000000011010100100,2
0000000001110010001100100000,1
0100000001100000010110100000,1
0001111001010000010110100000,1
0000100001010000100000100000,2
0001100001100000000110100010,1
0000000001100000010000001000,3
0000000000000000000100101000,1
0010000001110001001000100000,1
0000100001100000010100001100,1
0100100010100000000100100000,1
0000100011000001010100100000,1
0000000001100001010000000000,1
0001100001010000010001100000,1
0000000001000000000000100001,1
0000001000100000000000100000,2
0100000001100000010111100000,1
0000000000100000010000000100,2
0000000000010000001001000000,1
0000000000000001001100001000,1
0000011001000000010000100000,1
0000000001010001101100100010,1
0000000001010100000100000000,1
0000000000000010011110100000,1
0000000000000001010000101000,1
0000011100000000000000100100,1
0000011101000100011000100000,1
0000000001010000000000110000,2
0000000001100000011000100111,1
0000001101010000000100100000,1
0000000001100000001100110000,1
0000000001000000111100000000,2
0000100001010000001100010000,2
1000110001100010011100100100,1
0000100000000000001000000010,1
0011100011000000000100000000,1
0001100000100000001100100010,1
0100000001100000001100000000,2
0000100001000001011100101000,1
0001010001000000000100000000,1
0000000000001100000100100000,1
0010000000000100000100000000,1
0000000001010001010010100000,1
0001000000100000010000100010,1
0010100001000000010000100110,1
0000001001100000010100000001,1
0000001101100000000100100000,1
0000111001100000010110101110,1
0000001001000001110000100000,1
0000100000000000001100001000,1
0000100000100000010000100001,1
0000001010000000000100010010,1
0000101001110010011100100000,1
0000010000100000011100000000,2
0000000000000000010001000000,3
0000000011110000010100111000,1
0000001001010000001100100000,1
1000000001110000001000000000,1
0010000101100000010000100000,1
0000100001000000010100001000,1
0000000011110000010100100100,1
0100010001000000000000000010,1
0000000001110000111000100000,1
0100101001000000010100000100,1
0000000000011000011100100000,2
0000000000100001011000000100,1
1001000000000000010100100000,1
0000000011110000010000001000,1
0000000000110000001001000000,1
0000000101110000010100001000,1
0010100001100000011000100000,2
0000100000100000011000100000,1
0100000000100000000000001000,1
0000000001010000010000110000,1
0000100101100000000000101000,1
0000100001000000001000000000,3
0000100001111000010101100000,1
0100000001111000010100000100,1
0000100001110000010000101000,1
0001110001000000001100100000,1
0000000000100000011100000100,3
0000100000000000001100100010,1
0000000000100100010000001000,1
0000000101010000000000000000,1
0000010001000000000100101100,1
0001110100000000010100100000,1
0110100001110000010100000100,1
1011000001010000010100000010,1
0000110001110010011100001100,1
0000000001101010001000000000,1
0010110000010000001000100000,1
0000000010010000010100000000,1
0000010001100000011100000110,1
0000000100000000001110100000,1
0000100000100000001010101000,1
0001000000100000010100100010,1
0010000000000000010100100000,1
1100000001000000101000000000,1
0000001000100000010000100000,2
1100001000000000001100100001,1
0000001010000000010000100100,1
0000000001000000001100100001,1
0100110001101000011100100000,1
0000000000011000000000100000,2
0000000001000001010000100000,1
0000000101100000000100100000,1
0000001000100000000100100000,1
0001000001011000000000100010,1
0000000000000000000100100110,1
0000000100100000101100100110,1
0000100001110000011000101000,1
0000000001010000001000101100,1
0000001100000000000100100000,2
0000100001000001111000000001,1
0000100001000000001110100000,1
0000101001100010010000110000,1
0000001001010000010000100100,1
0100000000100000010011100000,1
0000100000000001101000100000,1
0100100000000000001000100010,1
0101000001010000000000000000,1
0000100000100001001100000000,1
0000001001000000010000100100,1
0000010001010010011100000000,1
0000000000000000100000000000,1
0001001001110000010000000000,1
0000100001010000101000000000,1
0000000011110000000100100000,1
0000000001000000001000001000,1
0010000000000001001000000000,1
0001000000100000010100000100,1
0000000001000000010100101010,1
0000000001010000000011001000,1
0000010001100000000100000000,2
0101100010100001011100000000,1
0000000001000000010010101000,2
0000001000110000011000000000,1
0000000000000100001100001110,1
0000001000000000010110000010,1
0001100000100000011000101000,1
0000000001000000010000101000,3
0000000001000000010001101000,1
0000100000110000001100000010,2
0000010000110000010000000000,2
0000000001110000010000000100,2
0000000001000000100010000000,1
0000010001010000010100000000,2
0000000001100000011001001000,1
0100000001110000000100000100,2
1100000001100000010000000001,1
0100000000100000011000000000,1
1000001001100100011100100000,1
0000000011000000010101100000,1
0000100001000000000000001000,1
0000000001010000010010000000,1
0000000010011000010100100000,1
0000000001101000001000001000,1
0000000001000010010101000000,1
0001101000100000000010100000,1
0001000001110000010000000100,1
0000001001110000010100101000,1
0000100001001000011010100000,1
0000000001000000101100100000,3
0001100000100000011100101000,1
1001110001000000010100100000,1
0000000000000000010110000000,4
0000000100000000010100000000,1
0001100001100000010000110000,1
0000000011100110010110100010,1
0000000001111000010110100000,1
0000000001000010010100111000,1
0000000000000000011010101000,1
0000000001000000001010100000,1
0000000011100000011110100000,2
0000010000000000010100000000,2
0001000001100000001100000000,2
0000100001100000010110100100,2
0000000001000001011100001000,2
0000000100100000000100100000,1
0000000001100000011010000000,5
0000001000110000011100000000,5
0000010001100000001100000000,4
0010000001000000000100110000,1
0000000001000000011100101100,1
0000000001000000011101000000,3
0100100001110000011100000000,1
0000101000000000011101000000,1
0001000001100000000110100000,1
0000100100000000011100100010,1
0000000000100000010110001000,1
0000001001100000011100111000,1
0000000000100001001100100000,1
0000000000000000001110000000,2
0000100000100000011100000110,1
0000001101100000000100000000,1
0000000001000110010100000010,1
0001000001100000101100100000,1
0000100010110000000000100000,1
0000011000000000001110100000,1
0000001000100000011101110000,1
0000000001000001000110010000,1
0000000001010000010010100111,1
0000000000000000011100001010,1
0101000000000000011100100000,1
0000000111000000010100100010,1
0010000001000000010100000000,1
0001001001100000010100000000,1
0110101001111000011100110000,1
0100000000100000011100000000,1
0000100001110000000101100000,1
0001000001000000011110000100,1
0000100001100010011110000000,1
0010000010000000011100000000,1
0000001000010000010100001000,1
0000101011100101011100000000,1
0000000001000000010011100100,1
0000000101000000010101100000,1
0000000001000000000101000000,3
0000000001100000011001100000,1
0000000000100000000001100000,1
0000000010100010000001101000,1
0000011001100000000100100000,1
1100000001000000010100100001,1
0000000001100000010100000100,7
0000000101100000001100000000,1
0000000000000001000100101000,1
0000000001101000100100101000,1
0000001101100000011100100000,1
0000100000000000010110000000,1
0000100001000000011100100001,1
0000000001100000110100100100,1
0000000000110000010000110000,1
0000000000000001010110000100,1
1100010000000000010100000000,1
0100000000100000010000100100,1
0000000001101010001010010000,1
0000000001100000010100001010,1
0000000001101000010000000000,2
0000100000000000011101101000,1
0001000001010000010100111000,1
0100011000000001011100001000,1
0000000111100000010100001000,1
0000000000100000000110000000,1
0000100000000000010100000010,1
0000000000110000000100100001,2
0000000000100000011100000111,1
0000000000010001011100101010,1
0000000100010000011100100000,1
0000000000110000011110101000,1
0001000000010000000100000100,1
0001100000000100010100000000,1
0000001001100000000110000000,1
0100000111000000000100000000,1
0000000001011000010100100100,1
0000000001100000010101000100,1
0001110000100000010100100000,1
0000010001001000000000000000,1
0110000001010000010100000000,1
0000000001010000001100110100,1
0000001001110000011100010000,1
0000100001110000010100100110,1
0000000011000000000110100000,1
1000000000110000010101000000,1
0000000010000000000011100000,1
0001110001100000001100000000,1
0000000010000001111100100000,1
0000000000100010000100100010,1
0000000110000010010100100100,1
0100000000010000010100100010,1
0000000001110000110100100000,1
0000100000100001001100000100,1
0000000001011000001100000000,1
0000000000111000010100000000,1
0000000001100100100100100000,1
0000001001000100010100100000,1
0000110001000000000100000000,1
0000011001010000001100000010,1
0010100001000111010100100000,1
0000100100000000000100100000,1
0001000001000110011000000000,1
0000000011000000001100000000,1
0000000000000010011101000000,1
0010110000100001000100000010,1
0000000001100000000001000000,1
0000100000000100011100000000,1
0000000001101100000100100000,1
0000100001000000001000000100,1
0000000000100001011100100000,2
0000110000010000011100000000,1
0001000000110001011100000000,1
1000001001100000011110000000,1
1000000001010000010111100000,1
0101100000110000011101100100,1
0001100001100000010011100000,1
0000000001010000010101101010,1
0011100001010000010100100000,1
0000000101100000011100000000,1
0000001000010000011100000000,2
0000000011100000010110100000,2
0000000001111000010100100000,1
0000000001100000000010100110,1
0000000000010000001100000100,1
0000000000100001011010100000,1
0000000101000000000110100100,1
0000001001000000011100010010,1
0000000000100000001100111110,1
0000000011100000010100100000,1
0000000001011100000011100000,1
0000010001000000001100101100,1
0000000011100000011100000000,2
0000011001000000010100000100,1
0000100000100000010100100000,3
0010000000010000110101100000,1
0000000001100000010010101000,1
1000000001000000010100000000,1
0000000001010010010100000000,1
0000000010110000011100100100,1
0100100001100000001100100000,1
1100000001100000010100000010,1
0100000001100000001100100010,1
0001000001011000011000000000,1
0000000000110000010101000000,1
0100100001110000000110000010,1
0000111101100000010110100000,1
0000000001000000010000000100,3
0000000001010010000100000010,1
0000000001100000111000000000,2
0000001000110000010101001010,1
0000100001101000001100000000,1
0000000111000000001110000000,1
1100000101100000010110100000,1
0000000001010001111100100000,1
0000000010110000011100100000,1
0000000000010010010100000000,2
0000000001100000000110000100,1
1100001001000001011100000000,1
0000001000100010010100100000,1
0000100001000010010100000100,1
0001000001000100011101111000,1
0000100001100000011100100010,1
0000100001100000001110100010,1
0000101001100000011000000000,1
0000000000111000011000000000,1
0000000000100000010100010000,2
0100100001000000001110100000,1
1000000001000000010100100000,3
0001000000110000011011100000,1
0000001001000001000100000000,1
0000100000110000010000000000,2
0000100000100100010100000000,1
0000000001100000000100000100,6
0000001101011100010010100000,1
0000000000010000010110000000,2
0000000000000000001100110100,1
0000011101011000010110000000,1
0000001000010001011100100010,1
0000000001110000010100000011,1
0000010001110000000000000011,1
0000000000101000010110100000,1
0001100001000000000110100010,1
0000000011000010010000100000,1
0000001001000000001010000100,1
0000000001000000010100110000,1
0000000101110001011100000000,1
0000010001000000000100000000,1
0001100001101000011000000000,1
1010000001000000010000100000,1
0000000010101100011001100000,1
0001000001010000010100000000,1
0110100001000000010100100100,1
0010000101110000010100100000,1
0000000000100001001000000000,2
0000011001100000011110101000,1
0000001000100000000100000000,1
0000000001101000000010100000,1
0000100011000000010100000000,1
0100000001110000000100000000,1
0000001001100000011100100100,1
0100000000010000011100000110,1
0000001101110000010100000010,1
0000000000100000010101100010,1
0000011001100000000110100010,1
1000000001011000000000000010,1
0101100001010000010100000000,1
0000010000010000010100000000,2
0010000000100000000000100000,1
0000010001000000010100000000,4
0100111000100000010100000000,1
0000000001000000101110000010,1
0100000001000000010000100000,1
0000001001000010001100000000,1
0001000001011000011100000000,1
0100000001100000001100100100,1
0000000001100010000110100000,1
0000000000000000000110000000,2
0000100001100000001100101000,1
0110000001000000010100100000,3
0001000000000000010000000000,1
0001100001000001000100100100,1
0000100001000001010100000000,1
0001000000000000011100000000,1
0000000000000000000111000000,2
0101000101000000011100100000,1
0001000001000000001100000000,1
0000000000110000001101000000,1
0000000001100101001100100001,1
0010110001000000000010000011,1
0000110001000000011100100000,2
1100000001000000010000011011,1
0000100000010000001110000000,1
0000000001010000010000010000,1
0001100000010000000110000000,1
0001000000100000001100100000,1
0000000000010000000100100100,1
0000001000010000010100000000,1
0100001000100000010100100000,1
0000000001110000010110000001,1
0000000001010000010101000010,1
0110100001000000011100100000,1
0000001001000000010100100100,1
0000000000000001001100100000,1
0000000001100000001110000100,1
0001000000111000001100100000,1
0000000101001000000000000010,1
0000000001100000100100000110,1
0100110001100000011100000000,1
0000000001100000000000000010,2
0000000100100100011100000000,1
0000100001000000001110100010,1
0000010001100000010100100000,2
1100000100100000010100100010,1
0000000000101001011010000111,1
0000010001010000001100000000,2
0001010001010000100100000010,1
1000000000110000011100100000,1
0000000001100000011010100000,5
0000000000010000011000000000,4
0000000101100000001100000010,1
1100000010010000011100000010,1
0000000001101000000100000000,2
0000000001011000001100100100,1
0010000001110000011100000010,1
0100000010100000001100100010,1
0000001000100000010110000000,1
0000000111000000000100100000,1
0000000001011000010100100101,1
0000001010011000000100000110,1
0000000010010000010000000000,1
0000000000000000001111100000,1
0000001001100000011110000000,1
0000000001100000010110001000,1
0001100001110000000100000000,2
0101000000101000010101100000,1
0001001111000000000100100000,1
0000011111010000001100100010,1
0000000001110100000100100000,1
0001001001100000010100000110,1
0000000000100010011100000000,2
0000000000000000010101110000,1
1000001001100000011100100000,1
0010000101100000001100000000,1
0000000010010000001100100010,1
0001000010110000010100100000,1
0000001001001000010100000000,1
0110000001100001111100000111,1
0000000001101000011100100000,2
0000101000010000011100100000,1
0001000001100000010100000100,1
0000000001000011000100000110,1
0000100001000000001100100100,1
0001001001100001000010000000,1
0000000010110000100100100000,1
0001100001000000000110001000,1
0000000000000000001110100000,1
1001100011100000001000000000,1
0100000000000001010100000000,1
0000011111000000010101100000,1
0000100011110000010101000000,1
0000000010010000010100000010,1
0001000001110010000000100000,1
0000100010010000011110000000,1
0000000000100000000100000101,1
0000000000010000011110000010,1
1100110001110000010110000101,1
0000000001000000111100100000,2
0000011000000000010100100010,1
0000001001100000001101111010,1
0001111101000110000100000000,1
0000001001001000000100100000,1
0010000101010000011100100000,1
0000000001000001000100110000,1
0000000000010000000010100001,1
0000000000100010010100100010,1
0000010001000000010010100000,1
0000000000100000010110000010,1
0000100001010000101100100010,1
0000010000000000000010000000,1
0000000011100000010100100010,1
0100000001100000010100101000,1
0000100000000000000101100010,1
0000001001111000010010000000,1
0010010000000000010100000000,1
0100001001000000001110000100,1
0000000001101000000100000010,1
0000000001000000011101111000,2
0000000011010010011110100000,1
0000001001100000001000000000,2
0000000000100000001100101000,1
0000000000100000001110000010,1
0000000000000000000100110010,1
1100000001000000011100100110,1
0000010101010000001100100000,1
0000000001000000100110100000,1
0000000001000110011100011000,1
0000010101110000000100101000,1
0000001100000000010100110000,1
0000000000100000000100101000,1
0000100001000000011100100110,1
0000000001010000010100101010,1
0000100010110000011110100000,1
1000100001100000010010100000,1
0001100001010000010100110000,1
0001000001000000011110010100,1
0000000001000000000110100100,1
0110100000100000010100000000,1
0001000001110001010100100000,1
0000000000110001000100100000,1
0110000110000000010000100000,1
0000001001010000010100001000,1
0000000011000000001110100000,1
0100000001000000010100100010,1
0000000000001000010100000000,1
0001100001000000010010100000,1
0000000000100000001000000101,1
0000000100110001000100100000,1
0000110001010000010110100010,1
0000010000000000010100100000,1
0000000101000000010010100010,1
0000100101100000010100110111,1
0000000001000000001010100010,1
0000000110100000010110100000,1
0100100001010000010000100000,1
0001110001000000011101100000,1
0000000000000000100100100000,2
0010110000010000010100000000,1
0000001000111000000100100000,1
0000000000000000001100100111,1
0000000000110000010110101010,1
0001001001000000001100100000,1
0000000001110100010101100000,1
0000000000000001101100100000,1
0000001001100001010000100000,1
0100001000000000010110100010,1
0001000001100000010110001010,1
0001000000100000001100100010,1
0000101001100000010000100000,1
0000000010000000000110100000,1
0000000001000000010100001100,1
0000000000100000000100000110,2
0000000001110000001100001100,1
0000000001100000000100101000,1
0000011101110000010100100010,1
0000000000100000011100101000,1
0110000000100000100110100000,1
0000000000100000011010000000,2
0000000001100000110110100100,1
0000001001100000010110100000,1
0000000000011000010100000000,1
0000000001010000001100011010,1
0100000110000000010100100000,1
0001000001100000011000000100,1
0000000001010000010100100110,2
0000000000100000011100100110,1
0100000000100000011101100100,1
0001111001000000011100100000,1
0000001001010000001010100000,1
0000000001110000101100100100,1
0001000101000111010100100111,1
0000011000100010011100100100,1
0000100001010000011001111000,1
0000000011000010011100000000,1
0000000000100000010101100000,1
0000000000000001110100100000,1
0100100001000000000101000010,1
0000100001010000010100101000,1
0000000001000000010100010000,1
0000000001000000011100101110,1
0000000011000000011100100000,1
0000000011110000011100010000,1
0000000001001000010100100100,1
0000001000010000001111010000,1
0001000000010000010100001000,1
0000000100100000001100101000,1
0000001000110001000100100000,1
0000010001010000001100100001,1
0011110001000000011101011000,1
0000000000100010011110100000,2
0000100001110000001010100010,1
0101010001000000000000100011,1
0000000001001100010100100000,1
0000001000010000011010101000,1
0000001101100000011100010100,1
0100000111100000010000100010,1
0000001000000000010000000000,1
0000000000110000100101100010,1
0000100001011000011100100000,1
0000000001011000010101100000,1
0000000001100010010111100100,1
0000000001011100001000100010,1
0000011111000000010100100001,1
0000000000110000000110000000,1
0000000001000001000100100000,2
0000000011111000000100100000,1
0001000001100000011000100100,1
0010000001000000001100100000,1
0100000001000000011100000000,2
0000001000010000001100100000,1
0000000001100000011110100100,1
0000001001100000001110100010,1
0000001011100000001110100010,1
1000010001100000011100100000,1
0000000001100001100100100100,1
0001100001100111000101100010,1
0000000000000000001110000010,1
0000100001010000011100010010,1
0100000001100000001100100000,1
0000000001100000011110000100,1
0000000000000000011100100101,1
0000000101110000001100000100,1
1000000001010000001110100001,1
0000001000100100010100100000,1
0000010001010001000110000000,1
0111000000100000010100100000,1
0001100001000000000100100000,1
0001100001010000010100101000,1
0000100001100011010111100000,1
1100010000000000010101101001,1
0100000001010001101100100000,1
0001110001110000001000110000,1
0100101001000000011100100000,1
0000010001100000001100100110,1
0000000001100111000100101010,1
0000001011000001010100100000,1
0000000001010001000101000100,1
0001000000010000010000000100,1
0000100001000000010100100100,1
0000010001000000010110100100,1
0000000001000000010010100010,1
0000100001110000000100100100,1
0000100101010000001100100000,2
0101100000100000011000100000,1
0100000000100000000011100000,1
0010000001110000001100100000,1
0000100000000000001101101000,1
0100000001000000001100101100,1
0001100000010000010101100000,1
0000000001000000011100001000,3
0000100101000000010100100000,2
0000000101000000001100100000,1
0010000001010000010100100000,1
0010000001000000010110000000,1
0000000101100000010100001000,1
0001100001000000010100100100,1
0000001000000000010100010100,1
0000000000000001010100100000,1
0000000001000000010100100101,1
0000000001100000011110100010,1
0000010000100000000000100100,1
0000000010000000000100100000,1
0000000001100100010101100000,1
0011100111000000000100100010,1
0000000000110000010101000100,1
0000101011000000000110100000,1
0000001001100000010100100110,1
0000000001100000001101100000,1
0000100001110110011110100000,1
0100001001100000110100100000,1
0001010001100000001100100000,1
0000001000001000011100100000,1
0000000100100010000100100100,1
0000100000000111101100100000,1
0000010000100000001000100000,1
0000111001000000010000000000,1
0000000001000100001010100000,1
0001100001100000010100000010,1
0100000001100001111000100000,1
0000000001000000010100111010,1
0000000000000100000101000100,1
0110100000000000010000100000,1
1011100001100000011100100000,1
0111000000011000010100000000,1
0000110101100000010100100000,1
0001010001000000011100100000,1
0000000001010000000100101000,3
0000000001010100010100100100,1
0000000001000011001110100000,1
1100100001001000010100100000,1
0000001001010001010100001110,1
0000001110100000010100100010,1
0000000001100001100100100000,1
0000100001110001010100101010,1
0000100011000000010000100000,1
0110000001110000001100100000,1
0000000001000000011010011100,1
0000001001000000110001010000,1
1110000001000000011100100000,1
0000101001100000000100000000,1
0000100001000010010100100000,1
0001100000100000010100100001,1
0000011001110000011100100110,1
0000001001100000000000000010,1
1110000000100000000000001000,1
1011000001010000001100101001,1
0000001001010000000100100100,1
0000100101000000010100100100,1
0000100000100000100100101000,1
0000001000111000000000000100,1
0011110000101100001100000000,1
0000001001100010100100100000,1
0000100011000000010100100000,1
0000000000100000000100110100,1
0000000001000110000100100000,1
0000000001000001001100010100,1
0000100000100000000110100000,1
0100000001010000011100100000,1
0001000000110000001100101000,1
0011000001110000001100010000,1
0000110000110000010011001000,1
0000000000000010001100101000,1
0010010001100000011100101000,1
0000111101100000010000010000,1
0000000000110000010100100010,1
0100000001010110000100100000,1
0000100000000000010110100100,1
0000001000000000011100101000,1
0000000111000110100100101001,1
0000000001100000001000110110,1
0000000000010100001001001000,1
0100000101100000010101000000,1
0000000001000000001101101000,1
0000000110100010001100000000,1
0000000001000000001000000010,1
0000000000100000010100110010,1
0000001001000000010000101000,1
0000000000100100000100100000,1
0000001000110000010100100100,1
0000000000011000010110100000,1
0110000001000010010000101000,1
0000000001100000001100001010,2
0000000000000100010100000000,1
0001100000100001001000000000,1
0010010000110000001000100000,1
1100001000110000010100100001,1
0000000000000000111001100000,1
0000000001110001111100100000,1
0001000000110000011100100010,1
0000000000010001111100100000,1
1000000000100000001100100000,1
0001000000000000010100100100,1
0000100000000000010100010000,1
0000010101010000010100100010,1
0000101000100000010000100100,1
0001100001000000100100100000,1
0000000000101000011000101000,1
0000000001010000010010100010,1
0000000001000100010100100000,2
0001001001000000100100100000,1
0000000001001000010111110000,1
0001000001100010000100100000,1
0000000000000111010110100000,1
0000101001000000011100001100,1
0000000000000000011100100111,1
0000000010100010000100100000,1
1000010011010000011100100000,1
0000100110000000010100000000,1
0000111001000000011100100010,1
0000000001000000011110100100,1
0000000011001000010100100000,1
0000000111000000011110000000,1
0000100001000000100100100001,1
0000001000100000001110010000,1
0000000001001000011110101000,1
0000000001010000111100000000,1
0000101000000000011100101000,1
0000000000100010011000100000,2
0000000000100000101100100000,1
0001111001100000001100100000,2
0000001001100010000101100000,1
0000000001010010001100001110,1
0100000001100000011100100010,1
0010000000000000011100110000,1
0001100001100000011100110000,1
0000000000110010001100000000,3
0000000001100000011100110000,1
0000000010000000011000100000,1
0000010001000000011100000001,1
0000001001100000011100000100,1
0001100001001000001100100100,1
0001101001100010001100010000,1
0000000001100000000100001110,1
0000000100000000010110000000,1
0000010001000000010100001000,1
0000001000010000001010100000,1
0000000001100000001100001000,2
0000000001110010000000100000,1
0000001001100010000110000000,1
0000000001000001100100000000,1
0001000001100000010100000000,1
0110100001100000011110000000,1
0000000010010000000000100000,1
0000000101000000010000000000,1
0000101000000000010101000000,1
0100000001000000011100101000,1
1000100001000000011100100000,1
0000001001000000001100100010,1
1001110001110000000110100000,1
0000000001011000000101110000,1
0001110011100000011000100000,1
0100000001010000001100001100,1
0001100001100000010100001000,1
0000001001000000010100000010,1
0000000000100000010000000110,1
0001000000000000010110000000,1
0101100011000000001110100000,1
0010000011000000010100100000,1
0000001001100100000101000000,1
0000000000000100000100001000,1
0000100001000001110100100000,1
0000100001110001010010000000,1
0000100000100001000110100000,1
0000001001000001110100000000,1
0000000000000001001100000000,2
0000000001110000000100000010,1
0000000000100000010110000000,2
0000000001100000001111000010,1
0000000001000010010100000000,3
0000001001100000000101100000,1
0000100011010000010100011010,1
0000000000000000011100101110,1
0010000100110000010000100000,1
0000000011000001101101000000,1
0000000100100000000100000000,2
0000000000010010011100000000,1
0000000000100000011100000011,1
0000100001100000001101000000,1
0000011001000000001101101000,1
0000100001100000010100000010,2
0000001001110000011100000000,3
0000000110000000010000100000,1
0001100000100000011100000000,2
0000000001000001011100000000,1
0001110000110100000100100010,1
0000100000100000010100000100,1
1100100000100000010100100000,1
0000000000000000010100110000,1
0000000000000000001100100001,1
0000000001000000000110000001,1
0000100001100000011101100010,1
0000000001100010010110000000,1
0010000000010000100110100000,1
0000101001100010011110100000,1
0000001001000000010000000000,3
0000001001000000000100000000,2
0000001000000010011100100100,1
0100000001000000001101100000,1
0001000000100000011000100000,1
0000100001010000100001100000,1
0000000000000000010101001000,1
0000100010100000000000000000,1
1101000001100000000100100000,1
0000000000100000111100001000,1
0000000001100000000100000111,1
0001000001110010010100000000,1
0101000011000000011101100000,1
0000000001100001010001001000,1
0000100000100000000100001000,1
0000100001000000011110000000,1
0000010001100100010100000000,1
0000000101110000001100000000,1
0000000000011010001100100001,1
0000100001000000000101000100,1
0000000001000010011101000000,1
0010000000110000011000000000,1
1000010001100000010100000000,1
0000000000110111000100100000,1
0000000101100001001100000000,1
0000000000000000010010001000,1
0000100001110001100100000000,1
0000010000000000001100000000,1
0000000001100000011101000100,2
0001000001000000011100100100,1
0000000010110000011100000000,1
0000100001100000011110000000,1
0010000001100000011100000000,1
0000001001011000011000100000,1
0000000001100000101100000000,3
0100000001000000010100001010,1
0000000001100000001100001001,1
1000000001010000010100000000,1
0001100000101000000100000100,1
0001000001000000011100000000,1
0000001000110000000100000000,1
0000000101100000000110000000,1
0000000000000000001100000010,2
0000000101100000010010000100,1
0100100000100000001100000000,1
0000000000100000000111000000,1
0000100001001000010100000000,1
0000000001100000000100001100,1
0000000011010000010100000000,1
0010000001110000000101010000,1
0001000001010000010110100000,1
0000000010000000000100000000,1
0000000001010000000100001000,1
0000000000000000000100010100,1
0000011100010000000111100100,1
0000000001101000000101100100,1
0100001101110000001100100000,1
0000100001000001001100001000,1
0000100011100000011101000000,1
0000000001111100010100000000,1
0000000001100000001100010000,1
0000000001100001111100000000,1
0100000001000000010100000000,1
0000100001001100001100000000,1
0000000001000000001100001010,1
0000100011100000010100000000,1
0000000110100000010100000000,1
0000000001100000000100000110,1
0001100001000000101100010000,1
0000010001000000001110100000,1
0000001001000001010100000000,1
0000000000100000001100001000,1
0001100001010000011101100100,1
0000001110010000111000100010,1
0000100101000000001000100000,1
0000100000000000010100100001,1
0000000100000000001100100000,1
0000001000000000010101100000,1
0111001001000000000100100000,1
0111000000000000011000100000,1
0000000011110000001101100100,1
0000001001100001101011000000,1
1000000001110000011100000000,1
0000000001000111010110100110,1
0001000001010000001100000101,1
0111100000100000011000100100,1
1111000001100000010100100011,1
0000000001000000011001100000,1
0000000000000000000100100100,1
0000111000110000010000100000,1
0000100001100000010000100010,1
0000000001100000010110100010,1
0000100001110000000110100000,1
0000001000010000000110100000,1
0000000000101100000100100000,1
0000100001110000001101100010,1
0000011101010000010000100000,1
0000000001100000001101000010,1
0010100001100000001100011000,1
1000010001000000001100100010,1
0000010001010000010100100100,1
0000000001110000001100101000,1
0001100001010000010100100010,1
0000000000101010001100100000,1
0000000001010000001101100010,1
1000001000000000010100101100,1
0000100001000000010000001000,1
0001000101000000010100100000,1
0000000110010000000100100000,1
0100010001101000010000100000,1
0100100001100000001100100010,1
0000000100110001011100100000,1
0100100001100000011100101100,1
0010100010100010010100100000,1
0000000010010000010101100010,1
0000100101100000100100000000,1
0000000001101000001100100000,1
0100001001000000000100100100,1
0000000000100000000100001000,2
0000010001100000001010100000,1
0000000001100000011100100001,1
0000001001110001010110100010,1
0000000000010110010110100100,1
0000001001000000011101100000,1
0000001001000000000110100100,1
0000110001110000000111000000,1
0000000000000001011100000000,2
0001000000100000010100010000,1
0000000001010000011101000001,1
0000000000000000110100100010,1
0001000101000000011100100010,1
0000000001010000001000100110,1
0001100000000000011110100000,1
0000000011100000001000100000,1
0000011101110000011110100000,1
0100011100000000010101000000,1
1000001001000000000100100000,1
0000001100100000011110100000,1
0000000001100000011110000110,1
0001000000100000010110100000,1
0000100001000000001101000000,1
0001000011100000011100100000,1
0010000001000000011100100000,1
0001100001110000011000000010,1
0000000100000000011001100000,1
0000000001001000000000100100,1
0000000000000010010100100000,1
0010000000100000011100000000,1
0000000000001100011000100000,1
0000100001000000011110000010,1
0000010001100000010100100100,1
0000010010110000010000100100,1
0000100001011000011000100000,1
0000000000100000011001000000,1
0100001001100000010001100000,1
0000011101100000000100100000,1
0000000101100000010010100000,1
0000001101000000001100110100,1
0001000001100000011000100010,1
0000000001001000010100101000,1
0000001101000000000000100010,1
0000000000110000101000100000,1
0000000000000000001010100010,1
0000100001100000010101101000,1
0000000001100000110100100000,2
0001100001010010011110100000,1
0000000001010000000001100010,1
0000010000010000000000000010,1
1000000001001000000010110010,1
0000000010110000010100001000,1
0000000001100010011001100000,1
0000000000010001001001010000,1
0000000001110000010000100100,1
0010010000010000000100000000,1
0000000001100000011010010000,1
0001000001100001001100100000,1
0000100101100000010100100000,1
0000100001000000010110000000,1
0010000001100000001000100000,1
0000000001000110001000100000,1
0000000101000000010100100000,1
0000000001011000001000100010,1
0100010001010000011100100010,1
0100000000100000001000100000,1
0000000000010001000110100000,1
0001000000100000000000000000,1
0000000001011000010100100010,1
0000000001000000011000100110,1
0001000001011000000100100000,1
0100000000110000010000100010,1
0000000001110000011000001010,1
0000000000000001000000000001,1
0000000000000000001000110000,1
0000001001000000011000000100,1
0000000001010000001000000100,1
0000000001000010000000000010,1
0110000001100000001110000000,1
0000000000010100001000100000,1
0000000001100000011000000100,1
0000000001100001101100000101,1
0000001001000000000000000000,1
0000000000100000000100000010,1
0000100010110000011100000000,1
0000001001010000000100000010,1
0000000001100000001000001000,2
0001100001100000101110000000,1
0001000001100001110100010000,1
0000100001100000011000100000,4
1000000001111000011100100000,1
0000000000110000000001000000,1
0000000000110000011011000000,1
0000000001000000000010100110,1
1001100000000000000101000000,1
0000000100000000001000100000,1
0000000000010000000011100000,1
0000100001100000010100100010,1
0100010001100000000100100100,1
0100000100100010011100100000,1
0100100000010000011100100000,1
0000100000010000011101011100,1
0001000001000100000000100000,1
0000000000000000100000100010,1
0000001000000000011000100100,1
0000000010001100001100100000,1
0000000010000000010000100000,1
0000000001000000011010100010,1
0101000001000000010010100010,1
0000001000000000011000100000,1
0000000001110100000010100000,1
0000000011000000000000000010,1
0000000101100010011011000010,1
0000100011100000001100001000,1
0000000001000000010100101000,1
0100000001000000011000100000,1
0000100001100000010110010010,1
0001000000000000000000100000,1
0000001001000000101001100000,1
0010000111000000010100100000,1
0110100001100000001100100010,1
0000000001001000010100010000,1
0000000100100000000100100010,1
0000000001100101001100100000,1
0000100001011100010000100000,1
0000000000000000000110001000,1
0000000100110000000000100001,1
0000000000000000011101000000,1
0001001001110000011001100000,1
0000000000000000001100101000,1
0000000001010000001101100100,1
0110000000000000000100100010,1
0000001001010000010010100000,1
0000000000001000100001100000,1
0000101000011010010001100010,1
0000000000100000011000100010,1
1000100001000000001000100000,1
0000000001000001100100100000,1
0000010000100000110010100000,1
0000000101000000000100111000,1
0000100000000000001001000100,1
0000000001100000110100000000,1
0000011101100000011101100000,1
0000100000010000001000100100,1
0000000000100010010000000001,1
0000000000100000010010000000,1
0100000001000000011010000000,1
0000000101100001001000100010,1
0000000001000000010011100000,1
0000010100110000011010000000,1
0000101001100000010101000000,1
0000100000110001001100000000,1
0000000000100000010000101111,1
0001000010011000010000000000,1
0011001001100000001010000100,1
0000000001100011001100000010,1
1100000000010000011000000000,1
0000100000000000010100100100,1
0000011101100000011100000000,1
0000000000110000010000000110,1
0000000100000000010001000000,1
0001101101010000010100000000,1
0000010001000000110100000000,1
0001110001000000011110100000,1
0000000000010000011000100110,1
0000000001100000010100011100,1
0010011100010000000100101000,1
0000101001110000000000000000,1
0000000000010010011000000000,1
0000001011000000010100000000,1
0000110000000000011100100000,1
0000100001011000000000000000,1
0000000100110000001000000001,1
0000000001100000000010000010,1
0000001000100000010001100100,1
0010100000100000011000000000,1
0000000011100000000110000000,1
0000000100010000001100000110,1
0000000000010000011000010000,1
0000000001111000010100000000,1
0001100001100000001100000110,1
0000000111000000010100000010,1
0000000000010000000000100010,1
1000000001100000011000100000,1
0000011101100000010000000010,1
0000001001000000010100100010,1
0000000001111000010010000000,1
0000000010000000001100000000,1
0000000000100000011001100000,1
0000100000000000011000000000,2
0000001001100000100000000000,1
0000000000000000001001000000,1
0001000001000000010000100110,1
0001101000010000001101100100,1
0100001001100000000100000000,1
0000000000010000010010000010,1
0000001001100010000000000000,1
0000010001100000011010000000,1
1000000000010000011101000000,1
0000000001110011001110100000,1
0000000001100010001000000100,1
0000000001110000101100000000,2
0000000001010001001010100010,1
0000000001000000110000000100,1
0000010000100000011000000100,1
0011101001000000001000000100,1
0000001011000000000000100000,1
0001000001110000011100010111,1
0000000000100001101100100000,1
0000000001001001011100000000,1
0000011101010000011100100100,1
0001001001010000000100000000,1
0000100101101000011000000000,1
0000000000000100011000001000,1
0100000001100000011000000000,2
0100000001100000010000100000,2
0000000100100000001000000000,2
0000000000010011001000100100,1
0000010001100000000010000000,1
0000000001000000101000000000,2
0000000001100000001100000110,1
1000000001100000011000000000,2
0000110000010000010100000000,1
0100000001000000000100000000,1
0110000001000000010100000000,1
0000001001100001011100000010,1
0000000001110001101010000100,1
0010000000110011010100000000,1
0100001001100000010000000000,1
0000100010000000000000000010,1
1000000000000000001100000000,1
0000000000101000011110000100,1
0000000111110000000000000000,1
0000000010010000011100000000,1
0000001001000000000000000100,1
0000100001000000000100000010,1
0000000001000000111100111000,1
0000000001110010000000000000,1
0000000000100100010000100000,1
0000000000110001101010000000,1
0001011001100001011110100000,1
0000011010000001011000000100,1
0000100000001100001110000000,1
0000000001000000011000111000,1
0000000011100000011000000000,3
0100000000010000010100100000,1
0000000000000010001110000000,1
0000100001100000011110001000,1
0000000001100000000000100010,1
0001100001100000010100000100,2
0000010101100000010101100000,1
0000100001100000011100000010,1
0000000101010010000010000000,1
0000000000100000010011100100,1
0000000001000000011001000100,1
0000000001010000000001100000,1
0001000011010000000010000000,1
0000000001100000110000000000,1
0000001001001100001000000110,1
0000000001000000001001000000,2
0000000000001000011100000000,1
0000000111100000010001000010,1
0000100001100000001000100001,1
0000001000010000000000000101,1
0000100001100000000100100001,1
0000000001110000000100000100,1
0000001001100001011100000000,1
0000000000101000010000000100,1
0000000000100000001000000010,2
0000111001100100011100000000,1
0000000001000000010110000010,1
0000000001010000011001010100,1
0000101001000000000100000000,1
0000010001100000000000010000,1
0000000001000001011000100000,1
0000000000100001111100000000,1
0000100001110000010110000000,1
0000000001000000011000010100,1
0000011000000100010100000010,1
0001000001100000011110000000,1
0000100101110000011010000000,1
0000000001011000001110000000,1
0000001101000000000000000010,1
0001101000000000011110000000,1
0001110000000000011100000000,1
0000100000111000011100101000,1
0001000001100000010000000000,1
0000001001110001000100000000,1
0000000011000000001001100000,1
0010010001000000000000000000,1
0000000001000001111000100000,1
0000000100000000001100000000,1
1011110011010000011100000000,1
0000000011000001011100100000,1
0011000100000000010100000100,1
0000000000000000001011100000,1
0000000001110000011000000100,1
0000001000010000011000000000,1
0000100000000000011010100000,1
0000000000100000010011100000,1
0000000100000000010010000000,1
0000101001000000100000001000,1
0001000101100000000100100010,1
0001110001010000011010000000,1
0000001000010000000000000000,1
0000000000110100000000000000,1
0000100000111000011001100000,1
0000000001010000001000001000,2
0001100101100011010100000000,1
0000000001000000000110000000,3
0001010000000000001100000000,1
0000000001011100010000000010,1
0000100000010000011110000100,1
0000000011101000001000000000,1
0000000001000000100100000000,2
0000000001010000101100000000,1
0001100000100000000000000000,1
0001100001110000001000000001,1
0111100000000000011000000000,1
0000000000101000010000000000,1
0000001001110000000001000000,1
0000010001000100011000000000,1
0000000001000001001010000000,1
0000000001010000010100111010,1
0000100101000000000100000000,1
0000000001000000011000000100,3
0100100001110010011100000000,1
0000000010000000000000000000,1
0000100001110000011000001000,1
0000000000000000001000000111,1
0000010011101000001100100000,1
0000000001000000000100100100,2
0000100001000000000000000000,2
0100000010100000010100000110,1
0100000001100000011000000010,1
0000100001110000001000000000,3
0010100001110000000100000010,1
0000000001010000010000000010,1
0001110001100000001000001000,1
0000000000110000111001100100,1
0000000001111100001000000000,1
0100000000110000111000000000,1
0000100000100010011100000000,1
0100000001000010011110100010,1
0100000001100000001000000000,2
0000000000010010101100000000,1
1000000001100000011010000000,1
0000000000110000011110000100,1
0000000000100000000100000100,2
0000000011100000000100000000,1
0001100001010000000010000000,1
0000000101100000000000000000,2
0000000000010010001100000010,1
0000000000101000001000000000,1
0000000000100000110000100000,1
0000000001100000001100111000,1
0000000001010001100100000000,1
0000100001000000011010000000,2
0000000101000000011101100000,1
0000001001000001011100100000,1
0001001001010000011101000010,1
0000000000000001000110100010,1
0000000000110010000010100000,1
0000001100010000010000000000,1
0000000100000000010000000000,1
0010001001100010001110000000,1
0010000000110000011000100000,1
0000000101100000110000000000,1
0000001001010000001100100110,1
0000000000000001010100000000,1
0000000001100000100010000000,1
0001000000110000010000000100,1
0000000001001000011000000001,1
0000000000010000011101000101,1
0000000101000000011000010010,1
0000000001000000010100010100,1
0000010000100000000000000000,1
0000000101010000010000000000,1
0000000001100000000001110000,1
0000000001101001011001000000,1
0001000001010000010000000000,1
0000000011100000011000100001,1
0000000001110000001001100010,1
0000010001100000011000000000,1
0000001001100000000001100000,1
1010000101000000011000000000,1
0000000000100010011000001010,1
0000000010110000011000000000,1
0000000001000000010100100111,1
0000000001100000101000000010,1
0000000000010000001010000000,1
0001000001000110011100000000,1
0000000001010000100100001000,1
0000000001000001101010000100,1
0001100001100000011000000000,2
0000000011100000001000000001,1
0000000001000010011000000100,1
0000000000100000001100100110,1
1100100001100000011000100100,1
0101000001000000000100010000,1
0000000010000000011100011000,1
0000000000010000000010000000,1
0000010001010000011100010000,1
0100000000000000010100010000,1
0000000010010000001000100000,1
0000000001000000001100001000,2
1000000101100000011110000000,1
1000000001010000001000000000,2
0000001000000000000010100000,1
0000001001000000010000000100,1
0010000000000000010100000000,1
0000101001000000000000100000,1
0100000000000010001000000000,1
0000010001100000000101100100,1
0000000001101100010000100000,1
0001000001110000011000000110,1
0000000111100011011100100000,1
0000000000000001011001100010,1
0000110001100111000100000100,1
0000000001000000010000100110,1
0000000001010010011010000000,1
0001000001100000000000000010,1
0000100011100000010000000000,1
0000100011011000001000011000,1
1000011011000000011000110000,1
0100000000100000110100111000,1
0000101000000000001110100000,1
0001100001000000000100000000,1
0000001001010000000001000000,1
0000000001100000000000000110,2
0001011101101000011100000000,1
0000000000100000011000010000,1
0000000000110000110110100100,1
0000000001010000110000000000,1
0000000000000000011000000010,1
0000001000010000101000100000,1
0000000001000010010000000000,1
1000000001110000011000000000,1
0001000000010000011000000100,1
0001110000000000011100000010,1
0000000001100000001000000100,1
0000001001000000011010100010,1
0000000001001000011000000000,2
0000000001101000011100000000,1
0000100010000000001100100010,1
0000101000010000011100000000,1
0000000011110010100000000000,1
0000000011010000011100100010,1
0000100001100000011101100000,1
0000000111100000100100100000,1
0000110001100000010000000010,1
0000010011000000000100000000,1
0000110000100000010000000010,1
1100000001100000011100100101,1
0000011001110000010101000000,1
0000011001100000101010000010,1
0100101010000000000100000000,1
0000000000100000111010000000,1
0000000001100000010010000010,1
0000101001000000001100000101,1
0000001001000001011100000000,1
0100000000000000000100100000,2
0000100001100000000101011000,1
0000100001110000010010000010,1
0000100000100001011110000000,1
0000000000100001101100111010,1
1001110001100000011100000010,1
0000100001011000011100000010,1
0000000011000000011000000000,2
0000110001110000000000100000,1
0100000011100000100100000000,1
0000100001000010010010001000,1
0000001000100000000000000010,1
0000100011000001011100101000,1
0100010001110001011110100000,1
0000100110000000010100100000,1
0000000010000000011110100010,1
0000000001000010001010100100,1
0100001001010000001100100000,1
0000000001110000100101001000,1
1100000001000100011100100100,1
0000001001111000100100100000,1
0000000001100000000110110000,1
0001100011000000110100100010,1
0000000001100000001100101000,1
0111000001101010001000101100,1
0010100001110001001010100000,1
0000000001100000001010110000,1
1011000001000010000000100000,1
0000000001100000000000101000,1
0000000101100000011100100010,1
0100000001010000010110100000,1
0000100000100000000000101000,1
0000000001010000010000101000,1
0001001001100000011000100000,1
0000000111000000001000100000,1
0010000001010000010100000000,1
0000000101010000011100100000,1
0010000000000000011010100000,1
0001101000000000001000101000,1
0000100000100000010000101100,1
0000000001010000011100101010,1
0010000001100000000010100000,1
0000000001100000001111000000,1
0000100001110100101000100100,1
0000000001000000010001000000,1
0000000001101000000000100000,1
0000000001100000010100101110,1
0010000001001000011100100000,1
0000010000100000010100101000,1
0000000001001000001101111010,1
0010000001000000001000100000,1
0000010001000000010000100000,1
0000000011111111001010100000,1
0101000001100000011100100010,1
0100000001000000011000100100,1
0000000010010000010100010000,1
0000000101010000000000100100,1
0000001011100010011010100000,1
0000000001010101000100100000,1
0000100001110000010000100001,1
0000100001000000000100100001,1
0001110001000000010010100100,1
0000001000110000010100100000,1
0000000001000000000011000000,1
0001100100100010010010100000,1
0001100000010000010000100000,1
0001111101000000001000100000,1
0000000001101000010100100000,1
0001100001000000001100101000,1
0000000001000000011100101010,1
0000001001100000000000100001,1
0100000001000000011001101000,1
0000010001100001001110100000,1
0000000001000000011010101000,1
0000000011100100011000000000,1
0000000101001000010100000000,1
0000000000110000001010100000,1
0010000100110000011100000000,1
0000000000010000000000000010,1
0000001110001100001100000000,1
0001110001110000001000000000,1
0000000101100000100100100000,1
0000000000100000011010010000,1
0001100001100001000000000000,1
0000000000110100001000000000,1
0000000001100100001001100010,1
0000010001000000011000001000,1
0100000001000000011100110100,1
0100001110100000011100000000,1
0000100000010000011101000000,1
0000111001010000000100000000,1
0000000001000000011001100100,1
0000000101000010011100000100,1
0000000010000000000000000010,1
0000000001000000011000000011,1
0000000001010000010011100000,1
0000100001000011100000000100,1
0000000001110110000000100110,1
0000000001000011001000101001,1
0000101001110000011000000000,1
0000011001110000001101100000,1
0000001000100000010100000000,1
0000000001011000010100100000,1
0000001001110000001100000111,1
0000000001101010000100000000,1
0100000001000000001000001000,1
0000110001010000001100000000,1
0000010001000000011010000000,1
0001100001011000010100000000,1
0000100101000000010000001000,1
0000000001000100010000000000,1
0000011000010000000100000000,1
0010101001000001111000000000,1
0000000001111000011000000000,1
0000000101000000010010100000,1
0001000011100000001000100010,1
0000000101110000011000000010,1
0000100001110000010000100100,1
0000000000010000011010100110,1
0000000101000001011100000000,1
0001000001100000101010100000,1
0000000001110001110100000010,1
1100000001100000010100000001,1
0000110001010000001001100000,1
0000000001000100011101100000,1
0000111001100000011000000000,1
0000000001110000010101110110,1
0000001001000000010001111000,1
0000010001110110010100000000,1
0000000001100000110010000000,1
0000001001110000001000000100,1
0001100001000010000100000000,1
0100100000001000000000000000,1
1000000010100000011100000010,1
0001101001100000011100000000,1
0000000001110100000000000000,1
1000000001000000001100110100,1
0000000000100100011110000000,1
0001100001100100000100100000,1
0000010001000000011000000000,2
0011101001100000010000000000,1
0001110001100000010000000010,1
0000000000111000001010000000,1
0000100000111000101110000000,1
0001101001100000000100100100,1
0001000001010000101100000010,1
0100000000100000011110000000,1
0010000110100000001100100110,1
0010000100000000011101000010,1
0001000001000000100010100000,1
0000100001100000000000000100,1
0000000001110001000000000000,1
0000000001100000010101001000,1
0000011110000000010000000000,1
0001000000000001010101000010,1
0000100011100000000100000000,1
0000100001100000000010000000,1
0000000001100010000000000000,1
0000000000001000001000100001,1
0000100001000000011000101000,2
0000100001011000010000000100,1
0000100011010000001000000001,1
0000010000100000001010000000,1
0000000001000000011000000010,1
0000000000010000011000000110,1
0000000000010000000110000100,1
0000110000010000001000000000,1
0000000010010000011100001000,1
0000000100110000010000000000,1
0101000000010000011000100000,1
0001110000000000011001100000,1
0000000110010000011100001000,1
0000000110010000010100100000,1
0000000101100000011100001000,1
0000100001100110001000000100,1
0001000000110000011000100000,1
0000000001100000011111100010,1
0000100101010000010100000010,1
1000100000110000010100000000,1
0000000000110000000000001000,1
0000000000001000100000000010,1
0000000000010000001110110000,1
0001100000100000011110000000,1
0100000000100000011000100000,1
0000000101100001011100000010,1
0000000000100000011000100100,1
0000000000010001000000100100,1
0000001000100000010101011000,1
0000101000000000011000000000,1
0000010001000000011000100000,1
0000000010110000001010000000,1
0010100001110000000000100000,1
1100010000100000001000000101,1
0100000010110000001100000100,1
0000111100100000000000000000,1
0000000001110000000000111010,1
0000000000000000001000000010,1
0000000001010000000101000000,1
0001100000100000000110100010,1
0000000000100001000000110000,1
0000000110010000010100000100,1
0000001001000010001011000000,1
0000000101110000011000100000,1
0000100001000000001010100000,1
0000000111100100011000000000,1
0000001001110000000100000100,1
0000000001000000001000000100,1
0100000000100000011100001000,1
0000100001100000001000000100,1
0000000001000010001110000000,1
0001000010000000111100000000,1
0000000001000010001000001000,1
0100000001000000011000000000,1
0000100001100000000000100010,1
0000100001100001110000000000,1
0011000001000000001000000000,1
0000001010100000001000000001,1
0000000001100000010100000001,1
0010100001100000010000000010,1
0000010111010000001100000000,1
0010000001110000001100101000,1
0100100001010000001001000100,1
0000100111110000010100000000,1
0000110010100000011000000010,1
0000000001100111010010000000,1
0000100001100000001101000100,1
0000000101000001011001001010,1
0010001001110000001101100100,1
0000100001000000100110100000,1
0000100010101000010110000000,1
0001100001000000001100100000,1
0000100000000000000100000111,1
0000010101100001010000100100,1
1100000001000000000110000100,1
0000001000000000011101100000,1
0000100001100100011011100000,1
0000010001000010010100000000,1
0000100001000001010100001010,1
0000000100000000000011100100,1
1100000001000000000100001001,1
0001100001101000001100000000,1
0000000001110000001100001010,1
1100000000100000011000000001,1
0000000001001100000000000000,1
0000000001000000010101100110,1
0100000001100000000010100000,1
0000100000110010010010001000,1
0000000011000001001110100000,1
0000100001100000011000101000,1
0000000000110000000101100010,1
0000000111000010011110100000,1
0000000001110000010100011000,1
0001100001010000011010010000,1
0000100001000000011000000000,1
0000000001100100001000000000,1
0100000001100000001001100000,1
0000100000100000010100101000,1
0000001000100000011100000010,1
0000001000100000011000000000,1
0000000000010000011001100000,1
0010000001010000001100000000,1
0000000001100011010100000010,1
0000000001100100011000000000,1
0000000001010010101100000000,1
0000001000010010011100100000,1
0110000000001000001100000000,1
0100000001110000011000000000,1
0000100001000000010000000100,1
0000001001010000010110000000,1
0001000011100010010100000000,1
0000000001000001011001000000,1
0000000001110000001000101000,1
0000100111000000001100100000,1
0000110001000000110100000000,1
0000001001001100001100000000,1
0000100000010000000000100000,1
0000000011100000010000000000,1
0000000000010000001100000010,1
0000000101000000001010000000,1
0000100001100000001010000100,1
0000000010110000011100101000,1
0000100011100000000000000010,1
0000100000110000011110000010,1
0000000000000000101000000010,1
0000010100110000010000000000,1
0000000000000000000000000011,1
0000000001000001101110000010,1
0100000001100000000000000000,1
0000000000000010010000110000,1
0010100001111000011101000000,1
0000000000001000010100100000,1
0000100000110000000100000000,1
0000000000011000000000001000,1
0000100001100001110100000000,1
0000010001000000001000001000,1
0000010001010000000000000000,1
0100000101100000000010001000,1
0000100000000010011000100000,1
0110010000100000011000100000,1
0001100001000000010100000100,1
0000101001001000010000000000,1
0000010001011000001000000000,1
0000100000110000001000000000,1
0000000000010000000000001000,1
0000001001100000111000000000,1
0000000001001000010000000010,1
0000000001100010110100000100,1
0000100000111000000000000000,1
0100000000110000000100000000,1
0111001000000000010000100000,1
0000000100110000000110000000,1
0000011101000000011000000000,1
0000000010010010100100100000,1
0001000001101100001100000000,1
0000100001100000001100100100,1
0000000001100100000000001000,1
0100100001100000011000100000,1
0100000001100000011001100000,1
0001000000001000001000100000,1
0000000000010000000001000100,1
0000101000100000011010000000,1
0000000001000000000010000100,1
0000000001011100000000000000,1
0000001100000000000000000000,1
0000000011010000000010100000,1
0000000110000000011100000000,1
0000000001111000001100100000,1
0110000001100100000000000000,1
0000000001111000010100000100,1
0000000001100110011000000100,1
0000000010000000000100011010,1
0000000101100000010000000000,1
0000001001010000001000000100,1
0000000000110010000000000000,1
0000000001110000011110100000,1
0000000000000000010000000010,1
0000100001010000010001100000,1
0000000101100000010010000000,1
0000000001100001111110000100,1
0000100000000010001100001000,1
0000000101000000000000000000,1
0010100001111000010000101110,1
0001101001000010011010000100,1
0000000001100000011000001100,1
0000100001000000010000000010,1
0000000001111000001100000010,1
0001000001011000010100100000,1
0001100000110000000001100010,1
0001000001000000010000000000,1
0000000001100000000110000110,1
0000000101000000000000000010,1
1010001001000110001000000000,1
0000000001100010010000000000,1
0000000001100001101000000001,1
0000000001100000001000010000,1
0000000001110000000101110100,1
0000000010100100000100000000,1
0000000001000001100000000010,1
0000001000100000011000000100,1
0000001001100001001100000000,1
0000000011000000011100000000,1
1000000000000000000100000000,1
0000000000100010000100001000,1
0000100000100000001010000000,1
0001000001010000000101100000,1
0000000101100000000100000000,1
0000001000100000011100000000,1
0000000011000000011110001000,1
0000000000100001011000000000,1
0000000001110010001001000100,1
0001111001100000011000000000,1
0000010000110000011100000001,1
0000000011110000011110000000,1
1000000000100001011100100000,1
0000001000000000011110000000,1
0000100001000000100100000000,1
0000011100000000001100000000,1
0000000001100000000001100010,1
0000100011100000011110000000,1
0000000000000000110100000000,1
1100101000000000000001100001,1
0000001001110000001110000010,1
0000000001110000001000000100,1
0000010001100000011100000010,1
0000101011000001001000000000,1
0100000100100000011100100000,1
0000100000010000001000000000,1
0000000000000000001010000000,1
0000000001111000101010000000,1
0000001000111000111000000100,1
0000000100100000001000100100,1
1000100001110000001010000000,1
0000000001000000011100001110,1
0000000000000000011110000100,1
0000000101000000011000000000,1
0000000001110000010010000010,1
0000000000110000011001000000,1
0000000000011000001100000010,1
0111100000010000010101100000,1
d21094clir9s73aiddag
0000000001110000011000000000,19
0000000001000000011100000000,68
0000000001010000000000000000,10
0000000000110111000000000000,1
0000000000010000011000000000,3
0000000101100010000000000000,1
0000000000110000011000000000,5
0000000001110000001100000000,29
0000000010010001100100000000,1
0000000001110000011100100000,33
0001100000100000011100000000,2
0000000001111000011101111000,1
0100100001001100011000000000,1
0000000000110000011100000000,18
0000000001000000010000101000,3
0000011001000000011000000000,1
0000000001100001010000000010,1
0000000111100010001100000000,1
0000100001001000001100000000,1
0000000001110000001000000000,8
0001100001000000010000000010,1
0000000001100000011000000000,23
0000000001110001010000000000,1
0000000001010001011000000000,2
0000000001000000011100000001,2
0000000001110000001100000100,8
0000000000110000000100000100,2
0000000001110001011100000000,2
0000001001100000011001000000,1
0001110101000000001100000000,1
0100000001000000011100000000,4
0001000000010000010100100000,1
0001010001100000011110000000,1
0100000000010000011100000000,1
0100000001010000001000001100,1
0000000001010000011000000000,12
0000000001110000011100000100,11
0100000000010001000000100000,1
0000100000000000011000100000,1
0000000000010000101000100000,1
0000000001010000011110000000,7
0000000001100001011100000010,1
0000000000010000011100000000,20
0000000011110001100000000000,1
0000000000010000000001000000,1
0010000001100010011010000100,1
0000000000110000001100000000,9
0000100001010010010100000100,1
0000000001100000011100000000,69
0001100000110000000000000000,1
0000000011010000000000000100,1
0001000001010000010100000000,5
0000001101100000011100000110,1
0000000001110000011000000010,4
0000100000010000010100000000,4
0000100001100000101000100000,1
0000000001110000001000100100,3
0000001001110000011000000100,1
0001001000100000010000000000,1
0000000101110000011100000000,5
0000000001110000010000000010,3
0000001001000000001100000000,4
0000000000100000011000000000,9
0000000101110000010000000000,1
0000000001000000011000000000,9
0000000001110000010100000000,74
0000001000000000011000100010,1
1000100001010000011000000000,1
0000000001000000000100000000,46
0000000011110000001010000000,1
0000001001100000011100000000,4
0000010001010000001000100000,1
0110000000010000000100000110,1
0000000001100010000000000000,2
0100000001100000011011000011,1
0000000001000010000000000000,1
1100000001000000001000000101,1
0001100001110000011100000100,1
0001101111010000011100000000,1
0100001001110000001000000000,1
0000000000100000001100000000,27
0000100001110000001100000000,3
0000000001110000011101101110,1
0000000101100000010110000000,1
0000100001000000011010000000,3
0000001001100000011110000000,1
0000000001100000011000100000,12
0000000001000000011100001100,3
0000000001000000011000100000,15
0000000001110000000000000100,1
0000001000110000001100100000,3
0100000001110000010000000000,2
0000100100110000011000000000,1
0000100001100000011101100000,2
0000000001000000010101000000,5
0001001001100000010000000000,1
0000000001110000011000000100,2
0000000010100000000110000010,1
0000001001010000011100111010,1
0000000001010000011100000100,6
0000000001100000101000000000,1
0000100001110000011000000000,4
0000000001110100001000000000,1
0000000001010000001000000000,9
0000000001010010010000000000,1
0000000000010000011100001000,2
0000000001110001010100000000,3
0000000001000000010100000000,78
1000100001100000011110000000,1
1100000000010000010000000101,1
1000100000010000011100000000,1
0000000001100000011011100100,1
0000010001100001010100000000,1
0000000000110000001001001000,1
0000000001100000010100000010,10
0000100101110000010000000000,1
0000000011010000010000000000,3
0000000001100000101100000000,9
0001000000110000001100000000,2
0000000001000000000000100100,1
0000000001100000001000000000,26
1000000001110000001000110000,1
0000011101100000011000100000,2
0000000001010000001110000000,5
0000000001000110011100000000,1
0000000011010000011100000000,2
0000000001100000011000001000,6
0000000000110001011100100100,1
0001000000000000011000000000,2
0000110001100000011100111000,1
0000000000010000011010000000,1
1000001001010000010100000000,1
0000001001100000010000000000,3
0000000000010000010100100000,14
0000000001100000011010000000,4
0000000001110000001100000010,3
0010000001100000000100000001,1
0000000000110000011100000010,4
0000000000110000011000000100,1
0000000000010001101000100000,1
0000000001000000001001000000,1
0001000001111000011100101100,1
0000001001100000010110000000,3
0000100001010000000110000000,1
0000000000110000011101000100,1
0000000001010000001100000000,37
0000000001000100010100100000,1
0000000001010000010000000000,13
0000000001110000000100001000,4
0000000010010000010000100010,1
0000000001000000011010000000,3
1100000001100000011000001101,1
0000000001000000001010100000,2
0100000000010000011001100000,1
0000000001110000011100000000,54
0000101001000000011000000000,1
0000000011110000001101100000,1
0000000001010000010110000000,12
0000000001000100001001100000,1
0000000001100010011100000000,3
0010000000110000000000000000,1
0000000001000000011100000100,7
0000100000010000000000001000,1
0000000001100010011100000010,1
0000000100110000011000000010,2
0000000001000000011110000000,9
0010000001110000001000000000,1
0000000001100001001000100000,1
0000000001010001000010100000,1
0001100001110001011100000000,1
0000000000010000001100000000,14
0001000001100000010000000100,1
0000000001111000101010000000,1
0000100000110000011100000000,2
0000100000110000011010000000,1
0000001001010000000100000000,9
0001000000110000011100100000,1
0000101001110000011000000000,1
0000000001110000001010100000,2
0110000001100001101100000000,1
0000000000010000011100000101,1
0000000000010000001000000010,1
0000000101100000010100000100,2
0000000111010000011000000000,1
0000000010110000000000000000,1
0001100001110000011100000000,2
0000000000110001001000100000,1
0000000001010000000000000010,2
0001100000010000011000000000,1
0000000001001000011010000000,1
0000001001110000011100000000,3
0000000000110000000000000000,6
0000000000100000010000000000,9
0000000000000010001100000000,2
0000000001111000001100000000,2
0000100001000000001100101000,1
0000000000100100011100000010,1
0000000001110000101100000000,2
0000000000010000000101100010,1
0000000001110000010100100000,44
0000100000110000011100000110,1
0000000001110000011100111011,1
1100000000100000011100000000,2
0000100001110000011100000100,1
0000000001100000010100000000,76
0000100001110000000100000000,4
0000100001110000011001000010,1
0000000000110100011010100000,1
0000000000110000001110100010,1
0000100000100000001000000100,2
0000010001010000000010001010,1
0000000001110000010110000010,2
0000000000100000000110000000,3
0000000001110000011100000010,8
1100000000110000011100000000,1
0000000001100000001100000000,40
0000000000110000011100001000,1
0000001001010000010100000000,12
0000000011010000011100000100,1
0000000101010000011100101001,1
0000000001010001101100000000,2
0000101001010000011100000000,1
0000000001110000000100000000,35
0000101000110000101100000000,1
0001100000111100001100100000,1
0001100000010000010100000000,2
0000000010010000001100000000,1
0000000000100000011110000000,7
0000000001110000011101000000,5
0000000001110000001000001000,2
0000000001010001110100100000,1
0000000001010000100100000000,4
0000000101010010011100001000,1
0000000001010000000100000000,50
0000001001110000010100000000,7
0000000010110000000100000000,3
0000000011100000000100000000,3
0000000000000000000100100000,23
0000000001101000001100000000,5
0000100001010000000000000110,1
0000000000000000011100000000,26
0000000001100000011110000000,5
0000000000000000000100000000,28
0000000101010000001100000010,1
0000001000000000011100000100,2
1111000000000000011100000010,1
1100000001100000011100000000,1
0000001000000000010100000100,1
0000000010110000010100101000,1
0000100000100000010100000000,4
0000000000000000011101000000,3
0000000001010000010100000000,82
0101000001010000010100000000,2
0000000001000000001100100000,33
0000000001001010011100000000,1
0000000010000000011100000000,3
0000000101110000111100000000,2
0000010001100000001100000000,2
0000000001100000010000000010,6
0000000000010000101100000000,1
0110000001010000010100000000,1
0000000001100010010000000000,2
0000111001100000010111100010,1
0000000001100000000111000010,1
0000000000010000010000100000,5
0000010001100010000100100110,1
0000010001010000000101000001,1
1000000000100000011100000000,2
0000001001010000001110000111,1
0000000001010000001111000100,1
0000000000000000000000000000,10
0100000001100000011100000000,6
0000000000000000011100000001,2
0000100001110000101000000000,1
0000000000110000011101100110,1
0000100001101000010100100010,1
0000000000100000001110000000,2
0000000101010000000101000010,1
0000000000010001011100000000,2
0000000001100000001100110000,2
0000000001110000010110000000,13
0000010111110000011100000000,1
0000000001010000000000101000,2
0000000001100000001000100010,5
0000000001000000011000001010,2
0000000000000000010100000000,43
0000000001100000000110000000,10
0001100001000000001100000000,2
0000000101110000000100000000,3
0000000000100000110100110000,1
0000000001101100010110001100,1
0000001000100000000100100000,3
0000000000000010011100100000,1
0000100001100000010100000000,6
0000100000010000000100000001,1
0100100001110000000100100000,1
0000000001000001001100000000,3
0000000001010000011000000010,1
0000000001110000000010000000,2
0000100110010000011000000000,1
0100001001100000011100000000,1
0000000001010000000101000000,5
0000000010010000001101100000,1
0000000000010000010100101000,3
0000000000001000011110100000,1
0000000001100000000100100000,45
0000000001100000001101010000,1
0000010001000000010100100000,1
0000000001000000000100100000,39
0000000001100000011100100100,7
0000000000101100010100100000,1
0000000000100000010110100100,1
1000000001000000000100100000,1
0000000101100000011100111000,1
0000001000000000001100100000,3
0000000000010000011100100000,8
0000000011100000010100000100,1
0000001001000000011100100000,3
0000100110000000010100101000,1
0001000001000000011100100000,1
0000000001110010010110100000,2
0000000000100000001100100000,13
0100000001000000001100100000,4
0100000000100000010100100000,2
0000001001000000000101100000,1
0000000001010000011100100010,5
0000100001100000011100100000,5
0000000000111000010000100000,1
0100000001110000011000100010,2
0000000001110000001101100000,2
0000001001110000011100100000,4
0000000001110000000100101000,4
0000000000100000011100100000,18
1000000011100000011100100000,1
0000000001010000001100100000,16
0000000000010000000110100000,2
0000110000011000010100100000,1
0000001000101000010100100000,1
0000000000000000010100100000,29
0000000000100000000100100000,15
0100000001000000010100100100,3
0000000000010000011000100000,7
0100000001010000000100100101,1
0001000001010000001100001000,1
0000000001010000100000100000,1
0000000001100000011000010000,2
0000010001001100100100100000,1
0000000001000000010100100000,35
0000000001100000011100100000,48
0000000000110000011100111000,1
0000001001110000001100100000,2
1000000001000010011110100100,1
0000001001110000010100010000,1
0000000000000000010000100000,4
0000000000100010011100100000,1
0001001000100000011100100000,1
0000101001000000010100100100,1
0000001001110000001110000000,1
0000000000000000001000100000,3
0000000001100000000100001000,3
0010000001110000000100100100,1
0000000001100000011100100010,7
0000000000000000011100100010,1
0000001001000000010100100000,5
0000000001000000011100100000,45
0000000000100000010100100000,28
0000100001010000000100100100,3
0000000100110000011110100010,1
0000000101000000011100100000,2
0000101001000000001100100100,1
0000000001110000010101100000,7
0000000000000000001100100000,9
0000000000100000000000100000,2
0000100000010010010110100010,1
0000100001100010000100100000,3
0000000011000000000100101000,1
0000000101101000010000100000,1
0000001001000010000100100000,1
1000000001000000010100100010,1
0110000001110001010100100010,1
0001000001000000000100100000,3
0000001001110000001100101000,1
0000100001110000011110000000,4
0000000001100000001000100000,2
0001000000000000010100101000,1
0000000001100000001100100000,34
0000000000100000001101101010,1
0000000001000000000100101010,1
0000000001010000010100100010,2
0000000011000000010100101000,1
0000000000100000001000011000,1
0000100001100000010110010000,1
0000000000000000010100101000,3
0000000001010000010100100000,50
0000001001010000010011101000,1
0000000001100000010110100000,10
0010000001000000000100100000,4
0000000001100000010100100000,50
0000100001000000010010100000,1
0100100000100111000111100000,1
0000100001000000001101110000,1
0000001001100100011100101000,1
0000000001110110000101111101,1
0000000000010000010100100100,3
0000001001000000000100100000,2
0000000001100010011110100000,1
0000000001110000000100100000,29
1000000000100000010000100010,1
0000000001000000000110100000,4
0000000001010000011100100001,1
0000000001100000010000001000,2
0000001101000000000100110001,1
0111001001110000011100100000,1
1000000111100000010101100000,1
0001100001000100010100100010,1
0000000001100000000100110010,1
0000000101100000100100000000,1
0000000001011000001100100000,1
0000000001000000010100100001,2
0000001000100000010100100010,1
0100000001010000010100000000,7
0000010001000000000010100000,1
0000001001110000001100100100,1
0000000000110000010100100010,4
0000000001000000000100100101,1
0000000001110000010000100000,6
0000000011100000010000100100,1
0000000000100010001110100000,1
0000000001000000001100101000,3
0000000001100000010100101000,3
0000001001010010010100011000,1
0000000000000000010100100010,6
0000001000000000010110100010,1
0001000011000000100000000000,1
0010000101000000100100100000,1
0000000001000001100100100000,1
0000000001110001010110100000,2
0000000001110001000100000100,1
0000000000000000010000101000,1
0000000001110100010000100000,1
0010000001000000011100100000,1
0000000000010000001100100000,11
0000000001100000001100101000,2
0001001001000000000010100000,1
0000000001100000010111100000,1
0000000010010000111100100000,1
0000000001000000010110100000,10
0000000001100000010000010000,1
0000001000000000010100100000,4
1000000001000000011100101000,1
0000000001100000010000100000,12
0000000001000000000100001100,1
0010000001100000010100100010,1
0000000001000000001000100000,8
0000000000110000010100110100,1
0000000001100001000000100000,1
0000000001110000011100100100,7
0000000010100000100100000000,1
0110001001010000100100100110,1
0000100001000000011100000000,8
0000000001010000101101000010,1
0000000001100000010001010100,1
0000001001110000000100100100,1
0000010101000000000100100000,1
0000000001010000000100101000,3
1100000001100000010100100000,1
0000100001000000000100100000,5
0000000101000000100100101000,1
0000000001011000010100100010,1
0001000101000000011100101000,1
0000000000110000010100100000,9
0000000001100000001101101000,1
0000000001000000000100010010,1
0000010001110000111100100010,1
0000000001000000000100110000,1
0000000001010000011100100000,28
0000001001100000010100101000,1
0000010001110000010100000000,8
0000001001110000000100100000,4
0000001001100000010100100000,11
0000000000110000011100100000,13
0000000001000001110000100000,1
0000000001010000000100100000,26
0000000001000000010100100100,9
0000000001000010001100100100,2
0000000000000000000100100010,5
0000000001100000000000100000,5
0000000001100000010100101010,2
0000000010010000011100101000,1
0001000001100000010101101000,1
0000000001000000010100101100,1
0000000001000000011100010000,1
0000000001110000110100000000,3
0000000001000010001101100000,1
0001010001100000000000011000,1
0000000000111000010100100000,2
0000100001000000011100100000,5
0000000001110000000100100100,7
0000000101000110010110100000,1
0001000011100000000100100000,1
0000000001101000111100101110,1
0000001000010000010100101010,1
0000000101110000000101101010,1
0000000000100000011010100000,5
0001000000000000000100100000,1
0000000001001000011100100000,1
0000000000100000000100101000,6
0000010000000000000101000000,1
0000110001000000001010100000,1
0000000000110000010100100100,5
0000000001000000010101100000,5
0010000001110000000101101010,1
0000000001110000000000100000,4
0000000001100000010110000000,13
0000000000100010010100101000,1
0000100000110000010100100000,3
0000010001000010011000100000,1
0000000001000000010000100000,14
0000100000110001111100101000,1
0000000001000000000100010000,2
0000000000000010000100100000,4
0000000001010000010100100101,1
0000000001100000010100100010,6
0000000000011000010100100000,1
0000000001001000110100101000,1
0000000000000000011110100000,4
0000000011000000000010100000,2
0000000001010000011111100000,1
0001000001000001010100100000,1
0000010001100000000100100000,3
0000100000010000011100100000,3
0000001000000000011100100000,4
0000000000100000011011000000,1
0000000001000100000100100000,2
0000100001100000000100100000,6
0000010001100000010100100110,1
0000100100111000010110100000,1
0000000000000000010100110000,1
0000000000110001001100100100,1
0000011101100000001100100000,1
0100000000010000000110100000,1
0000000000100000000110101001,1
0000000000010000000100000010,3
0000100000110000001100100000,3
0000010001000000000100100000,3
0000000001000000000101000000,4
0100000001100000000100000100,2
0000000001110100010100100000,2
0000000001100000000100100010,3
0000000001010000010110100000,6
0000100001010000000100100000,8
0000000000011000010100101000,1
0101000001010000011100000000,1
0000001001110000010100111000,1
0000100001010000001100100000,4
0000000001000001000100100000,2
0000100001001000000100100010,1
0000000001000000000010101000,1
0000010001010000011100100000,4
0000000001000000000001001000,1
0000010000000000010100100000,1
0000000000010000000101100000,1
0000000001000000000100100100,2
0000000000011000001000100000,1
0000000001100000000010101000,1
0000000000110000000110100000,1
0000001001110000010110100000,2
0100000000110000000100000000,3
0000000001100010010100101000,2
0001001001110010000100000000,1
0000010000110000011100101000,1
0000000001010000010100110000,1
0000100001100000001100100000,4
0000000000100000000110100000,4
0000000011100001110100100000,1
0000000001100000000100101000,2
0000000001110000101100100000,2
0000010000010000000000100000,1
0001000000110000000100100000,1
0000000001000000101100100000,4
0001100011010000010100100010,1
0000000101100000000110100000,1
0000010001000000011100100000,3
0000000000110001000001000000,1
0000000000010000000100001000,1
0000010101000000010100100000,1
0000000001100000011100001000,5
0000100100110000001000101000,1
0000000001000000011100101000,2
0001000000000000010110101010,1
0000010100101100010100100000,1
0000000000110000001100100000,6
0001000000010001010000100110,1
1000000000010000010100100000,1
0100000001100000011100100000,5
0001000001000000000100001000,1
0000000000100010011000100100,1
0000000001000010011100100000,4
0000000001100000101100100000,1
0000001001110000011000100000,1
0000001111100000000100100000,1
0000001001100000011101000000,2
0000011001100000011100100000,1
0100000001000000011110100000,1
0000000001100000110100100000,2
0000000101000000001000101000,1
0000000000000000100110100000,1
0000000001100000010100100100,2
0000000001100000000110100000,7
0100001001100000000100100010,1
0011000001100000101100100000,1
0000000001010010000100100000,4
0000000000000000011100100000,18
0000000000100000010100100110,1
0001100001010000000100100000,1
0000000001100000000101100000,3
0001100000100000010100100000,1
0000100001100000011000100000,1
0000001001111000010000100100,1
0000010001100000000100100100,2
0001100001000011101100110000,1
0000000000100001111100100000,1
0001000001100000010100101010,1
0000001001010001011100100000,1
0000000001111010000000100000,1
0000000001100001010000001000,1
0000000001000010001000100100,1
0001000001000000011100101100,1
0000000001100000011100100001,2
0000000001110000010100101000,3
0000001001010000000110000000,3
0000000001111000011101000000,1
0000000001111000001000100100,1
0000000000000000110100100000,1
0000001101000000011101000000,1
1000001001000000011100100000,1
0000000011000000010100100000,6
0000000000000010101100001010,1
0000001000110000011100100010,1
0001000001001000001000100000,1
0000000100111000011100100000,1
0000011101000000001100100010,1
0000000001000000000000100000,4
0000000000110000001110010000,1
0000000000000000001000110000,1
0000000001100010011100100100,1
0010010000010000010100100000,1
0000000000000000011100100100,2
0001100001010000010100010100,1
0000001001100000100100000000,2
0000000001110000000100100010,5
0000010001000000000101000000,1
1000000000000000010100100010,1
0001100001100000010100000100,2
0000000100100000011000000000,1
0000000101000000010111000000,1
0000000001000000100100100010,2
0100000011010000000110100000,1
0100000001000000010110100000,1
0000011100100000011100100000,1
0000000101000000010100000000,7
0000010001010000000011000100,1
0000000001000001001100100000,1
0001100001000000000100100000,2
0000000011111010010100100000,1
0000000001000000000110100010,1
0000000000100000010000100100,2
0000000101100000010000100000,2
0000001000110000000000000010,1
0100000001100000010100100000,3
0000000000010110011100100000,1
0000010001110000001000100000,2
0000000001010001011100110000,1
0000000011100000001100100000,2
0000000001100000011101000100,3
0001000001100000001100000000,4
0000101000010010001101100110,1
0000010101010000010100100001,1
0000000000000000011100100011,1
0000000001100001011100101000,1
0000011001000100011110100000,1
0000000001000000001100100100,7
0000000001100000011111000000,1
0000000001100000011101101000,1
0000000001111000011100001000,1
0000010001100000010100100000,4
0000001011000000011100100100,1
0000001000110110011100100010,1
0000100001010000011100100000,9
0000100001100001111000100000,1
0000010101110000011100100000,1
0000000000110000001100100010,2
0000001000110111010100100010,1
0000100011100000001100100000,1
1100000001110000011100100101,1
0000000001100000000100010000,1
0000000001010100000100100000,1
0000000001100000010100110110,1
0000000001110000001111100000,2
0000000001010000001110100000,3
0001110001000000010100110000,1
0000001000000000010110100000,1
0000000001110000001100100000,32
0001000001100000011100100000,3
0000000011100000001000100100,1
0000000100010000011100100000,1
0000000000010100011100100010,1
0000000001010000011000100000,6
0000011001100000001010000000,1
0000000000100000100100100000,3
0000000001000000001100000000,46
0000000001100000001110000110,1
0001000001000000011100001000,2
0000000001010000011100000000,48
0001000001100000000100000000,3
0110000010110001011100000000,1
0000000000100000010100000000,42
0001000000000000010100100000,3
0000000001100001000000000000,1
0000000001110000100110000000,1
0000000001100000001100000100,9
0000000001000001010100000000,1
0000000001110000011100001001,1
0000000010000000010100000000,3
0000000100110000010100000110,1
0000000011100000010101001000,1
0000000000100010010110000000,1
0000100001100000001100000100,4
0000000001010000010101100000,4
0000000001010010010100000000,1
0000000001001100010100000000,1
0010000010010000010110111010,1
0000110001010000011000100000,1
0000000000110010010101100000,1
0000011001100000000110000000,1
0000001100110000011100000000,1
0000000001000000000010001000,2
0000000001110000011110000100,3
0000000001000000010111100000,1
0000000001110000000101101000,1
0000000001100000010101000100,4
0000001101000000000100111000,1
0100000000100000010100001000,1
0000000001001000010110000111,1
0000100000010000010100000100,2
0000000001100000011100000110,3
0000000000000000110100000000,2
0000101001110000011100000000,2
0000010001010000001100000010,1
0100010000010000010100000010,1
0000000001000000010100000010,16
0001000001000000010000000000,1
0000000000000000101000000000,1
0000000000010000010110000000,3
0000000000110000010101110000,1
0000000001010000010000010000,1
0000000001010000010100000001,1
0000100000010000000100100000,1
0000001001000000000111000010,1
0000000001110000010100111000,1
0100000000010000000100000000,1
0000100001010000011100000000,7
0100000001001000011100000000,1
0001100100010000010100000000,1
0010000001110000010000110000,1
1001100100110000010010000000,1
0001100001110000010100000000,2
0000000001100000000100000000,37
0000000001101000010100100000,4
0000000001100000001111000000,1
0000000001100000010101000000,7
0000000001110100010100000000,1
0000000000110000000101100000,3
1000001001100000010100000010,1
0000100001000000010100000000,8
0000000001100000011100000010,4
1100000010010000001110000001,1
0100000000100000000111100000,1
0000100000110000010100000000,3
0000001001000000000110000000,4
0000000101110000010100000000,9
0000000011100000010100000000,6
0000000001100000001100110111,1
0000001000000000010100000000,3
0000000001000001000100000000,4
0000000001100001110010000000,1
0000000000100000010000000010,2
0000000101110000010101001010,1
0000000000100000010010000010,1
0000000001010000000100110100,1
0000000000000000001100000000,21
1000000001011101010110000000,1
0001000001100000011000000100,2
0000000001000000010010000000,7
0000000001100000010100000100,14
0000000001000000010100010110,1
0000000001110000010100000010,16
0000000001000010011100000000,6
0000000001000000010110000000,16
0010000001100000010101100100,1
0001100001100000010110000000,1
0000001001110010010101000000,1
0000001001110000010110000010,2
0010000000110000010110000000,1
0000000001000000100100000000,4
0000000000011000001100000000,1
0000000011100000010101000000,1
0010000010010000010100000000,1
0000000100000000010100000000,3
0000000001100000011110010000,2
0010000001100000011100000000,2
0000001000000000011100000000,4
0000000001100000010100001000,8
0000000000110000010100000000,17
0000000101100000010100000000,7
0001100001100000010100000000,4
0000100100000000000100000000,1
0001100001100001110100100000,1
0000000001111000010110000000,2
0000100101100000010000100000,1
0000000000010000000110000000,4
0000000001011000011100000000,1
0000000111010010000100000010,1
0000000101111000010100000000,1
0000010001000000010110000000,1
1000000001100000001100000000,1
0000110001000000011100000000,1
0000000000100000011100000000,21
0000000001110010001000000000,1
0100000000000000001100000000,1
0000001100110000001100000000,2
0000001001011000011100000100,1
0000000000100010011100000000,2
0000001001000000011010000000,1
0000000011100000011100000010,1
0000000001011000000100000000,2
0000000000110000001110000010,1
0001110001110000001100000110,1
0000001001110000000110100000,3
0000001001000000000100000010,1
0100000100010000011101000000,1
0010000000010000001100000000,1
0000100001000010011110000100,1
1000000001100000011100000000,1
0000000000110000010000000000,6
0000100000110000011100100000,3
0010000000110000000100000000,1
0001110001000000011000000000,1
0111000001010010011100000000,1
0000001000010000000100000010,1
0000000101110000000100100000,1
0000001001100000000100000000,6
0001100001100000000110000100,1
0000000001000111000100000000,1
0000010001000000001100000000,1
0000000110110000011100000100,1
0000000001000100001110000000,1
0000101001000000001100000100,1
0000000001000000011100000010,10
0100100001100000010100000000,1
0000000101000000010101100000,1
0000001001100000001000000100,1
0000000111010000000110000010,1
0000001001000000010101100000,1
0100000001010011001100000000,1
0000110000010000010100000010,2
0000001011100001010100001000,1
0000000000000000001100000010,1
0000000101000000000100000000,5
0001100000000000010100000000,3
0000000000010001000100000000,3
0100100000000000011100000000,2
0000110001000000100110000100,1
0000000001110000010010000000,5
0000100000110000001100000010,1
0000001001000000010100000000,19
0100001010100000011100000000,1
0000000000000000011100001100,1
0010000101010000010100000010,1
0000100001100000010100000010,4
0000000001100001010100000000,2
0000101001000000100100000000,1
0100100001100000000110000010,1
0000000001100000010000000000,18
0000010001100000000100101000,1
0001000001000000001100000100,1
0000000001000000001000000000,12
0001001001110000001100100000,1
0000000110010001000110000010,1
0001000001100000010100000000,8
0000010001000000110100000000,1
0001000000110000010100000000,2
0000011100010000010100000000,1
0000000001000000001110100100,1
0000000001000001101010100110,1
0000000001101100011100000000,2
0100000001000000011100001000,1
0000000010100000001110000000,1
0000000011100000000100100000,2
0000000011100000011100000000,1
0000001001000000011100001000,1
0100000010010000011100000000,1
0000000000010000010110100000,1
0000000001100001110000000000,1
0001000001000100000100000000,1
0000000001110000001110000000,4
0000000001100000000101010110,1
0000100101100000000110000010,1
0111010101010000010100000000,1
0001000001010000010100100000,4
0000100001100000011100000100,1
0000000101100000001000000000,1
0000000001100000010100000001,1
0000000001101010010100000000,1
0000001001110000010100000100,2
0000000001110000010100100010,5
0001100000000010001100000100,1
0000000000010000010100000000,29
0000000001000100011100000000,3
0000100111110010001100000000,1
0000001001000000011100100010,1
0000000001011000010100000000,6
0001000001000000000100000000,3
0000000001110001011000000000,1
0100001001100000010100000010,1
1000000000110000000100000100,1
0000000001000000010000000000,16
0000000000010000011000000100,2
0000000001000000001100000100,6
0000000011100000011010000100,1
0000010001010000001110000000,1
0000000000010010000100000100,1
0010000000111000011110000000,1
0000000001011100000101000000,1
0000000000000000010000001000,1
0000000001100000000010000000,5
0000000001000100111100000000,1
0010100001010000011100000000,1
0000000001000000010100000100,11
0000000101000000001100000000,1
0000001000010000001100000000,1
0000000001100000001100100100,3
0110000001110000011100000010,1
0100100001000000010100000000,2
0000010010010000010100000100,1
0001000001100000000100000010,1
0010000000110000011100100000,2
0000101000111000011100000000,1
0100000000110001111100000100,1
0000001000110000011100000000,1
0000000001100000000100000010,13
0000100000100000011100000000,7
0000000001010000000100000100,9
0000000101100000001100000000,3
0000000000010000011000100001,1
0000000001100000010100100001,2
0000100001000000001100000000,6
1110000001000000001100000000,1
0000000001100000001010000000,4
0000000001110000000000000000,11
0000000000010000011100000010,2
0000000101100000000100000000,3
0000100000110000001110000000,1
0000010001111000001010000000,1
0100000100110000011110000100,1
0100000001110000011100000000,3
0000010000110000000100000010,1
0011110000000000000100000000,1
0100000101000000010100000000,1
0000001001110000000100000000,5
0000000001000010111010000000,1
0110000001100000011100000000,1
0000000011110010000100000000,1
0000100000010000000100000000,5
1000000000110000010100100000,1
0000000110000000011100000000,2
1000000000100000101000000000,1
0000000000010000000100000000,16
0000000001000010010100000000,8
0000001001000000011100000000,7
0000000000110000000111100000,2
0000000000110000010100000010,5
0000100000010010000100000000,1
0000000001110000010110100000,4
0000000000110000010101001000,1
0000001001010000011100000000,6
0000000000110000011101100000,2
0000100001100010001100000000,1
0000000001110000000100000010,8
0000000100010000011100000000,4
0000000000010000000100100100,2
0000000001010000001100100110,1
0000000001010000000000100000,4
0100011001000000000100100000,1
0000000001010000101100100000,2
0000100001110000011001000000,1
0000000001100000011101110010,1
0000000001110000011001100000,2
0000000000010000101100100010,1
0000000001000000011100100010,3
0000100000010000011101100000,1
0000000101010000011100000100,2
0000000001010000010100101000,3
0000001001010000010010000000,1
0001000001110000010101100000,1
0000100100111000000100000000,1
0000010000010000001100100000,1
0000100000010000010100100010,1
0000001001110000011101000000,1
0000011000010000011101000100,1
0000000000010000001010010000,1
1100100001110001011101000001,1
0100000000000000001100011100,1
0000000111110000011100011000,1
0000000000010001001100100000,2
0000000000110000001010101000,1
0000000001110000001100101000,3
0000011001110000111100100000,1
0000000001110000010010100000,3
0000000010010000011100100000,1
0000010001010000000100100000,2
0000000000001000000110100000,1
1100000011110000011100100000,1
0000100001000000000000100000,1
0000000001000000011100100101,1
0011000000110000010101100000,1
0000000010110000011000100000,1
0000100000100000010100100100,1
0000000001010000011110100100,1
0001000001110000011100100000,2
0001000001010000011100100100,1
0000000001110000011000100010,3
0000000011110000011000100000,2
0000000100010000011110100100,1
0100000001000000000010100000,1
0000010001110000000100100000,2
0000000001010010011100100000,2
0000000001110000011000100000,5
0000100001110000101000100000,1
0000001000010000010100100000,2
0000001001010000011100100000,4
0000000000110000011000100000,2
0000000001010000000100100010,7
0001000101100000001100100000,1
0000000001110010001100100010,1
0100000001100000001100100000,2
0000100000011000010100100110,1
0000000001010000000110100000,1
0000000001011000010100100000,2
0100001000000000001100000000,1
0000000011110001011100100000,1
0000100001110000010100100000,7
0000000000010000011110100000,1
0000100000100000010100100010,1
0000000000100000011110100000,3
0000000000110000011110100000,3
0000000001001000001100100000,3
0000000001011000000100100010,1
0000000001010000011100100100,4
0000000001010000010000100000,5
0000000010011000001100101000,1
0000000101110000000000100000,1
0000001001110000001000100000,1
0000000001110000000110100000,4
0000000001110000011100101000,3
0000000011010010011100100000,1
0000010011010000010000100010,1
0000000110010001110100100000,1
0000000001110000000010100000,1
0000011100010000001100100000,1
0000000001110000011110100000,2
0000000101100000001100100000,4
0000000001110000001100100100,2
0000000000110000011100100010,2
0000000001110000001100100010,6
0000000001001100011100100000,2
0000100101110000011100100010,1
0000000001100000001100100110,1
0000000001100000010010100000,3
0001100001010000001110100010,1
0000000011111000011100100000,2
0000000000110100011100100000,1
1000000010000000001000100000,1
0000100000100010001110100000,1
1000000100010000001100100100,1
0000111100110000001100100000,1
0000000101110000010000100000,2
0000000001010000111100100000,1
0000000010010000000100100000,3
0000001001110001001100100000,1
0000000001110000011100100010,7
0000000000010000000000100000,2
0000100001010000011101101000,1
0000100001110000001100100000,5
0000011000110000011100100010,1
0001000000110000110100100000,1
0000000001110000001101000000,3
0001100001010010011101100000,1
0000000001000000001100000001,1
0100000001110000010100100000,2
0000000001000000010000100010,3
0100001001100000000100100000,1
0000001011110000011100100000,2
0000000000100000001111011100,1
0100000000110000011100101111,1
0000000001110010011100101100,1
0000000001011010011100100000,2
0000000010100000001110100100,1
0000000001110000011110100010,1
0000000000110000011101101000,1
0000100001110100001100100000,1
0000001101110000010100100000,1
0000001001010000010101001000,2
0000100001000001000100100000,1
0100000000110000000100100000,2
0100000001100001001100100000,1
0000000000010000011110100100,2
0000000000010000001000100000,5
0001000000110000001000100100,1
0000010000110000011100100000,1
0000100100110000011000100010,1
0000000000111000001000010110,1
0000000010110000001000100000,1
0000001001000000010100100010,3
0100000000011000011100100010,1
0000100101010000011100100000,1
0000000001001000001110100000,1
0000001000010000010000000000,1
0000100001010000010100100000,7
0100100000010000001100100000,1
0000000001010001000100100000,1
0000001001110000001111100000,1
0000011001010000001100100000,1
0000000011101000000100100000,1
0000000001011001000100100000,1
0000000000100000010100100010,6
0000000001000000011100110000,2
0000000011110000011100100000,1
0000100000010000001100100000,2
0000100000100000010010100010,1
1000100001010000011100100010,1
0001000000010000011100100000,1
0000000001010000011001100000,2
0000100001110000010100100100,1
0000000001110000010110100100,2
0000010001110000011000100000,1
0000001000001000001100100010,1
0000000000010000101100100100,2
0001000001000100001100100000,2
0000001001110000010110101100,1
0000000000110000010110100010,1
0000000001110000010000000000,17
0100000101110000010100100000,1
0000001001010000000110100010,1
0000000001110001101100100000,2
0000000000100010010100100100,1
0000000001110001111100100000,1
0000100001100100010100100000,1
0000000011100000010000000000,1
0000000000010000001100101100,1
0100000101000000011100100000,1
0000000101010000011100100000,2
0100001001110101010100100010,1
0000000111110000010000100000,1
0000000001100000011101100000,2
0000010001110000000100100010,1
0000000101010000011100100010,2
0000001001110000001010100000,2
0000001000100001101100100100,1
1000000001100000001100100100,1
0000000000100001000100100010,1
0111000001110000010100100000,1
0000000101100110010000100000,1
0000000010110000011000000000,2
0000000001110000010100100100,4
0000100001110000010110100000,2
0001000000110100001001111000,1
0000010011110000011100100000,1
0001000001010000001100100000,3
0000100000010000011000100000,1
0000000000010000011101000000,2
0001000101010000000100100000,1
0000000001010000000100100100,7
0000000101111000001100100000,1
0000000001110000011000100110,1
0000001001010000010000000010,1
0000010000110000001100100000,2
0000001000110000010100100000,1
0000000001000000000100100010,6
0000000000110000001000100100,2
0000001011110000000010100100,1
0000000100110000011100100000,1
0000100001110000011110101000,1
0000000000110010010100100100,1
0000000001010000001000100000,6
0000000000010000011101100010,1
0000001001110000001110100000,1
0000001101110000011010100010,1
0000100001110000010100100010,2
0000000001010000100100100000,5
0000000001110000001110100010,1
0000000001110000010101000000,5
1101110001100000010100000101,1
0000000101000000011100100010,1
0100000001110000010100000000,5
0000001001010000010100100100,1
0000001000010000010110101010,1
0000000000000001001100100100,1
0000001000010000010100100100,1
0000001011110010000100100000,1
0000000101010010011100100000,1
0000100001000000010100100000,9
0100001001010000000110001000,1
0000001001010000011000100000,3
0000010001000000011100000000,3
0000001001101100010100100000,1
0000000001100000001110100000,5
0000000000010000000100100000,7
0000000000010000010000100010,1
1000000001110001011101000010,1
0000000001000111011100100000,1
0000000000100010011100100010,1
0001000001000000011100100100,1
0000001001000000011101100000,1
0000001000010001010100100000,1
0111000001010000001100101000,1
0000000001010000010110100010,3
0000000000110000111100101100,1
0000010001110000011100100000,3
0000000001000000010100100010,8
0000000000010000000000101000,2
0000010001110000011100000000,2
0000000001100000011100110110,1
0000000000010000101000000000,1
0000011001100000001110000000,1
0000100011110000011100000000,2
0000000000110000001110000001,1
0100100001100000011000000100,1
0000000001110001011100001000,1
0000000001010000001101000000,7
0000001000010000010100000010,1
0000010110000001011000000000,1
0000000001010000011100111000,1
0001000001001000001100000000,1
0000100001010000110100000010,1
0000000100010000011110111000,1
0010000001110000011100000010,1
0100000001010000011100000000,1
0000000001010001000000000010,1
0001000001100001011100000000,1
0000000001110000011101000010,1
0000000010010010010101000100,1
0000000000000000010100000100,4
0000100001110000010100000000,11
0000000101010000010100000110,1
0000000011110000011000000000,1
0100000000010001010100100010,1
0000000001110010011110000000,1
0001000110000001010100000000,1
0001001000000000001100000000,1
0000000000110000001110000000,1
0001000001010000001100000000,4
0000100101010000000100000100,1
0000100001010000011100111010,1
0000000101101000001100000000,1
0000000001010000110100000100,2
0001101100010000001100000110,1
0000011100110000001100000000,1
0100000001010000000100000010,1
0000000100000000000100000000,3
0000000001110000000101000000,2
0000000001010001001101100000,1
0000001010110010001110100000,1
0000000001010000000110000000,7
0000000001110000000100000100,8
0000000001110000011110011010,1
0000001001010000011000000000,3
0000011000010000011100000000,1
0000001001110000011100000010,1
0000001011010000000100000100,1
1100001001010001110100000100,1
0000000001001001011100100000,1
0000000001110000000110100001,1
0000000100110000000101000010,1
0100000000111100011100000001,1
0001100001010000111100000000,1
0010000000110000000100100100,1
0000000001101000000100000000,3
0000100101110000000100100000,1
0000000001010000000100000010,6
0000110001010000011100000000,3
0000000011110000010100000000,3
0000000000100000000000000010,1
0000000001110000001100001111,1
0010001001000000000100000000,1
0000000001000001011000000000,2
0001000000110000001100000100,1
0000000000000001011111001000,1
0000000101110000011100100100,1
0000000000010000001101010000,1
0000000000010001011000100000,1
0000000001010000011100000010,2
0000000000110000001100000010,2
1100000000010000010000000001,1
0000000000000000000110000000,3
0100100000110000011100000000,1
0000000011110000010100100000,4
0000001000000000010100000010,3
0110000001100000001100000000,1
0000000000100000010110100010,2
0001100001000010011100100110,1
0000000000110000000100000010,3
0000000001110000111000000000,1
0000001001010000000100000100,4
0000100001110000000100100100,1
0000000000110000010100000100,5
0000000000100001011000000000,1
0000000001010001011110000000,1
0001000001110000011110100010,1
0000000000010000011100010000,1
1000000000010100101100100001,1
0000111001010000001100101010,1
0000100001010000001100000010,3
0000000001110001010100000010,1
0000000001110000011010000010,2
0000000001001000010100001000,1
0001110000100000000100100000,1
0000000101110000010100100000,3
0000000001110010010100000000,1
0000010001110000011000000000,1
0000000000100000101100000000,3
0001100001100000011100000000,3
0010000000010001001100000000,1
0000010001010000001100000000,1
0000100000110101000100000010,1
0001110001000000001101100000,1
0000101001010010001100000000,1
0000000101000000001101100000,1
0000000001000100000000000000,2
0100010001010000011100100000,1
0001000011010001011100000010,1
0000000001010000010100000100,7
0000000001000010011110000000,1
0000000101100010011100000010,1
0000011000010000011000000000,1
0000000001010000100110000000,1
0000100001000000101100000010,1
0000000111100000000100100000,1
0000100001010000001100000000,5
0001000001010000001110000110,1
0000000001110000011110000000,6
0000000001010000101100000100,1
0001000000100000011110000000,1
0001100000110010000100000100,1
0000000001010000100000000000,1
0000001001010000000100000010,3
0000001001010001011101100000,1
0000000001100000000110000010,2
0000011000010000000100000000,1
0000000001110000010000001000,1
0000010000110000001100000000,1
0001010000100000011100000000,1
0000000001010000011011100000,2
0000000101010000011110000000,2
0000000000110000010100000111,1
0001000001010000011100000100,1
0000000001010000001100000011,1
0000000000010000010110100010,2
0000010001010000000100110000,1
0000000001010011110000100010,1
0000000001110000000011111000,1
0000100000110000001101100000,1
0000000001110000110100000010,1
0000000000110001011100000000,1
0100000001110000011010000100,1
0000100001010000010100000000,13
0000001001110000000110000000,2
0000000101010000011100000000,3
0001110001100000011100000000,1
0000100000110000010010000100,1
0000011101110000001000000000,1
0010000001110000011111100000,1
0000000001110000011101100010,2
0000000001000001000100001000,1
0100100001010000011100100000,1
0000010001110000001100100100,1
0000000001000000001100000010,4
0000001011100001010100000000,1
0001000001010000011100100000,2
0000001001010000011101000000,1
0000000111010000000110000000,1
0000001000010000010100000100,1
1100000001110000011100000001,1
0001110001110001000100000000,1
0000000001010000010100000010,13
0000001000010000000100000000,1
0000010001000000000100000000,1
0000011001010000000001100000,1
0000001001110000011111000000,1
0000000001001100011100000000,1
0000000100110000011100000000,1
0010000001000000000100000000,2
0000000000110000000100000000,11
0000000000110000000100100110,1
0000010001110000001100000010,1
0000000000100000000100000100,3
0000000001110000000110000000,3
0000010001010000000100000000,3
0000000001010000011010000000,1
0000010000111000010100000000,1
0000000100010000011100001000,1
0000000101100000011110100010,2
0000000000100000000100000000,25
0000000001010100001100100000,3
0000001010000000000100100000,1
0101000001110000001000000000,1
0000001001010000001100000100,1
0000000101110000010110000000,1
0000000001000010011100000010,1
0000000000010000000010000000,1
0000000001010000011101100000,4
1000000001010000000100001101,1
0000000100100000010100000000,3
0001100001000000000011100000,1
0000100000010000010100001000,1
0000000001110000001110000010,2
1000000011010000011100000110,1
0000100101010000010100100000,1
0000001001010000011100100100,1
0000011101100000011100100000,1
0011000001000000010110000000,1
0110000001010001101100000000,1
0010000011100000011100000000,1
0000000001010001001100000000,1
1000000001100000000101100000,2
0000000000000000011010000000,1
0000001001000010011100000000,1
0000000001100000011100001110,2
0000000000000000010110000000,8
0000000101110000001100000000,3
0000100001010000000000000000,4
0000000011111000000000000000,1
0000000000010000000000000100,2
0000001001110010010100000000,2
0000000001110000010100001000,7
0001000000110000011111101010,1
0000100001000000001100010010,1
0000011100110000000100000110,1
0000000001110000011110000010,2
0000000001100000001110000000,5
1000000001010000010110000000,2
0000000001100000000100000110,1
0000011000000000001100000000,1
0000011001010000001100000000,1
0100000001100000000100100000,1
0000000000101000011100100000,2
0010100001110000001100000000,1
0000000001010100010000000000,1
0001111001110000010000000000,1
0000000011100000011000000000,2
0010000000110000101110000000,1
0000000001010000011110000011,1
0000000000010000010100000100,2
0000000001111000011000000000,1
0000000001110000001000000100,3
0100000000100000000100000000,1
0000000011010000111000000100,1
0000000101000000001100001100,1
0000000011010000010100100000,2
0000001010101100010100000000,1
0000000101011000010110000010,1
0001010001010000010100100000,1
0000000001010100010100000000,2
0000101001110000101100000100,1
0001100001000000010100000000,3
0000000101110000001110000100,1
0000000001110000011100000110,1
0000000010000000011110000000,1
0000001101010001011110000000,1
0001001000110000011100000100,1
0000010000010000011010000110,1
0000001000000000000100000000,3
1000000001110000001100000000,1
0000000001110000000110000010,2
0000100001110000010100000010,3
0000000001100000100100000000,1
0000010001110000000100000000,4
0010000001010100001100100010,1
0000100001110000011100000000,4
0000010001100000010100000100,1
0100000001000000001100000000,1
0010000000110000001100000000,1
0000000101010000001100000000,4
0000000001100010000000000010,1
0001000000010000010100000000,1
0000100101100000000100000000,1
0100000001000000101100000000,1
0000100001010001111010000000,1
0000100000000000000100000000,5
0000001001101000001100111000,1
0000000001110001000100000010,1
0000000101110000011100000010,2
0001000001100000010110000000,1
0010000001100000110110000010,1
0000000000101001111100000000,1
0000001001010000011000110000,1
0000000011110000011100000000,3
0000000000010000010101000000,1
0001100000110000011110000000,1
0100001000110000011100000000,1
0000011101100000101100000000,1
0000000001000000000000000000,15
0000000001011101111100000000,1
0100000001110000011100000010,1
0000000001110001111100000000,1
0000000000000000001100000100,5
0100000001010000011000000000,1
0000010000010000101100000000,1
0000001001110000011010100000,1
0000001000100000000100000000,5
0000000010010001001100000100,1
0000000000010000001110100000,1
0000000001110010011100000000,4
0000000000100000001100000001,1
0000100000010000110100000000,1
0000000000000000000011000000,1
0000000000110000010111000100,1
0000000001010000011101000100,1
0000010000010000011100000100,1
0000000001000000001100000111,1
0000000001100000011100000011,1
0000100001010000001000000100,1
0000110001110000011100000000,2
0000001000010000011100000000,2
0000001001100000011100111000,1
0000000000110000010110000100,1
0000001010110000011100000000,1
0110000101010000000110000100,1
0000000001000000011100110100,1
0000010000010000010100000100,1
0000000001010000010000000110,2
0001011001110000000100000000,1
0001000001011000010100000000,1
0000000000010001101100000000,1
0000100001110000001110000000,1
0000000000010000010100010110,1
0100001001110000010100100000,1
0001000011010110010100000000,1
0000100001010000000100000000,8
0000000101110001001110100100,1
0001001001100010011101000000,1
0001100001110000001000000000,1
1100000001010000010100000001,1
0000000001110010000100000000,3
0100000001110000001000100000,1
0000000000111000000010000000,2
0000001011100000011100000000,1
0000110001100000010100000000,1
0000010000110000000000000000,1
0000000011010000000001001000,1
0111000001100000011100000000,2
0000001110010000001100000000,1
0000000001011000011000000000,1
0000000001010001111100000000,1
0000000000000000011000000010,1
0000010100110000011110000000,1
0000010001110010000100000000,1
0010000001111100011100000000,1
0000001001110000000111100100,1
0000011001010000011110000000,1
0000000001010000001010000000,1
0000000000000000001101000000,2
0010010001110000010100000000,1
0000000001010000011000000100,1
0000000000111010001100000010,1
0001011001001000000100000000,1
0000001011010000010100101100,1
0000000001101000010100000000,2
0000000001010000010100100100,3
0100000001001000010100000000,1
0000000000011000000001011000,1
0000000000100000011100000010,6
0000100001000000000000000000,2
0000101001110000000100000010,1
0000001001010000010100000010,3
0000000000100010001100000000,2
0010000000110000011100000000,1
0100000100100001011100000000,1
0000001001110000010100000010,3
0000000000100000010100000100,4
0000100001110000000101000000,1
0001000000000000010100000000,4
0000000001010010000100000000,3
0110001001000100011100100100,1
0000000101110010010100111000,1
0100000101010000011100000000,1
0000000000100000001100011100,1
0000000001110000001100001000,2
0000000001111100011110000000,1
0000000000010000100100000010,1
0000000000010010010100000100,1
0000001000000000001110101000,1
0000000000110000011100001100,2
0000000001100000010100010000,2
0000110000000000010100110100,1
0000000010110000011100000000,1
0100000001100000010000000000,3
1100000001110000001100000000,2
0000000001110000011010000000,3
0000000101010000000101000000,1
0000000101011000001100000000,1
0000000001110000011100001000,2
0000100001100000011100000000,3
0000001001010000011100000010,2
0000000001101110010100000000,1
0110101001110000000101000000,1
0000000001001000011100000110,1
0000000001100000000010101100,1
0000000001110000011111000010,2
0000000000010000001100000100,3
0000101100100000100100000000,1
0000100000100000000000000000,1
0000100001010000010010000000,2
0000000000000000011100000110,1
0001110001100000011010000000,1
0000000000000000011101100000,3
0000001000000000010111100000,1
0000100010110000011100100000,1
0000110000000000011100000010,1
0000000001111100100000000010,1
0000000001101000011100111000,1
0000010000110000011100100100,1
0000000101010000011110001000,1
0000100001110000000100001000,2
0001000001110000001100000000,1
0000100000100000011010000100,1
0000000001010000010111100010,1
0000000001110000010000010100,1
0110011101110000011100000000,1
0001110001110000010100000010,2
0001110001110000010000000000,1
0000000000110000000110000000,3
0000000001010000011100101010,2
0000000000100000001110000001,1
0000000001101000010011000000,1
0001100001110000001100000000,1
0000000000110000001100100100,1
0000001000000010010000000000,1
0000010001100001111000000100,1
0000000001001000001100111000,1
0000000000000000010000000000,10
0100000000000000100100000000,1
0000001000010000010100000000,4
0000000010110000001111000000,1
0000001001000001011100111000,1
0000000111010010010100000000,1
0000000001110000011100100110,2
0100000001000000011100001110,1
0000000001010000101100000000,2
0000000001110000010110000100,4
0000001000100000001100000100,1
0100000000000000010100000000,2
0000000000100000010110000000,6
0000001000100111011110000000,1
0001000001110000010100001000,1
0000000000000000001000000000,7
0000001001010000011111000000,1
0001100001110000011100101000,1
1000100000000000000100000000,1
0000000001110000010111100000,2
0001001000010000000101000000,1
0000000001010001001110000100,1
0000001001000000010010000000,4
0000011000010000010000100100,1
1000000001000000011100100000,2
0000000011010000010100100010,3
0000011001110000001010100000,1
0000000001000000011110100110,1
0000000010000000000100000000,1
0000000000100100011100100000,1
0000000000000000011110000000,2
0000000000110000101000000000,1
0000000101100000001100000010,1
0000100100010000001100111000,1
0000000000100000001101000000,3
0000100000000000001100000000,3
0000000001110000011101100100,2
0000000000011000010100000010,1
0000000100110000011111100000,1
0000000000100000010101000000,1
0000100001000000011001000000,1
0000010000100000010100000000,2
0000010001000000011000000000,2
0000000000000000010000000100,2
0000000000100000011100000100,1
0000000111000000010000000000,1
0000000110110000000100000000,1
0000000001100000010110000010,2
0000000001110000010010000010,2
0001010001100000011100000000,2
0100000000110010010101100100,1
0001000101000100010100000000,1
0000000000100000010110000100,2
0001100000000000100111100000,1
0000000001000000010000000010,2
0100000001010000010010000000,1
0000000101110000000100101000,1
0000000000110100010100100000,1
0001001001010000000100000000,1
0000101001110000000100000000,2
0101110000000000001100000000,1
0000000001111000000101000000,1
0100000000000000011110000010,1
0000000001100000000100000001,1
0100000000000110000100000000,1
0000010001010000010100000000,4
0001000001110000010100000000,8
0000000001010000010101000000,4
0000010001110100010100000000,1
0000001000000010000110000000,1
0000000101110000001110000010,1
0000100001110000111100000000,1
0000000001110000001111010000,1
1000000001100000010100000000,1
0001110000000000011101001000,1
0001001001100001010100000010,1
0001000001011000010010001000,1
0000100001000000000100000010,2
0000000100000000010100100000,3
0111100001110000010000000000,1
0001001000110000000110000000,1
0000010001010000000111100000,1
0001000001010000011100000000,3
0000000001010000000110001000,1
0001000000110000010100100000,2
0110000100010000001100000000,1
0100001000010000010100000000,1
0000100001010000011100001010,1
0000000001010000010010000000,4
0010000010010000000100000000,1
0000000011110100000101000010,1
0000000000010000011010100000,1
0000000000000000010010111000,1
0000000011010000010100000000,5
0000000011100100011100100000,1
0000000011010000000010000000,1
0001000001100000011110000000,1
0001100000010010011100000000,1
0100001001110000011100000100,1
0100100000010000010000000100,1
0000100001110000011100000001,2
0000000001100000100101000000,1
0000100010110000010100000000,1
0100000001110000010100000010,1
0100000000101000010100000000,1
1100000001010000011101000001,1
0000101001110000010100000000,2
0000000001010000001100100100,4
0001000001110010001100100100,1
0000000001110010000000000000,1
0000000001110000011010100010,1
0000000101100000011110000000,1
0000000000010000000100000100,2
0011100001100000000100000001,1
0000000001100000010000100010,1
0000101000100000000100000010,2
0000001001010000000100100001,1
0000100001110000001100000001,1
0000101000000000000100000000,2
0000101001010000000100100000,1
0000100001100000000100000100,1
0000000000110001000100000000,2
0000000011000000001100000010,1
0000010000010000010100100000,3
1100000001000001010100000000,1
0000000101100000010101000000,1
0000100000000000011010000010,1
0000010001100001111100000000,1
0000000001000000000100000010,10
0000000001010000000100000110,1
0000000011110000000100000100,1
0001000001001000110111100000,1
0000000001010001011100000000,2
0010000001100000010100100000,1
0001000001100000001100100000,1
0000100001100000000100000000,11
0000001000010000011100000010,1
0000000111110000010100000000,1
0011110000010000000101100000,1
0000000000100000001000000000,3
0100000000100000001100000000,1
0001000001111100011100010010,1
0000000010000000000110000010,1
0000000001110000000100000110,1
0000000001110000001000100010,2
0000001000100000010100100000,2
0000000001110010000100010000,1
0000000000010000010100000010,3
0100000000000001100100000010,1
0011000001100000010100000000,2
1000000001110000000101100000,1
0000000000000000010100000010,6
0000000000000000111100000000,1
0000100100100000010100000001,1
0000100001010000010000000000,3
0000000011010100000100100010,1
0000000000110000000110001100,1
0000010001000000010100000000,4
0000001001110100011100000000,1
0000001001010000000000000000,1
0000000001000000001100001000,2
0101000001100000010100000000,1
0000000001010001110101100000,1
0000000001110000000101001000,1
0000010001100000010110000000,2
0000010001110000010100000100,1
0000000000100000011100100001,1
0100000000101000001100000100,1
1100000000000000011000000001,1
0000010010010000010100000010,1
0000000000001000011110101000,1
0000100001000000000100000000,9
0000000000010000010000000000,3
0000000100110000010100000000,3
0100100001100000000100000000,2
0100001001110000011100000000,1
0000000001100000011100010100,1
0000100001010000001000000000,1
0000000000000000011110101100,1
0000000101110000011110001000,1
0000000000101000001000000011,1
0000000001100000110100100001,1
0000010010000000011100000100,1
0001100001010000000100000100,1
0000000000100000000010000000,5
0011100001110000000100000000,1
0000000001110000010100001100,1
0110000001110000010100000000,2
0000000011110000000000001000,1
0000110001110000010100000000,2
0000011001100100010100010000,1
0000001100000000010100000100,1
0000010001100000000100001001,1
0000001001110000010100001000,1
0000010001100000010000000000,2
0000000011000000000010000010,1
0000010001000000010100001100,1
0000000011110000011010000000,1
0000100001110000000100000010,4
0000000110000000011100100000,1
0000001001101000011100000000,1
0000000001100000010100101100,1
0100000000110000001101100000,1
0000000001100110010100101000,1
0000000000100010011000000100,1
0100000001011000010100100100,1
0000000100010010000100000000,1
1100000001000000010100000001,1
1001111101010000010100000100,1
0000001001010000011000101000,2
0000000001010001001100000100,1
0000001011000000010100000000,1
0000001001100000000110000000,1
0000010001010000000000000000,2
0000000001100000000000010010,1
0000011001000000011100000000,2
0000000100100000010100001000,1
0000000001010001001100100010,1
0100000001111000010100000000,1
0000100001110000001100000010,1
0000001101000000010101000000,1
0000000001100000000100110000,1
0000000010000000011100001000,1
0000000001100001010001000000,1
0000001000010000010100011000,1
0000000001110000010100001010,1
0000001001100000000110001011,1
0000100001100000010100100100,2
0010000000000000011100000000,1
0000001001100000010100001000,1
0000000001010000011101100001,1
0000011001000000011001100000,1
0000000001000000010100001000,3
0000000000000010000100000100,1
0000000001100000001100001000,4
0000000000100000000100010010,1
0000001000000100000100000000,2
0000101001000000101100000000,1
0000000101110000001100001000,1
0000000100000000010010100010,1
0000000000010000011000000010,2
0000000100100000000000000000,1
0000000001000000001001110000,1
0000100001100000010110101000,1
0000100000000000011100000000,2
0001100000000000011100000000,3
0000001001110000011000000000,4
0000000011000000010110000000,2
0000000000100100101100110000,1
0000000001100001011100000000,4
0000000001011100010100000000,2
0000000000010010000100100000,1
0000010011010001010100000000,1
0100000001000000010100000000,2
0000001100100000001100101100,1
0000010000100000011100100000,1
0001010001000000011100100000,1
0000000011110000000100100000,1
0000000000100000001100101100,1
0000000000010000000110100010,1
0000000000100000010100100100,4
0000001001100000101100100000,1
1000100001110000001100100000,1
0000001001100000010110101100,1
0000000001010011011100100000,1
0000011001000000010100101000,1
0000000001010000010000110000,1
1100000000110000000100100000,1
0000000000100000010000100000,3
0001100001010000000100000000,1
0000010000100000000100110000,1
0000100001010010010100100000,1
1100000001010111010100100001,1
0000001001010000010100100000,4
0000000001100000010000100100,1
0100000000010001010110100010,1
0000000001010100000100101110,1
0000100001110000010100010000,1
1000001001100000000100100000,1
0000000000000000000110100000,3
0000000000100100010100101000,1
0000000101000010010100100010,1
0000010001000000010100001010,1
0000100001100000001010101000,1
0010000000000000011100100010,1
0000000000000000010101100010,1
0000000001000000011101100000,2
0000011001110000001100100000,1
0101000001110000001000100000,1
0000000001010000000010100000,2
0000110001001000001110100100,1
0000000101110000001100101000,1
0000001101110000011110100100,1
0000100000100000100100111000,1
0000000001000000001110100000,5
0000000001010000001000101000,1
0000000001110000010100000110,2
0000100000100100010100100000,1
0000100001010000010100100010,2
0011110011110000100100000000,1
0000000001110010010111100000,1
0000000000000000010100010010,1
0001100001110000000100100000,2
0000000000010000010101101100,1
0000000001011100000100101000,1
0000000000100000010010100100,1
0000000001110000010110101000,1
0100000001110000001100100000,2
0000100001010000010110100000,1
0000000100111010010100101000,1
0001000010010000000100100000,1
0010100000110011010010100000,1
0000000000010000101110100000,1
0000000101010000010100100000,2
0001000000100000000010100000,1
0000000001010001100100100000,1
0000000000000000100101110000,1
0110100010100000010100100000,1
0000011101110000010100100000,1
0000000000100100000110100010,1
0000000000110000101101101100,1
0101100001100000011100100000,1
0000100000100000010000100000,1
0000000000010000010110000100,1
0000011001000000010100000000,2
0000001000010000010000100000,1
0000110001110000010100100100,1
1001100001110000001110100010,1
0000001001000000000100101010,1
0000000001000000001100010000,1
0001000000010000001100100000,1
0000100101010000100100101110,1
0000000011010000000100100000,1
0001001001010000010100100001,1
0000000000110000000100100000,5
0110000011000000000100100000,1
0000000000000000000101110001,1
1000000001000000000110100000,1
0001100000100000011101001000,1
0000000000010000001100001100,1
0000000000010000011011010000,1
0000100000100000010100111000,1
0000001001110000001100111000,1
0000000000000000011100011100,1
0000100011010000011100100000,2
0000000001110010000100100000,3
1000001001110000011100111000,1
0000001001100001010000100000,1
0000000001100000010100110000,2
0000101000010000010010100000,1
0000000001010010001000100010,1
0000100000100000010100000010,3
0000000001001100000100100100,1
0000000000110000010110100000,2
0000000001000000001100100010,3
0000100001000000010000100000,1
0000001001100001111110100000,1
0000010000100000100000100000,1
0000000111000001110100100000,1
0000000000000000010100100100,2
0001110100000000001101100010,1
0100001001110000010100100010,1
0001100001000000011100100100,1
0100000001100000010101100000,1
0000001001100000010101000000,1
0100000000010000011000100000,1
0000000001110000011000100100,1
0000100001010000011100010000,1
0000000001000001011100100000,3
0000000100010000001000100000,1
0000000001110000010000100110,3
0000100000010000010100100000,2
0100100001000000010100100000,2
0000001001010000010000100000,2
0000100100010000001000100000,1
0000010001000000000100101010,1
0000000100010000010101100100,1
0001000001110000011000100000,1
0000000001101000011100100000,3
0000000001100000011100110010,1
0000000000100000011010100010,1
0000100001101000010000000000,1
0000001001001100010100100000,1
0000000000000000010100100110,3
0000000000110000011100100100,1
0000010000110100000110100000,1
0000100001100000111100100000,1
0000001001110000010100100100,1
0000011000110000000100000000,1
0000001001010011111110100000,1
0000000000100001110100100000,1
0001100001100000000100100000,3
0000000001110000111000100000,1
0000000011101000001100100000,1
0110000000001100011100100000,1
0000000001000001010110010100,1
1000100000000000010100100000,1
0000100000000000011100100100,1
0000000100101001001100100000,1
0000000000100000000100100100,4
0000000000110000000110110000,1
0000000000100010000100100000,2
0000001001000000000000100000,2
0000100000100000010100100000,1
0001000000000000010000100000,2
0000000000011010010100100000,1
0000000000000000010110100100,2
1100000001000000001100100001,1
0000000001100000001100100010,2
0000000001100000000101000000,1
0000000000100000011100100100,3
0000010001010000000101110000,1
0000000000110000000100100111,1
0110000001000000000100100000,1
0000110000110000010101100000,1
0000000000110100001100100000,1
0000010001010000010100100000,2
0010100000110000001100100000,1
0000001000100000000000100000,1
0000000010110000000100100010,1
0000000001010000011000100110,1
0100000000110000010100100010,1
0000100001010000011000100000,1
0000011001000000010110100000,1
0000111101010000010100100000,1
0001100001010000010100100000,1
0000100001100000000100000010,2
0000000000100001011100100000,1
1000011000100000000000100000,1
0100000001110000010100100100,1
0000100101011000011100100000,1
0000001001000000001100101010,1
0000000001001000010100100000,4
0100000001110000011100100000,2
0000000001110000100000100110,1
0000000100000000011100100100,2
0000011000100000000100100000,1
0000000101110000011100100000,3
0001000001010010010100100000,1
0000100100100000000100000000,1
0000000001111000010001000000,1
0010000001110000001100100010,1
0000000001000010001100000000,2
1000000000100000011010000000,1
0000000001100000000010100010,1
0000000001111100010100111010,1
0000101001010000010100000000,1
0000000000100000011110010000,1
0000001010000000001100100000,2
0001000001100010010000111100,1
0001110001110000000100100000,2
0000000001000000011101011000,1
0000100001110110000100100000,1
0000000001100000001010100010,1
0000000001000000010100101010,1
0000000000100000010110100000,4
0001110001000000000100100010,2
0000000000111000010010100000,1
0100000001010000000000100010,1
0001000001000000010100100000,1
0000000010010000001100100000,1
0000001001010100000101111000,1
0000101001010000000100100010,1
0000000000101000000100100000,2
0000001101100000000100100000,1
0000000001100100000100100000,1
0000000101010011100100001100,1
0000000000100000011100101000,1
0000100001010001000110100000,1
0000000001100100011100100000,1
0101100001010000001110100100,1
0100000001010000001100100000,1
0000100001110001011100100000,1
0000010000010000010100100010,1
0000000000000111001110000000,1
0000001000110000010100000010,1
0000000001000000000010100000,2
0001000001010000000100100000,2
0000101000000000001000100000,1
0000000001100000001110100010,2
0000010100010000000100100000,1
0000000011010010010110100000,1
0000100001100000010100100000,3
1000100000000000010100100100,1
0000100101100111010100000110,1
0001000010010000000100100100,1
0000100001010000010000100000,1
0000000101010000010100110100,1
0000000001010001000101000000,1
0000000000000000010100001100,2
0000010000000010010100100000,1
0010000001000000010100100000,2
0000011101010000011000110000,1
0111000001011100001000100000,1
0000110001010000001100100000,1
0000100001110000010100101000,1
0001000001100000010100010000,1
0000011001010000010000000000,1
0000010000000000010110000000,1
0100000001010000000000000000,1
0000001100000000100000000000,1
0001100001000000000100001000,1
0000000001000010010100100000,2
0000000000110001011000111010,1
0000000000010000001010000000,1
0000000000000000011111100000,1
0001100001110000010110000001,1
0000001001010000001011100000,1
0000000001010000000110101000,1
0000001000110000000101100000,1
0110011100010000000100000010,1
0000000000000000000100000100,2
0000100000100000111100100000,1
0001000001110000011100000000,1
0000001001100000001101000000,1
0000000001100000111100000000,2
0000000001100000001100000010,8
0000001001010100010100100000,1
0100100101110000000100000000,1
0000000001000000000100000100,6
0000000001111000001000000100,1
0000000101100001101100000010,1
0000000000000000000010000000,2
1100000001000000011100000000,1
0000000000100000011000100000,3
0000101001110000000111100000,1
0000010111010000000100000000,1
0000000000110000001000000000,5
0000100001100000010100100010,2
0000000000000100001100000000,1
0000000001100000011100111000,1
0000101100110000010100000010,1
0000100000000011000100000000,1
0000000000100010001101100000,1
0000101101010000000101010000,1
0011100000110000011100000000,1
0000000001100001001010000100,1
0000110000010001001100100000,1
0000100001000000011000100000,2
0001100000110010010100000000,1
0000000000001000001100110000,1
1000101011010000000101100000,1
0000001010000000011110100000,1
0101000001100000010000000000,1
0000100001101000011101000000,1
0000000101000000011100000000,3
0001000011010000011110001000,1
0000000001011000011000000100,1
0000000110000000000100000000,1
0000100000000000010110000000,2
0000000000000010011100001111,1
0000000010010000000100000010,1
0000100000010011010100001000,1
0000000001000101011100000000,1
0000000000100000011010000000,3
0000110000000000001111000010,1
0110110101110000011100000100,1
0000000001001100010000000000,1
0000000000000000111110000000,1
0000000001110000000111000100,1
0000000001010001010100001000,1
1000000000010000000001000000,1
0000100001110000011101100000,2
0000000000100000001000000010,1
0000000001110000100100000000,2
0000000011100000100100000000,1
0110000001010010011100000000,1
0000000001010000010110000010,1
0000000011110000000100000000,3
0001000001000000011110000000,1
0000000101010000010100000000,4
0000010001010000000110000000,1
0100000100110000010100100000,1
0000100101010000010110000010,1
0010000001010000011100000000,2
0000001011100000010100000100,1
0000100001000000000000000100,1
0000100000000000000110000000,2
0000000100010000011101100010,1
0000001011110000001100000010,1
1110000000000000000100000000,1
0110000001100000000100000000,1
0001110000100000001100000000,1
0000000000000000000000001000,2
0000000001110000010100000100,7
1100000000001000011100000001,1
0000100001000000010100001110,1
0000000001100000010100111000,2
0000000001010000010110000100,3
0000010000000000001100100000,2
0001000000000000000000000000,2
0000000000100000001110100000,1
0000010000000000010101000000,1
0000000001101000000100100100,2
0000000001000000001000000010,2
0000100101111000000100000000,1
0001001001100000010100010000,2
0000000001110000001101100100,1
0000000011000000011010000000,2
1000000000100001101100010000,1
0000000001100000010000000111,1
0001000001110000000100100010,1
0000000001011000010100000001,1
0000000001100010010110100000,1
0010001001010000010100110000,1
0000000001010000000001100000,1
0000000010000000001100000010,1
0000000001000110001100000000,1
0000010001000000000100000100,2
0001101001110000011100000000,1
0000101000110000011000000000,1
0000001101100000010111100000,1
0000000000001100010100100010,1
0000010001010000010100000111,1
0000000111000000000100000000,2
0000000001000000001110000000,9
0100110001011100011100100100,1
0000000000010010100100000000,1
0000000001000001110100000010,1
0000000000000000010110000010,1
0000000000110010010100100000,1
0100000001010000010100000010,1
0001000000100000101100000010,1
0001110001100001001100000000,1
0000000000000000010100000110,1
0000000001010010010110000000,1
0000000000110001010100100000,1
0001000101010000010100000000,1
0000000000011100010100001000,1
0000001001110000010101000000,1
0000000000111100000100100000,1
0000000001100000010001101000,1
0000100000100000000000000001,1
0000000000100000000100000110,1
0000000000110000000100010101,1
0000001001110100011100111000,1
0100001001000000011111100000,1
0000000001010000000001000000,1
0000000000110010011100000000,1
0000001000100000010000110000,1
0000100001110000111100100000,1
0000100001100000001100000000,6
0000001000000000010110000000,2
0000100011110000010110000000,2
0000000000000000010010000000,5
0001000001010000010100001000,1
0000000001010000011100000110,1
0000001000000100010100000000,2
1000000001010000001000000010,1
0000000000000100010110000000,2
0000000001100000000011100010,1
0100000011000000011010000000,1
0001000001000000001100100100,1
0000010001000000001100101110,1
0000000000000010010100000000,3
0000000001010000000100001000,3
0010000000100000000110000000,1
0000010101000000000001100000,1
0000000000110001001100100000,1
1000000000010000001100101100,1
0000000010000000001100001000,1
0000000011110000001100000000,3
0000000000100000010100000010,3
1000010001100000010100000000,1
0000010001010010010101111000,1
0000000001100000000101100010,3
0000000000100000000101000010,1
1110000000010000100100000000,1
0000001010000000000100000000,1
0111100001010000000100100000,1
0000000001110010010000000000,2
0100000001111000000100000010,1
0000000111110000001100000010,1
0000000101010000000100000000,3
0000000001111000000100100000,2
1100000001100000010010000001,1
0000100001000000010110000000,3
0000010000110000010100100010,1
0000000001110000000100111000,1
0100000001000000000000000000,1
1100000001010000000100100001,1
0000000010010000011101100000,1
0000000001110000011010100000,2
0000000000000000000100100100,3
0000000001110000001110100000,2
0000000001001000000000000000,1
0000000000100010010100000000,4
0000001001010000001100000010,2
0100000000110000001100001000,1
0000011001110000010100000000,2
0000000100000000001100000000,3
0000000001000000010110000100,3
0000000100100000000100100000,1
0000000010110000011100000010,1
0000000001100000000100000100,4
0000000001110000010110100110,1
0000000000010000001110110100,1
0000000010010000001000000000,1
0000001001110010010110010000,1
0000110001100000011100000010,1
0000000001100010001100000010,1
0001000010000000000010000000,1
0000000000110010000100100010,1
0000001000100000000100000100,1
0000000001100010001100000000,3
0000000001110001001100000000,1
0000010001000001000100000011,1
0000000001010000000100000001,2
0000000000100000001100010000,1
0000000001010000010100000110,3
0000000001100000011110100010,3
0100100000010000101100000000,1
0000010001010000011100000000,2
0000011000110000100000000000,1
0001000101110000000100100010,1
0000000101010000010100000010,1
0001110001000000010100000000,1
0000100001010000000100000100,2
0000000001100001111100000000,1
0000000001110000010000110100,1
0000000011010000010100111000,1
0000001001000000000100000000,4
0000000001100000000000000000,8
0001110000110000000100000000,1
0000000001100100000000000000,1
0000011001110000010011100000,1
0000000000110000010101000000,3
0000000011000000010100000000,3
0000000000100000000100000010,6
0000000101000000010000100010,1
0000001001001000011110000000,1
0000100001010000011110000100,1
0000000000110000011011100000,1
0000000000000000011100000100,1
0000001000010000001100001000,1
0000000000100000000011100100,1
0000000000000000011100000010,4
0000100001101100010100000000,1
1100000000100000000110000000,1
0000000000100000110100000000,1
0100101001110000001100000000,1
0000000001110000011001001000,1
0000100001110001000100000010,1
0000001000100010011000000000,1
0000000001100000000100100100,3
0001100000010000000100000000,1
0000100000010000011100000000,3
0000000001110111000100000100,1
0000011001110000011100100100,1
0001001001010000010000000110,1
0010000001010000011101000000,1
0001000001100000101000000000,1
0000001110100000010100111000,1
0000000011100000111000000000,1
0000000011110010010100100000,1
1100100001010000010100100001,1
0000001001000000000100100001,1
0000010100110000001100100010,1
0000010001100000000100000010,2
0110000000100000010100000000,2
0000010000010000000100000000,2
0001110011110000011100000000,1
0000000001000000011000010000,1
0000000000100010000100000100,1
0000010001000000111100000000,1
0000000010100110010100100010,1
0000001001100000011010100000,1
0000000001001100001000000000,1
1100000001000000010101000000,1
0000000101100000000100001100,1
0000000011100000010100100100,1
0001000001010000001110000000,1
0000100001000000010000000000,2
0000000000010001001100000000,1
0001000000110000000100000000,1
0000010001010000001100100010,1
0000010001110000001100000000,3
0000000000110000010100111000,1
1000000001110000010100001010,1
0000000001110000101100100010,1
0000001000110000000100000000,3
0001010000010000000100000000,1
0001100000100000000100000100,1
0000100001110000000100110000,1
0000001001000000000100000100,1
0000011101010000000100000010,1
0000001001100000001100000100,1
0001100001000110010100100100,1
0000100001110000001101010000,1
0000000000110000011100000100,1
0100000001100000000100000000,2
0000000100010000010100000010,2
0000100000100000000100000010,2
0000000001110000001010000010,1
0000000100100000011100000000,2
0000000001100000010010000000,2
0001110001110000000100000000,1
0111000000000000010110000000,1
0000000001010000100010000000,1
0000000001010001100110000000,1
0100001010000000000100100100,1
0000001001000000001110000000,2
0000000000100000010101100010,1
0000000000011000001010010100,1
0000000001110010011100100010,1
0001000001010000001100000100,1
0000100001010000001110000000,1
0000000000111100010100000000,1
0001010001010000011100000000,1
0010000000110000010100100010,1
0000000000110100011100000100,1
0000000001010001100100000000,1
0000001001010000000100100010,1
0000100011110001110000000000,1
0001010001010000000100000000,1
0000000001000100010100000010,1
0000001001000000010110100000,3
1000100000100010110000100001,1
1000000001001000011100000110,1
0000100001110000110010000000,1
0000000011110000000010000000,1
0100001101110000010001100010,1
0000000001111100010100100000,1
0000000000110000001000100000,2
0000000010110000011000100010,1
0000100001110000011000000010,1
1100000101000000001100000001,1
0000001101010000010100000000,2
0100000001110000000100000000,1
0000000100000010000100100000,1
0000000111110000010110001000,1
0000000101100000000100100100,1
0000000001110000010110100010,2
0000001000100100000100000000,1
0000000001000000010100110000,1
0000001001000000000010000000,1
0000000001110000000011000010,1
0000000000110000011111001010,1
0100001001000000000111100000,1
0000100001110001010000100000,1
0000000001111000010100000000,2
0010000001110000000100000000,1
0000001011000001010110000000,1
0000010001010000000100000100,1
1110000011110000000101100000,1
0000000001100000011101010010,1
0010000001010000001101000000,1
0000101000000000011000000000,2
0000001001100000010100100010,1
0000000000001100010010000100,1
0000010001010000000110000100,1
0000000010110000001100100000,2
0000000101001000011100000000,1
0000001000100000010100000010,1
0000000000110000011101000000,1
0000000001010000011100101000,2
0000000000010100010100100000,1
0000011000100000011100000100,1
0000010000100000000100000010,1
0000000001010010010100000100,1
0000001000100000000010100000,1
0111001000010000010100100000,1
0100000001010000010100100000,2
1110000101110000000101101000,1
0011000000110000010110000000,1
0010000001110000000110000010,1
1111000001110000001100000000,1
0000001001011000010100000000,1
0001000001010000000100000100,1
0000000001110000001101101000,1
0000000000100001010100000000,1
0000000101010000000100000010,1
0000000000000000000100100001,1
0000000001110000000101111000,1
0001000001010000010000000000,1
0000011000010010010100000110,1
0000011001000000000100100000,1
0000111010000000010100000000,1
0000000000100000011101010000,1
0000000001110000001100000001,2
0000001001010000010110000000,2
0000101001110000010110000000,1
0000001000100000000100100100,2
1100000001110000001100000010,1
1100000001010000001110000001,1
0110001001010000010100010000,1
0000000000110000011110000000,3
0000000000000000010110100000,2
0000001001010010010100100000,1
0000000001010010111000000000,1
1100100001000000010100000001,1
0000000001100000000100110100,1
0000000001110000000100110000,2
0000000000000001000100000000,2
0100000000000000000100010000,1
0000001001000000000110010000,1
0010000001110000011100000000,2
0000100001010100010100100010,1
1100000001000000011100000001,1
0000000001010000011101000000,4
0000001000000000011110000000,1
0001101000101000010110100000,1
0000000001010001010101000010,1
0100000001000000000100100000,4
0000000100000010010100000000,1
0000001000000000000100100000,1
0100000111110000010100000000,1
0000000001100010010000100000,1
0000100001110000011100100010,1
0001110001110000010100000000,1
0100000000010000010100000000,1
0000000001111000010100100100,1
0000100000010000010110000000,1
0010000101110000000100000000,1
0001010011000000001100100000,1
1100000011010000000100100100,1
0000000001000000111100000000,1
0000000001110001110100000000,1
0001000001110000000100000000,3
0001000001000000010100000000,4
0000000001010000001000000100,1
0000100001110000011110100000,1
0000000001000100001100000000,1
0000100000010000010000111000,1
0100000000011100101010000000,1
0100000001010000001000000000,2
0000100011000000010100000100,1
0000000000100000010101000010,1
0000001001100000010100000000,5
0000001001110000010000100010,1
0001001000110000011100100000,1
0000000001011011100100100000,1
0000100001010000011111011110,1
0000001010110000010100000000,1
0000000000110000010010000000,1
0100000001010000000100000100,1
1000100001110010001100101000,1
0000100101010001011000000000,1
0001000001110000011100101100,1
0000000001111010000100000010,1
0001100000000010010100000010,1
0000001001010000010101000000,1
0000001001010000000101100100,1
0001111000100000010111000000,1
0010000001000000010110100000,2
0000000001010000001000001110,1
0000100001110000011010100000,1
0000001001100000011000100000,1
0010010001110000011100000010,1
0000000000100100000100000000,1
0000100000100100011100000010,1
0000000000010000010100000110,2
0100011100010000010100000000,1
0000000101100001110000000000,1
0000000100110000011100001000,1
0000101001110000011100000001,1
0000001001010000001100001000,1
0001000011100010010110000000,1
0001100101010000001100100010,1
0000000001010100000100000000,1
0000001001110000010100101000,1
0000000000010000110100100000,1
0000000000010000011100000100,1
0000101011110000011100000010,1
0000001001010000000100100100,3
0000010001000001000100100000,1
0001100011010000011100000010,1
0000100001110010001100000100,1
0000100001110000000110000000,1
0001001001000010001100000000,1
0000100000000000010100100110,1
0000010011000010010101100000,1
0000000001110000000010000010,1
0000100001010010000100100010,1
0000000000110010010100000000,1
0000000001100000001010000001,1
0000000001010001000100000000,1
0100000001100000000010000000,1
0000010001000000011001001000,1
0010000001110000010100100000,3
0000000000110000100111000010,1
0000001001010000011101100000,1
0000000101100000011100000000,5
0000000001010010100100000000,1
0100000001010000000100000000,2
0000010001000000010100100100,1
0000000101010000010100101100,1
0001000101100000011100000000,1
0000000101010000101111000000,1
0001000001110000010101000000,1
0000100000100000000100001000,1
0000001001010011010100000000,1
0000100000110000001100000000,3
0000000011100000000100001000,1
0000000000000000001100001000,1
1100010000000000000100000100,1
0000000000000000010101000000,4
0000000001110000001101110010,1
0000000001001000000100000000,1
0000000101000000010000100101,1
0000000001110011110100000000,1
0000100001010010010100000000,1
0000010000000000010100000100,1
0000000001000111010100000000,2
0000000001010000001000111000,1
0000100000000000111100000000,1
0100000000000000010010000000,1
0000000001000010011100000110,1
0001000001110000011000000000,2
0100001000100000100100000000,1
0000001001110000011010110000,1
0000001000100000001100000000,2
0000000101100000000100001000,1
0000000011000000000100000000,2
0000100001000000001100100000,2
1000001001010000001010000000,1
0100000001100000010110000100,1
0000000000100000010100101000,1
0100000001010000011100100100,1
0010000100110000010000000100,1
0000000000110000010110000000,2
0000000001110111010100000100,1
0000100011100000000100100010,1
0100000001100000010100000000,3
0000000001110000011100000001,1
0000001001110000011100000100,1
0000000101110000100100001000,1
0001110000110000011100011000,1
0000001001010000001100000000,3
0000000001110001001100100000,1
0001101001010000010100000000,1
0001000001101000001100010000,1
0000100000110000010100000100,1
0000100001010000000110000100,1
0000010001110000010100100010,1
0000000001010000011110000010,1
0000000001001000011100001100,1
1000000001100000000100000010,1
0001100000110000010100000100,1
0000000011000000000101000000,1
0000000000010000001000000000,3
0000000001010001000100000010,1
1000000000000010011000000000,1
0001000001000000100100000000,1
0000000100010000010000000000,2
0000001001110000001010000000,1
0101000000100000000100000010,1
0000000000000000001010100000,5
0000000001000100010000000000,1
0000100001000000010110100010,1
0000000000010000010100100010,1
0000100000000000000101100000,1
0000010100000000000100000000,1
0000000001110111011100000000,1
0100001001100000001100000101,1
0000000000000000001000010000,1
0100000000100000010100100110,1
1000000000010000010110000000,1
0110000000000000010100000000,2
0000010001110000000100000100,2
0001110001100000010000000000,1
0100100001100000000100100100,1
0000000010111000111100000000,1
0000000000010000010010000000,3
0000100001000001100100001000,1
0000000001110100000100000100,1
0000000000010000010111000000,1
0000000001010000011110100000,9
0000100000010000010000100000,1
0000000001000000100100000100,3
0000000000010000001101100000,1
0000100000000110010110000000,1
0000000001101000001110000000,1
0100000000010000010100000010,1
0000000101110000010001000000,1
0000000011010000000110000100,1
1100000000100000010100000000,1
0000001001000000010100001000,2
0000000011000000011100000000,4
0000010101100000010100100100,1
0010000001010000010110100000,2
0000001101000000001110000000,1
0000010000000111001110000100,1
0010100001010000010100000010,1
0001000001001000010100000000,1
0000100000100000011100000010,1
0000011101100000010100000000,1
0000011011100000011011000000,1
0110000000000000010000000010,1
0010010001110000000100100000,1
0001100001110000100100001000,1
0010000000100010000110100010,1
0111000001000000010110000000,1
0000000001000000010001100000,1
0000000010000010010100000000,2
1100000001000000010100000101,1
0000000001110010010001111000,1
0000000001111000011100000000,1
0010000110000000010100000100,1
0000100001010000010100111001,1
0000001001000000011100100100,1
0000001000000000000100100100,1
0001100001000010001100000000,1
0000000001000000010000001000,4
0000010000010000011100000010,1
1100000001000010001100100101,1
0000000000000000001100110000,1
0000000001110000010110001100,1
0000000011000000001100001100,1
0000000001010000010100010110,1
0000100000000000010100000000,4
0001001001010111010100000000,1
0100001001110000001100100000,1
1000000001110000010100000000,1
0000001001010000000101010000,1
0000000100000000001100100000,1
0000001001000000010100000010,2
0001100001010000011101100000,1
0001111001010000011100000000,1
0110100001010000011100000001,1
1000000001010000010100000000,1
0000010001100000000100000000,4
0000011001000000001100000010,1
0000100000110000000110000010,1
0100010001000000000100000000,1
0000001101000011010100000000,1
0100000101100000010010001010,1
0001100111100000011100000000,1
0000000011110000001000000010,1
0000000001100000000111100000,1
0000001001110000001100000000,2
0001000000100000011100000000,2
0000000000000000000100101000,1
0000101000100000010100000000,2
0000000011110000001100100000,3
0000000000011001000100000000,1
0000000001010000000010000000,2
0001100001100010001100000000,1
0000000010100000010101000100,1
0000000010100000010100000010,2
0000010001000000000011100000,1
0000000101010000000100111100,1
0000000111100000000100000000,2
0001000001100000000110000000,1
0001100001000000000000000000,1
0000100011110000001100001100,1
0000000001010000011110000100,2
0000000001101100001100000000,1
0001001001010000000110000000,1
0000000001000000000111000000,1
0100000000100000011100100000,1
0000000000000010000100000000,1
0000000000100000010100001100,1
0000000001110000010010000100,1
0011110000100000010000000000,1
0000000001001010000110000000,1
0000000101010000000110100010,1
0000100001100001000110000000,1
0110000000000000000110000000,1
0000000101110001000100100000,1
0000000001100000000100001100,2
1001100001110000001000000000,1
0000000001000000001110000010,1
0100001101111100001100000000,1
0100001001010000010100100000,1
0000011101010100000110000000,1
0000001000000000110100000000,1
0000000001100000100000000000,1
0000000001100000001001101100,1
0000000001000000001100000110,3
0000000001100000000000111000,1
0000001001110000010000000000,3
0000000001100010010100000000,1
0001000001000011000100000000,1
0000000101000000000110000000,2
0000000001000010000100000000,1
0000000000100000001100000100,1
0000000011100000010110000100,1
0010100001010010000100000010,1
0000001011100010010100000000,1
0000000000000000010000000010,3
1010000000010000001000000110,1
0000100001100010001100000001,1
0000100001100000010110000000,2
0000000001000000100100100000,1
0001110001100000000100100010,1
0000000001110000000111100100,1
0000000001010000000111100000,1
0010000011000000000100000000,1
0000001101000000010000000000,1
0101000001110000011101100000,1
0000000001000000000110000000,2
0000000000000000001010000000,3
0000000000100000000101100000,2
0000000000100000101110000110,1
0000000000000000011000000100,2
0100000000100000000100000010,1
0000000001100000110100000100,1
0000000010110000010100100000,2
0100100001100010010100000010,1
0000000001100000010101100000,4
0000000011000000001110000000,1
0000001001100000001100000000,5
0110001100100000000100100111,1
0000000100010000010100100000,1
0001110000100000000100000000,2
0000100011110000010100000000,1
0000100001000000000100100001,1
0000100001000000010100000010,3
1000000001010000010100100000,2
0000000001000000011011000000,1
0000000011010100010110000010,1
0001100010000000000100000010,1
0000000001110001010110000000,1
0000000110100000010000000000,1
0000000000100000010100001000,5
0000000101011100010100000000,2
0010000100100000010110000000,1
0000100001100000001100000010,1
1100000001000000001100000000,1
0110000001100000011100000100,1
0100000000000000011101011000,1
0000001001100000001100100000,4
0000000001010000001100001000,2
0000000011110010010100000100,1
0000000000000000011000000000,10
0011100001100000011100000000,1
0001001001010000010000000000,1
0000010000110000010000000000,1
0000001001010000011000000001,1
0000100101110000010100000000,1
0000000100100000011100110100,1
0000100000110000000100000000,2
0010000001100000100100001100,1
0000010100100000000110000000,1
1100011001100000100001100001,1
0000000001010000011010000010,1
0000000010000000010100000010,1
0000000001000000001000010000,1
0000000001000010001100001000,1
0000001000000000001100000000,2
0000100001000001010100000010,1
0000000000000000000100000110,1
0000001100100000011100000010,1
0000000001100001101100000000,1
0100000000000000000111100000,1
0100100000000000001101000000,1
0000000000000001011100100010,1
0000001001100000011100001000,1
0000000001010000001010000010,2
0000000001010000001100000110,1
0000100000011000010101011000,1
0000010010000000010100000000,1
0001001000100000010100000000,2
0000000000110000001000000100,2
0000000001010000000010000100,1
0000000001100000011000000100,2
0000100000110111011110000000,1
0000010000100111010110000000,1
0000100000100000011100100000,3
0111100001000000011110000000,1
0000010001000000010111100000,1
0000011001100000011100000000,1
0000001001110000010101100010,1
0110101001100000000100001000,1
0100000001110000011100000110,1
0000100100110000010100000000,1
0000011001010000000000000000,1
0000110100100000001100000100,1
0000011001100000001100000010,1
0000000000000111000100010000,1
1000000000000010010100000000,1
0001100001000000010100000010,1
0100100000000000010100001000,1
0000000001100000010011100000,2
0000100011010001101100100000,1
0000000110110000001100000100,1
0000000001000000100100000010,1
0000000001101101101100000010,1
0000100001000000011100000110,1
0001100001100000000100000000,1
1000000001000001010100000000,1
0000000010000000010100000100,1
0000001000000010010110000000,1
0000000000110000011101100010,1
0000000001100000000100001010,2
0001000000100000010100000010,2
0001110001010000001100000000,1
0001110001100000010110001000,1
1010000000000000010100000000,1
0000001000100000010100000100,1
0000100001000000011100001000,2
0000000000000000001101100010,1
1000000001010001110110000110,1
0010000001000000010100000000,1
0001100000100000001100000000,2
0000000001000000000100001000,3
0000000001000000001000000110,1
0000000000000000010100001000,4
0000000000000001000100000010,1
0000111101100010010100000000,1
0000000001000000010000000110,2
0000101000000000010100000000,1
0000000001110000010000000110,1
0001100000111100000010000000,1
0001010001000000010000000000,1
0000010001100010010100000000,1
0000000010110000010100000000,2
0000001001010000000110000001,1
0000000000000111010100000000,1
0000100001100100001100000000,1
0100001101000000010100000000,1
1001100001100000001100100100,1
0000100001010000010000000010,1
0000000001010000010000000010,2
0001100001001000010100000000,1
0000000001010000001100110010,1
0000000001100000011100000100,7
0000110011100000010100000010,1
0000000001010000101000000000,1
0000000001100001110100100000,2
0001001001000000010100000000,1
0000100001110000011010000000,1
0000010001110000010111100000,1
0000100001000010010100000000,2
0000100001011000000100000100,1
0000100001110000000100000100,1
0000000000000000001100000001,1
0000100000100000000101000010,1
0100010001000000001100100000,1
0000100001010000000110000010,1
0001000001100000000010000000,1
0110000001000000010100000000,1
0001100000110000010100000010,1
0000100101000000010100000001,1
0010000001110000010100000000,1
0000000001000010011100001000,1
1100000000000000011100000000,1
0000010011100000001100000000,1
0000000101110000011101001000,1
0000000001010000010101100100,1
0000000011010000010100000010,1
0000100001110000000010000010,1
0000000001010000010101101100,1
0100000001100000010000000010,1
0111000000000000001100000000,1
0000000001110111010100000010,1
0101010001010000011100000010,1
0000000000011000110100000100,1
0000000101000100001100000000,1
0000010000100000001101000000,1
0000100000100010000100000110,1
0000001000100000000100000011,1
0000100000000000010100001000,1
0000100110110000000100000000,1
0000000001010000010100001000,2
0000000000110000010100010000,1
0010000000100000000100000000,1
0000100000100000011000000000,2
0000000010010000101101100100,1
0000000101111100000000000100,1
0000000000100000001100000010,2
0000101001100000010100100000,1
0000000100000000001110000000,1
0000100001000000000100001010,1
0000000000100100010100000000,1
0100000100100000001100001000,1
0000001001110010000100000000,1
0000000000010001011101000000,1
0000000000110010010100001000,1
0001110000100000001111100110,1
0011010000110000001010000000,1
0100000000110000010101000000,1
0001000001100000010100101000,1
0000000010011100011010000100,1
0110000001010000010101100000,1
0001100000000000010101100000,1
0000000010000000100100000000,1
0000010001000000000010000000,1
0000000001100000011100101000,4
0000100001010001000100101100,1
0000000001001000010101111000,1
0000000001100000011101100101,1
0000000000000000000101100000,1
0000000001010000011100001100,1
0000100001000000000101100000,1
0001000001000000010100010000,1
1100000001010000001000000001,1
0000000111010000010101001010,1
0000000011010000010101100000,1
0000000111110000010100111000,1
0001000001000000000000000110,1
0001101101000000010100000000,1
1010000001000000011100000001,1
0000000011000000001100000000,2
0000100001110010000100000010,1
0000001001000010001000000000,1
0000001001111000001100000000,1
0000000001100100010100000000,2
0000000001010000000011001100,1
0000000001010010001100000000,1
0000100101000000010110000000,1
0010100000100000001100000000,1
0000000001000001010101100000,1
0000000000110000100100000010,1
0000000001000000010101000100,1
0100000011010000100010100000,1
0000001001010000001000000001,1
0111000000100000010100000100,1
0000010001000000010100000010,2
0000000001110010010100000001,1
0000000000010000010100011000,1
0000000001110000010100000001,1
0000000001110010001100000000,2
0000000001000000000010111100,1
0000100000100000000100000000,1
0000000000000011000010000000,1
0000110001010000000100000000,1
0100000001110000010110000000,1
0000100000100000000000111000,1
0000001000100001001100000000,1
0000000001110000000101111100,1
0000010001000000010000000000,1
0000000001010000000111100100,1
0000000001000000011101000100,1
0001100000000000001100000000,2
0000001001100000011000000010,1
0000100001100000010100000100,4
0000001000100000011011100000,1
0001100001000000010100000100,1
0000000110110000010100000010,1
0001111001010001101100000000,1
1111010001100000000100000000,1
0000000110100000000100000000,1
0000100001110000000001000000,1
0000010001010010010000100000,1
0000000000110000001100100001,1
0010000010010000010101100000,1
0000000000110000000100010110,1
0000000011110000010000000000,2
0000000001110000001000100000,3
0001100001110000010100100000,1
0000010001000000000111100000,1
0000010000100000000100100000,2
0000100001010000010000100100,1
0000100001010110100100100000,1
0001100000100000000101100010,1
0001100000110000000000100000,1
0001000101010000011100100000,1
0000000001000001010000100000,1
0000001010100000011100100000,1
0000001001010000001100100100,1
0000100000100000010100000001,1
0011000001010000001100100000,1
0000000001110000010000100100,1
0000001001011000000100010000,1
0000000001100100010100100000,2
0000000001010001010100100000,1
0000001001110000010100100000,3
0100000000000000000100000000,2
0000000010100000010000100000,1
0000000001010000010100100001,1
0000000011000000010000100000,1
1100100001010000000100100101,1
0000000000100000011011000100,1
0000100001110000000100100000,2
1000000001010000011100000000,2
0010000000000000100100000000,1
0111000001100000010100100000,1
0000100010000000001100100000,1
0000000000100010001100100000,1
0000000000100000110100100000,1
0000000000100001000110100000,1
0000100001010001011100100000,1
0000100001100000011110010000,1
0000000001100100001100100000,1
0000000000100000001101100000,2
0001110001010000001100100000,1
0000100011110000011100100000,1
0000001001000000001100100000,2
0100000001100000010000100000,1
0100000001100000001100101000,1
0000001000110000000100100000,1
0000001001100000000100100010,1
0000001000000000000000100100,1
0100100010000000000101100000,1
0010000001000000011110000000,1
1001100000000000010100100000,1
1100000001000000000100101101,1
0000001001000000000010001100,1
0000000100100000010111000000,1
0001100001111100000100000110,1
0000000010100000011100100010,1
0000000000110000001101010000,1
0000001001000100111100100000,1
0000101000110000000011000000,1
0000000001000110001000000000,1
0000001000000000000110000000,1
0000101001110110011100100000,1
0000100001000000010010000000,1
0001000001110000011110111000,1
0100000000000000011100000000,1
0000000001000010000101100000,1
0000100001110000100110100000,1
0000100000100000011000110100,1
0000000001000000011001000000,3
0010100001010010011110000000,1
0000000001000000000010000000,1
0000100001000000110100100000,1
0010100001010000000100111100,1
0010010011100110000100100001,1
0000000000100010011100000100,1
0000100000100000000000000100,1
0000000000000000001001000100,1
0000000000000000001000000100,1
0000010001100000011100000000,1
0000000000100001010100011000,1
1000010001110000001100000000,1
0000100001001000010100000000,1
0001000001100000001000000000,2
0010100001100000000100000000,1
0000000001110010001101100000,1
0000101000110000001100000000,1
0001000001010000000100000000,1
0000000000000100001110000100,1
1000000001000000010100000010,1
0000111001100000010100000000,1
0001110001100000010110000000,1
0001000001001000010111000000,1
0000100101000010010101000000,1
0000000011000010010100100000,1
1100001001110000010100100000,1
0000000001100000001110000100,2
0000001000010000011000000000,1
0000100001000100010010000100,1
0000010000000000010100000000,1
0000100101110000000100000000,1
0000000001100000011101000000,3
0000010001011000011110000000,1
0000010001101000011100011000,1
0001000001000001100100000000,1
0000000001010001101110000000,1
0000000001000000010011101000,1
0000000001110101111100100000,1
0000100001000010010101000000,1
0000000001000000000100001010,1
0000000000000000010111100100,1
0000000111100000001000000010,1
0001000001000001010100100110,1
0000000010100000010111000000,1
0000000001000001010110000000,2
0000100001000000000110100000,1
0000000000100000000000000000,7
0000000001000000010000000100,2
0000001100010000001110110100,1
0000000001010000010010000100,2
0000100001110000001000000000,1
0000000001000000010100001100,3
0000000000000000000100001010,1
0000000101000000011000000000,1
0000100101010000000100000000,2
0000000000011000010110000000,1
1100010001010000010000001001,1
0000000001000000000010000010,1
0000001101110000001101000000,1
0000100000110000010000100000,1
0000000001100000000000000010,2
0000101001100010000000010000,1
0000000001100111010000000000,1
0000000101000000010010000000,1
0000000001100010000000000100,1
0000000000011010011000010010,1
0000000000101100010000000000,1
0000010001100000000000001000,1
0000000001110000011001000000,1
0000000001010000001110001111,1
0100000101010000010100000000,1
0000000001110000000001100000,1
0000010101100010000101100000,1
0001100001100000011000000000,2
0000000000001100000000001000,1
0000000001000000010000000001,1
0000000001000000011000001000,4
0011000000000000011100000000,1
0000000101000000000000000000,1
0100000001000000011110000000,2
0000000001100000010000000110,2
1100010000000000010110101000,1
0001000001000000000000100000,1
0000000100000000010000001000,1
0100000110000000011110000000,1
0110000001010000011000000001,1
0000000001010000011100001000,4
0000000001010000101000001000,1
0011000000110101001000000000,1
0000001001100000011100000100,2
0000000001010000111010000010,1
0100000001000000010101101010,1
0100000001000000010000000000,1
0000000000001000001000000000,2
0000001010100000001000000000,1
0000000000000000001000100001,2
0011100001110000011100100000,1
0000000001000000001110000110,1
0001000001110000010000000100,1
0000000001010000010000000001,1
0000000000110010000000000000,1
1000000001110000001000000000,1
0000000000000000000100000010,2
0100000001100000011000000000,1
1000000001001000010000000000,1
0000000000010000000000000000,3
0001000001000000000010000000,1
0000000000100000011100001000,1
0000000101011000001000000000,1
0000100000000000000010000000,1
0001000001110000010000000001,1
0010000001110001110100100010,1
0000000001000000010011000000,2
0000100001110000000000000000,1
0000101001000000110110000000,1
0000100001110000100000000000,1
0001000000110000010000100000,1
0001100001100000000010000000,1
0001000001010000011000000000,1
0000010001010000010000000000,1
0000100000010000000000000000,1
0000000001110000010001000100,1
0000000100110001011000100000,1
0001000000110000010000000000,1
0000001001110110010000000000,1
0000000011110000111000001101,1
0000000000000000000000001110,1
0000001001110000000000000100,1
0000001001110000001000000100,1
0000000001010000000000000110,1
0000000000000000010000010000,1
0000000101110000001000000000,1
0001110001010000000000000000,1
0010000011100000010100000000,1
0100010010000000010000000000,1
0000000001110011010000000000,1
0100000000000000000000001000,1
0100000001000001001100000000,1
0000100001010000010100010100,1
0000011000010000010100000000,1
0000001001010000000011111000,1
0000000001000000001101100000,3
0100100000010000010001100000,1
0100001001110000010100000000,1
0000001010000000010110000000,1
0000000001010001111000000101,1
0001010000110000000100000000,1
0001000001000000000110000100,1
0000000001000000010010100000,5
0100000101010000000000000000,1
0000000001010001010000001000,1
0000000001010000001100000010,1
0100000001000000010000100000,1
0000000101110000011010110100,1
0000000001100000000011100000,1
0000001001000000000000001100,1
0000011101110000011100001000,1
0000000000100000010111010000,1
0000100001110000010001000000,1
0000000010100000011010000000,1
0000000001010000001111100000,1
0000001001000000001000000010,1
0000000001110000000000000010,1
0000111101000000001000100000,1
0000000001110000001000000111,1
0100000001010000011010100000,1
0000000010100000010000000000,2
0000000001000000011000100010,2
0000000011010000000000001000,1
0000000011100010011100000000,1
0000000000000000000000100100,1
0000010000000000000100000000,1
0000010001011000011100000000,1
0000000001000000011000000001,1
0001000000000000000010100000,1
0000000001000000010100100110,3
0000000001110001101100000100,1
0000010001010001110110000000,1
0001000001110000000010000010,1
0010100010000000000000100000,1
0000000000000000000000000111,1
0100100101110100011000000000,1
0000000001000011011000000000,1
0000000001000000000010001100,1
0000000001000000111000000000,2
0000000001100100001000000100,1
0000000000001000011000000000,1
0000000011000000011101000000,1
0000000001100000010010010000,1
0000000001110000011101100000,1
0000000001010010011010000000,1
0000000001111000000100000000,1
0000000010000000010000000000,2
0001101010100000010100000100,1
0000100001001010010100000000,1
0000000001000000000000001010,1
0000000101000000010000000000,1
0000001000000000001000000000,1
0000000001010001010100000100,1
0000000000000000011010001000,1
0000111001000001011000000000,1
0000000010010000000100000000,1
0100100001000000010010000010,1
0000000001100000011110100000,3
0001110001110000001010000000,1
1100000001010000001100100001,1
0000100001010000010000001000,1
0000100001110001011100000000,1
0000011101000000010000000000,1
0000011000000000011000001000,1
0000000001000001101000100000,1
0000000000100000000100001000,2
0000000001010000001000000010,1
0000100001010000011100000100,1
0111100000110000001000000000,1
0000000101110000110100000000,1
0000000000100000010100001001,1
0000010001100000010100011000,1
0000100000100000010000000000,2
0000000001000000011000000010,2
0100000001000000010100000100,1
0000000000100000011000000100,1
0000000001100000001100001100,3
0000000001100000010000100110,1
0000000010000010011100100000,1
0000000001111000011100000100,1
0000100010100000010100000010,1
0000001000100000001000000000,2
0000100001000000001110000000,2
0110100001100110010000000000,1
0000001001100000001000000000,2
0000000000000001011010100010,1
0010000000100000010100000010,1
1010000001000000010100000000,1
0000000001010000011110000110,1
0000000011110000001100110000,1
0000010000100000010010000000,1
0000000000000000100100000010,1
0000000000100110011000000000,1
0000010001110110000001100000,1
0000001001110111011000100000,1
0000000101010000001000000000,1
0000000001000000000000101010,1
0000000001100001001000000000,1
0100100000010001011100000000,1
0000000001100001011000000000,2
0000000101100000010010001000,2
0001010000100000010000000010,1
0000010001010001000100100000,1
0001100101100000001000000000,1
0010010001000000000000010100,1
0000000000010000000001100000,1
0000000001010100000010110010,1
1000000000110000000100001100,1
0000000001111000001000001000,1
0001100001010001010100100000,1
1000000001101000001000001000,1
0010000001100000000000000000,1
0010100001000000001101011000,1
0000000111100000010010001000,1
0000010001000000010011100000,1
0000000001010000001000001000,3
0000000001000001011110000000,1
0100000001000000010100001100,1
0000001001001100011100110000,1
0000000011110000001000110000,1
0000000001110110000010000000,1
0000001011010000000000000000,1
0000000001000010010000000000,2
0001000001100000010000001000,1
0000001101000000000000000000,1
0000000001100010001110000000,2
0000001000000000011000000000,1
0000100000010000001000000101,1
0100000000000000001010000010,1
0000000000111000000000000000,1
0000000101011000000000000000,1
1100000000000000001110100000,1
0000000001100000010110000100,3
0000001000000000000000000000,4
0000010001000000010000101100,2
0000000001110000000001000000,1
0000000001110011010100000000,1
0100001000000000000000000000,1
0000100001100000010000000000,2
0000001101100000000100001100,1
0000100001011100000010000010,1
0000000000100100010110000000,1
0000000000110000011000100010,1
0001000011000000010100000000,1
0100000000000000000000000000,1
0000000000100000011001000000,2
0001000001110000010000100000,2
0000000010000000000000100010,1
0000000000100010011000001100,1
0001001001110000010100000100,1
0000000000100000000000110110,1
0000000000110000000010100000,1
1100000001000000011000000001,1
0000000001101000011100000000,1
0000100001000100011100100000,1
1000000001000000001000000010,1
0000000001100000001000101000,1
0000010001000000010011000000,1
0000010001000000001000000000,1
0000000001100000011010100000,2
0000001000000010010100000000,1
0000001010010001000000000000,1
0000000001111100000100000100,1
0010000011000000011000000000,1
0000001000000010011000000000,1
0100001001000000000000000000,1
0000000001010010001011011000,1
0000100101001000000000100000,1
0001000001100000000000100000,1
0000000000100000100000100100,1
0000000000100000001010100000,1
0000000001010000011001110000,1
0000000000110000011100101010,1
0000101001100000101110100000,1
0000010000100000000010100000,1
0000000001110000010001100100,1
0001000001100100011010100000,1
0001000000000100000100111110,1
0110000000100000011000100000,1
0000000001010001010000100010,1
0000000000010000010100101010,1
0100000001100000100101100000,1
0000110111100000000100100000,1
0000000000100000011000100001,1
1000001001100000111100100000,1
0000000000000000000100110000,1
0000001000100000001100100000,2
0000011101100010010000100000,1
0000000010000010011010100100,1
0000000111000000010110100000,1
0000000001110000010100010000,2
0000000001010001011000100000,1
0000000101100000011100100000,4
0001000001100000011000100000,2
0001000011100000001000101000,1
0100000001000010001100100000,1
0000001000010000001001000000,1
0100000001010000100000100000,1
0001110001000000011100100000,2
0000010001101000011101100000,1
0000000001001000001000100000,1
0100000001100010001100000000,1
0000000000100000000000001100,1
0000000001100000100110110000,1
1000000000000000001100001000,1
0001000000100000011000101000,1
0000000000000000101000001000,1
0000000001100000010000000100,3
0000100000000000011100100000,3
0000000001110000000000000101,1
0000000000100000010000100010,1
0000000001010000100100100100,1
0000000011000000011000000000,1
0000000100000000000000000000,1
0000000001110000011000010000,1
1000000000100000111000100110,1
0000000101110000001000001010,1
0000000100000000000100001110,1
1000000001000000001100001000,1
0000000000000000000000100000,5
0001110001000000000000000000,1
0000000000000000001000001000,1
0001000101100000010110000010,1
0000001001100000000000000000,2
0000000001000000001101100100,2
0000000000000000001010001000,1
0000000001100000001000000010,1
0001000001100000011100000000,2
0000000000100000001000001000,1
0000000001000001010000000000,2
0000000010100000011100000000,3
0000001001101101000010000000,1
0000000010110000010100000110,1
0010100000000000001000000000,1
0000000000110000001101100000,1
0000000001100000011011000000,1
0000010001000000010100000100,1
0010000001000000000000000100,1
0000000000100000011000000010,1
0000000000110000100000000010,1
0000000001100010001000000000,1
0000010001100000010100100100,1
0000000001100000000000101000,1
0100000001000000001000000010,1
0000000000110000010000001000,1
0000000100010010011100001100,1
0001110001000000011000100000,1
0000111001000000000100100000,1
0000000001100000001000000100,1
0111100000110000011000000100,1
0111000101010000010110100001,1
0011000010100001011000000001,1
0010000000000000010110000000,1
0000000001011000000000100000,1
0000000001000010011101000001,1
0000000001000000000000000100,1
0000000101100000001100001000,1
0100000001100000010010100000,1
0010000000110000001110100100,1
0000100001110010011100000010,1
0001111001100000010100000000,1
0000000010100000001100000000,3
0010100110000000000100000001,1
0000000110100000000100100000,1
0000100001110010011100000100,1
0000110001110000000101000000,1
0000001011100000011100000100,1
0000000011010000001110100000,1
0000000001000000011001101000,1
0000000001000000011100001000,2
0000100001010000010100010000,1
0001100001000001110111100000,1
0000010001100000010100000000,2
0111000001000001011100000000,1
0001100010100000000000000000,1
0000011101000010010100000100,1
0001110001000000000100000100,1
0000000001110000001010110000,1
0001100000000000001110001000,1
0001010001100000000100100000,1
0000000001010000001110000001,1
0000000001100000100100100100,1
0100100001000000011100000010,3
0000000001000000000001000000,1
0000001001000000010000000000,1
0001000010000000001100000000,1
0000000000101100010100000110,1
0000010000110000000110000010,1
0000000001101000000100001000,1
0011001001001100001100000000,1
0000000001100000001100111000,1
0000100001100000010000010010,1
0001100001000000011000000000,2
0000010001000000000110000000,1
0000001100110000000100000010,1
0010001001000000001100000000,1
0000001000000000011110000010,1
1111000000100000001111100001,1
0000001100000100010101000000,1
0000000000000000111100101000,1
0000100101010000000100000110,1
0000000001010001010100000000,1
0000000010100000010100010000,1
0100000010100000001100000010,1
0000000001100001001110000000,1
0000001001100000001100001100,2
0000000000100011011100100100,1
0000000001010000010001000000,1
0000000000010100011100000000,1
0000001100100000011110000010,1
0000000000110000010111100000,1
0001100011100000011100000000,1
0001100000110000011100000000,1
1000000101010000010000000000,1
0000001001010000001101100000,1
0100010001000000010100000100,1
0000000001110000011100001100,1
1000000001010000010100010110,1
0000000101010000010110000000,1
0000100000100000000110000000,1
0001000101000110001100000000,1
0000011001100000000100000000,1
0000000001010000011100010100,3
0000001000100000011100000010,1
0000000000100000101000100000,2
0000111101000000011100100000,1
1001000000000100000100000000,1
0000000010000001100100100010,1
0000001110000000010100010000,1
0000011001000000010100100000,1
0001101001000000011100000000,1
0000000000110000011001000000,1
0000000000110000010100001000,2
0000000001111000001000000000,1
0000000011100000000100010000,1
0000000001010000011100110000,1
0000100001100000001100100100,1
0000001000000000010100100100,2
0000001000000001001100000000,1
1000000000000110010110001010,1
0000000101000001000100000110,1
0000000001000000011100100110,2
1011100001000000001100000000,1
0000001000100000010110000000,1
0001100001100000000101100000,1
0000000000100000011110000100,1
0000000001110000001000000010,2
0100000001000000010100000001,1
0000000000100000000101010000,1
0100100001100000010000000000,1
0000001001100000011100100000,4
0010100000100000010100000100,1
0001110001100000010101011000,1
0000100001100001011100100100,1
0000000011100000111100000000,1
0000000001000000100101000000,1
0100000000110000001100000100,1
0000000001000000011100001010,1
0000000001000000011110001010,1
0000010000000000011100000010,1
0000000101100000000100000010,1
1000000000100000001000000000,1
0010000001000000011100000000,1
0001110001100000011100100000,1
0000010000000000000010000000,1
0100100001000000000100000000,1
0000001100100000001100000000,1
0000000001100000101110000010,1
0000000001000010010100000010,1
0010000000100000010100000000,1
0000000000000000001110110010,1
1110000000000000011100000000,1
0001100001000000001100100000,1
0000100001000000011101100000,1
0000011100100000001100100000,1
0000000000100000100100000000,1
0000001001000000100001000000,1
0001000001110000010100100000,4
0000101000100000010100000010,1
0100000000110100011100000010,1
0000100001110100000100000000,1
0001100000000000011000000000,1
0000000100100000010000000000,1
0000010001111000110100000000,1
0000000000100000000000001000,1
0000000001100000001010100000,1
0000001011000000011100100010,1
1110000001100000010100000001,1
0000000000100100000111110100,1
0100000100110000010100000000,1
0000100001000000011100110000,1
0000000000000000000101000000,3
0100000001100000011110000000,1
0000000000010000001000110100,1
0000000000110100000000000000,1
0010100110000000001000000010,1
0000100000010010100100100000,1
0001001001000000011100100010,1
0000001000100001001100100000,1
0000000001010000000000110000,1
0000000000000000000100111010,1
0000000001000000011010011000,1
1001000101100000010100100010,1
0000000001000000011100100001,1
0000000011110000011101100000,1
0000000001010000010111000000,1
0000000001000000011110100000,5
0000001000111000010100100000,1
0000000001010000010010100000,2
0000100001010000010101100000,1
0000000101110000001100100000,1
0000000001001000001000100010,1
0000110001100000010100110100,1
0000000000100000001100100100,1
0000100001100000000100100010,1
0000100000110000001100100100,1
1000000001000010000100100000,1
0000000001000110010100100000,1
0010100001100000011100100000,1
0000000011100010010100100000,1
0000100010000000000100100010,1
0000001000100000011100101000,1
0000100001010000010000100010,1
0000100001100001000111100000,1
0000001001010000001100100000,3
0000000001100000001101100000,2
0000000000110010010100100001,1
0000000001100000010010100010,1
0000000000000111100110100000,1
0000000001000110001100100100,1
0001000000100000001110100000,1
0000000101000000010010100000,1
0000000001100100011111000000,1
0001100001000000000111000000,1
0000000001100000000111010000,1
0001000000000000001100100100,1
0010000001010000011100001000,1
0001100000010000000100100000,2
0000000101010000000110100000,1
0000000011010000000100000000,1
0000000001100010010100100000,1
0000000000111000001100100000,1
0000000010000000011110100000,1
0000000010010000010100100100,1
0000100001110000010100111000,1
1100000001100000011100100010,1
0000000001010000011000100010,1
0000000001000000001000100110,1
0000100000001000010110100000,1
0000000001101000010100101000,1
0000000001100010000100100000,2
0000010001000000010000100000,1
0000001000000001000100100100,1
0000100001110000011110100100,1
0000000001000100000001000000,1
0000000111000000000100100010,1
0000000000000000000010100000,2
0000000100100000011100100000,2
0100000000000000101100100000,1
0000000000110000000100101000,1
0000100000010001010100100000,1
0001000111000000000100100100,1
0000101000100010011100000000,1
0000000001100010011100100000,1
0100000001100000001100100010,1
1000010001000000010110100000,1
0000000001100001111100100100,1
0000001001100001111000100000,1
0000010001100011100100100000,1
0000010001000010000100101000,1
0000000101100000000100100000,1
0000010000100000001010100000,1
0100000000110000001100100000,1
0000000000100001001100100000,2
1110000000010000010100101001,1
0000000001110010011000100000,1
0000000101100000011110100000,1
0000001001000001010100100000,1
0000000001010000101000100000,1
0000100001000010001100100010,1
0000000001100000000010100000,4
0000000001100000011110000001,1
1000001000100000011100100001,1
0000000001000000001101010000,2
0000000000011000010000100000,1
0000000001111100001100100000,2
0000000011010110011100100010,1
0000100001100000001101000000,1
0000000001101000011100001000,1
0001001001000000011100100000,1
0000101000010000011100100000,1
0000100011100000011100000010,1
0000000001000010011100101000,1
0000000001101110001100100000,1
0100000001100000001110100010,1
0000000000110000010000000110,1
0000001010110000101000100000,1
0000000001100010000100000000,1
0000011001100000001100100000,1
0011001000010000011100100000,1
0101111001101100010100100000,1
0110000001000000011100100100,1
0100000011000000001100100100,1
0000100000010000001100000000,1
0001100000000000011100100000,1
0001100001110000001110101010,1
0000000111000000011100100000,1
0000000001100000001111011000,1
0011100000100100000000100000,1
0001000001100000011101100000,1
0000000000000001000100100000,1
0000000010110100011100100010,1
0001000000000000011100101000,2
0000000000100100010100100010,1
0000000000000000001100100010,2
0000000001101000001110100100,1
0001000001000000001100100000,3
0000011101100000000100011000,1
0100000001110000011111100000,1
0000000000010000000100100110,1
0000001100110000010110100000,1
0000000001101000001101101100,1
0000000000000000010000100110,1
0000000001010000001100100010,2
0010001000100000001100100000,1
0000000001100000000100100110,1
0000000010101000010110100000,1
0000000011110000010100100010,1
0111000101110000010000100000,1
0000000000000000010101111000,1
0000000001100001001100100000,1
0010001001100100000101100000,1
0000000001100100011100100100,1
0000000001000100001100100000,1
0000000001000100011000100010,1
0000000001110000010000010000,1
0000001101000000000101000000,1
1000000000110001111000000110,1
1000000000000000000100000000,1
0000000000000000010110000100,1
0000000101000000001100100000,2
0000000000000100000010100000,1
0000000111110000011100100000,2
0000000001001100011101000000,1
1000000001010000001100100000,2
0000000000000000010000100100,1
0000001000110000001100000000,1
0000000001000000001101000000,3
0000100001011000011101000000,1
0000100001000000011001100110,1
0000100001100000011010110100,1
0000000001100000000110100010,1
0000100001000000011110101010,1
1000000001011000010100000000,1
0000000000000000010001100000,1
0111000001100000100100100010,1
0000010001101000000100100100,1
0000100000000000011110100010,1
0000000000000000001100100110,1
0000100101010000011100000000,1
0000000000110000011110100010,1
0000000010000000011101100010,1
0100000000010000011100100000,1
0000000000100000001000100000,3
0000000001010000000110100100,1
1000000000100000010100100100,1
0000010000100001001100100000,1
0000000001110010000100100010,1
0101000000100000011100100000,1
0000000101000000011110000000,1
0100000001000000110100000000,1
0100000000110000101100100000,1
0001000001100110001100000000,1
0000100001110000011100100100,1
0000000101001001000100100000,1
0000000001101100011000100100,1
0100000000010000011100000110,1
0010000001110000000000100010,1
0001100001100000010110100000,1
0000010001010000011000100001,1
0001000000010000011100000010,1
0000100001100000001000100000,1
0000000001110000001110000110,1
0000000000100000010110100110,1
0000011100010000001000100000,1
0010000000000111000100000000,1
0000001100000111000100100000,1
0000000000000100011100000000,1
0001000001010010011100100000,1
0000000001010011000100010000,1
0000010001011000010100100100,1
0000000001110001011101000000,1
0000000001111000000000010000,1
0000001000010000000110100000,1
0000100000110000001010100000,1
0000100000000000010100000100,1
0000000011000000011100100010,1
0000000000101000001100100000,1
0000000001111100000100100000,1
0000000000100001001000100000,1
0001100000110001000000000000,1
0110000001010000010100100000,1
0110000000111000010100100000,1
0011000001000000111100100110,1
0000010001010000001100100000,1
0000000001001100000100100000,1
0001010001100010010001000100,1
1100000001010010010000100010,1
0000000010010000010100100010,1
0000000001000000011101100010,1
0100100001110000010100100000,1
0100000001000000010100100000,2
0001000001100000000100100110,1
0000001001010000000100100000,3
0000100101010001011110100010,1
0000011001100100011100100000,1
0000000001100000011100011000,1
0000000100000000010100011000,1
1100000000010000011010000011,1
0000000001010000000100010110,1
0000000000100100011010000000,1
0001100001010000010100000000,2
0000100001011000001100000010,1
0000010001101100001100100010,1
1100000000000000000100100000,1
1000001000000000001110010000,1
0000000001010000010010010100,1
0000000110000100010110000100,1
0000000000001000010100100000,2
0001000000000110010100100000,1
0000000000010000010101100010,1
0000000011110000010100101000,1
0001111100100000011100000000,1
1000000000100000001110100000,1
0000100000110000010100100100,1
0000000001100000011000100100,1
0000000000000000011000100100,1
0000000001110010011100100000,1
1001000001110000001100001000,1
0000000101000000001100100010,1
0100000001010000011101100000,1
0001100001110000001110100000,1
0001110001110000011100100000,1
0000000001000000110110100000,2
0000001000010001101100110000,1
0000000000100001010100111000,1
0001100001000000011100100000,1
0000000011000001111101100000,1
0000000001100000001101000000,1
0101000000000000001100100000,1
0010100000110000010100100000,1
0001000001100000000100010110,1
0110010001100000000000100010,1
0100000000100000000100100000,1
0000000000000000011110100100,2
0000000101010101111100100000,1
0000000000000000001110100000,2
0100000001110000011000100000,1
0000100001111001111100100000,1
0000000000000100000110110100,1
0000100001100000011000000000,1
0000000001100010000100100010,1
0000010000000000001010100000,1
0001000001000000010100101000,1
1000000001110001001100100000,1
0000000001110100011110100000,1
0000100001010100001100100000,1
0000000001000000011100111010,1
0000000101100000110010100000,1
0000000000100000011100100011,1
0011110001010000000100010000,1
0000000000010000010101100000,1
0100000000100010010100100000,1
0000000100100000001100100000,1
0000010001100000011000100000,1
0000100001100000100100000000,1
0100000001100000000100010000,1
0000001001100000000100100000,2
0000100001000000010110100000,1
0000000001100000100101100001,1
0000010001000000011101100000,1
0000011011010000001101100000,1
0000000011100000011100100000,2
0001000001000000000100101100,1
0001000101000000001100100000,1
0001010001000001001000100000,1
0000001000010000000000101000,1
0000000100000000001000100110,1
0000010001000000010110100110,1
0010000001110100000100100000,1
1000000000000000000100100000,1
1000000000000000000100100001,1
0000000000000000011010100000,1
0000001010000000000100100010,1
0000000001100010001100100000,2
0000000000000000001111000000,1
0000001001000000011000100110,1
0000000001000000000010100100,1
0000101001100000000000100000,1
0000000001100010100100100000,1
0000000001100000100100100010,1
0000010001100000011100100010,1
0000001110100000011100100000,1
0000100001000110001100100100,1
0000100001110000010100100011,1
0000000000000000011100010100,1
1100000001110000001100100001,1
0000001001010000010110100010,1
0000000001000001000100100100,1
0000010000100000001100100000,1
0000000010100000011101111100,1
0000001001100000011001100000,1
0000100001000000010101000000,1
0000100001100000001101101001,1
0000000001100111011100100110,1
0000000001000000100000100100,1
0000001000010000000100100000,1
0000000010010000000100010100,1
0000000001111000001100100000,1
0000001001110000010100101100,1
0000000001000111001100100000,1
1001000000110000001100100100,1
0000100001100000011100101000,2
0000000001000000011100100100,3
0000010000001000001100100000,1
0001010000000000011100100010,1
0000000001111000000110100000,1
0001011000100000001100100000,1
0100100001000000001010100110,1
0001001001010000011100100000,1
1100001001010000001100000001,1
0000000001010000001010100000,3
0001100101010000001010000100,1
0000001001110000010100100001,1
0001100001110100010100100000,1
0000000111110000000100000100,1
0000000001011100000100100000,1
1100000001010000001010100001,1
0000000001010000000100100001,1
0000000000010001000100100000,1
0100000000100000000000100000,1
0000000100010000001100100100,1
0000000011000001000100000100,1
0010000001000000001100100000,1
0000000000000000100100100010,1
0100000000000000010100100000,1
0000000001100000010010000010,2
0001000001010000000000100100,1
0001111001000000010100100100,1
0001000001100000010100100000,2
0001100001000000010101100000,1
0100000001110111010100100000,1
1100000000110000111100100001,1
0000000110000000001100100010,1
0000000010110000000100100001,1
0000000011001000000100100000,1
0000000001111000010100000010,1
1101000001000000010110100001,1
0000000001100000010010001010,1
0000010000100000010100100000,2
0000000000110000000100100010,1
0000000000010100000100100000,1
0000000001110000010101001000,1
0000000011100000010100100000,2
0000000001110000010100010110,1
0111000001000000000000100010,1
0001000000010000010100100100,1
0000000000111010011100100000,1
0000000011100000010100100010,1
0001000000101000101100100100,1
0001110001110000010100100000,1
0000000001000001111000100000,1
0000010001100000000100000100,1
0000010000000000001100001000,1
0000001101110000010100000000,1
0001010001000000011100100100,1
0001001000100000011100000000,1
0001000001110000000100101000,1
0001101001110000010000000000,1
0000000001000000011000100100,1
0000100001000001011110000100,1
0000000001010000010101100010,1
0000100001110000110100000000,1
0000010000110000001110000000,1
0000000101100000000101100000,1
0000000001000000011101000000,3
0000000101100000010100001000,1
0000000000010110011100000000,1
0000001000101000000100000000,1
0000000001110000000100001010,1
0000001001100001111110000100,1
0000000001100010011100000100,2
0010000001100000011100000100,1
0000100001100000011101001000,1
0000000101000000000100100000,1
0000010000000000010100001000,1
0000100010010000011100010000,1
0100001001010000011100000000,1
0000000000000000010101001100,1
0000000001010010001000001000,1
0000000001010000101100001000,1
0000000101000000010100100100,1
0000000001100000101010000000,1
0000010000100000011110000000,1
0000000000000000011000110000,1
0000100100000000011100001000,1
0000000000001000000100000000,1
0000000000100000001010000101,1
0000000001100100011100101000,1
0000011100100000001100000000,1
0001110001100000010000100000,1
0100000000010000000100001000,1
0000000100010000000100000000,1
0010100010000000001100100000,1
0000100000100000010100000100,1
0000000000100000011101110000,1
0000100001000001011100000000,1
0000001001100000011000000000,1
0101100001000000001100000000,1
0000100011010100011100000010,1
1100000001011100000100000000,1
0001000011000000011100100000,1
0000000100100000010000100010,1
0000100001010010011101000000,1
0000000011000000000100100000,1
0010000011000000001100100100,1
0000000001000000101101000100,1
0000001110100000001100100000,1
0000000001000000000000101100,1
0000000001011100011110100000,1
0000000001100000010011000000,1
0000001001011000010100100010,1
1000000001100000000100100100,1
0000010101110000001100100000,1
0000000001111000011101100000,1
0000100000100000010110000010,1
0000001000010000000100100010,1
0001100011110000010100100000,1
0000010001100000001100101010,1
0111000001000000010100000000,1
0000001010110000000010100000,1
1000000000110000000100100000,1
0000001001001000000100100000,1
0001000001110000000100100000,1
0000000001100001000100100000,3
0000001000100000100100110000,1
0000000000000000010101101000,1
1000010000110000000000100000,1
0000000001000001010110100000,1
0000000001000000010110101000,2
0000000001010100000010100000,1
0000000000100000001100001010,1
0111000000100000010000100000,1
0000000001011000010100100100,1
0000010000110000011100000000,1
0001100100000000010100101000,1
0000000000000000011100101010,1
0000000001010000000101100000,1
1000001001000000001100100000,1
0000000001000000011100101010,1
0000000001100000001100000001,1
0000000001110010001110100000,1
0100000001010001100100100000,1
0000100001010000000101000000,1
0000000101110000001110100000,1
0000000100000000110100101000,1
0000001101100000001100101010,1
0000000010110000010110101000,1
0001000011000000000100100000,1
0000010001100000100110100000,1
0000010000100100010100100000,1
0000000001110000011100011000,1
0000100001010000001000100100,1
0000000001100000110000100000,1
0100001001100000011100100100,1
0000110000000000010000100000,1
0000001101010100011100100010,1
0000100010000000011100100000,1
0000000001000000110100100000,1
0100000101000000000110100000,1
0001000001000000110100000000,1
0000000000100000101101100100,1
0000001001100000000101100000,1
0000000100010000001100100000,1
0000001001100000011101100000,2
0000100001100000010110100010,1
0001001001100001000100100000,1
0000000000010000011111100000,1
0000011001100000010100100000,1
0000000001000010011110100000,1
0000000101100000001100100100,1
0000000101000000010100100000,1
0000000001100000000110101100,1
0000000011000000001100100000,1
0000000000100000000110100010,1
0000010000000000011100101000,1
0001101000000000010110100000,1
0000000010100000001000100000,1
0000000001010000010101110010,1
0000000100000000010101010000,1
0000110001010000010100100000,1
1000000000100000011100100010,1
0000000000100001011000100000,1
0000101001100001011000100000,1
1101100001010000000100100001,1
0000000101100000011000100100,1
1000000001000000001100100000,1
0000000001010111110100101000,1
0000000001000001011100110000,1
0010100001000000001110000000,1
0000000011100000010100101000,1
0000000001000101001100100000,1
0000000001001000000110100000,1
0000100000010000001100000010,1
0000000101000000001000100000,1
0000000001111100011100100010,1
0000000001100000001010000010,1
0000001001100000001100100010,1
0001000100000000010100100000,1
0001010001110000011110100010,1
0000000001100001011110100100,1
0000001001100000010010101000,1
0000000100000000011000000110,1
0001101000010000001011100010,1
0000000000000000001110000010,1
0000000001000000011101000010,1
0001101001110000010100010000,1
0000011011100000100100000000,1
0000010010010000010100000000,1
0000000001000000011010110100,1
0000000001010000010101010000,1
0001100001010000010110001001,1
0000000000111000011100000100,1
0000000001010000000010000110,1
0000010100111100011010000010,1
0010000001010000100100101000,1
0000100001110000010000000000,1
0000110111010010010000000000,1
0000010001100000011110000010,1
0001000001100001001100000000,1
0001100001000000011000001000,1
0001101001100000100100000000,1
0000000001000001010100110000,1
0000000001100001010100001000,1
0000000001000000111100001000,1
0000000000000000011110100010,1
0000000001101000010110000000,1
0000000000001010010100000000,1
0000000001000000110100001000,1
0000000001000010010000000010,1
0010000001000000000110000000,1
0000000001000000100110000000,1
0000001011000000011100000000,1
0000001000100000001110000100,1
0010000001110000001100000000,2
0000000001000000010100000101,1
0000000001001000010100000000,1
0000000000101000001100000010,1
0000001011100000010101000000,1
0000100001000000001100000110,1
0000000001000001011010000100,1
0000000001001000001100000100,1
0000000001100001011100100000,1
0000000001010010000101000000,1
0001110010011000010110000000,1
0000110001000000001100000000,1
0000000000100000001110010100,1
0000000001100000010101000010,1
0000000001001000010100000010,2
0000100001000000011000000000,1
0000000000000000000110000100,1
0000100000100000011110001000,1
0000000001100001011100001000,1
0000000000111000001100000000,1
0001000001110000001100001000,1
0000001010100000001100111100,1
0000001001100000001100100100,2
0000000001100000101100010000,1
0001000001010000011010100100,1
0000000000100000000000110000,1
0000010000110000000100000100,1
0000001001000001000100100000,1
0000001000000000011010100000,1
0000000011010000011100101000,1
0000001101000000011100100000,1
0000000001010010011100100010,1
0100011001100000001100100000,1
0001000001010000011010100010,1
0000100001110000011100100000,1
0100000101010000000100100000,1
0000000010000000010100100000,1
0000000000101000000100110000,1
0000000000000000000000101000,1
0000000001000000011000101000,1
0000000001011000001001110000,1
0001000001010000010101100000,1
0000001000100000010110100000,2
0000000101100000010101100010,1
0010000000110000000101110110,1
0000100001100000010101000000,2
0000010000110000001100101000,1
0000000001000100011100101000,1
0000000001011100010101100000,1
0000100001110001001100100000,1
0000100000010000001100100010,1
0000000001110010011010101000,1
0100000001100000011110100000,1
0000000101100100011000100000,1
0000001000100000010001100000,1
0000001001110000010101100000,1
0000000001100100010100100010,1
0001100001010000001100000001,1
0000000000001000010110000000,1
0000000101100000001001100000,1
0000101001000000011100000000,2
0010100001000001011100000000,1
0011111001110000110100000000,1
0000000001100000011110000100,1
0000000001001000001100000000,2
0000110001000000010110001000,1
0010000001100000000110000000,1
1000001101011000000100000000,1
0000000101010011100110000000,1
0000000001110100010100000100,1
1000010001110000010100000000,1
0001010000100000011100000100,1
1000000001101000011000000000,1
0000000001010000000100001100,1
0000000001010000100100000010,1
0000000001110001101111000001,1
0010010001010000010100000000,1
1100000000100000011100000011,1
0000000001010010001101111000,1
0000100000101000101100110000,1
0100000101000000000100000000,1
0000000001000001100100000000,2
0000000001010000000111000000,1
0010000000000000101100000000,1
0100000001000001110100000000,1
0000000011000000000000000000,1
0010001001010000010100000010,1
0000000000000000001010000110,1
0000001001100011001110000000,1
0000000001000000001000001000,1
0000000101110010000100000010,1
1100000001010001011010000001,1
0001000000000000011100000000,2
0000000010100000011101100010,1
0000100001100010000100000000,1
0001110000100000011010000000,1
0000110000100000001100000000,1
0000000001110000001000000001,1
0011111101100000001100100000,1
0000001101100000010100000010,1
0000011100000000011100000000,1
0000000001000010001100000010,1
0000000111000000010110000010,1
0010000001010000000100000000,1
0000000000000000011110000001,1
0000000001000100010100000001,1
0000000001000000000101100000,2
0000000000100001000100100000,1
0000011010010000001100000000,1
0000000001100000000101000100,1
0000000010010010010100000000,1
0000000001110100000100000000,1
1000000001100000110100000000,1
0000000001000010000100000010,1
0000000001111000001100000010,1
0000000000001000000000110000,1
0000000000000001010100000000,1
1110010001110000001100100000,1
0110000001110000011100000000,1
0001000000000010011100000000,1
0000001001110000010111100000,1
0000001000010000000011100000,1
0000101001000000010110000001,1
0100001001100000010101111000,1
0000101001100000000100000110,1
0000001000010000001100000110,1
0000100001010000000010000000,1
0000000001010001011100100011,1
0000001101010000000100100010,1
0100000001000000010000100010,1
0000000001110010010110000000,1
1000000000000000000110000000,1
0001110000000000010100000100,1
0001100010100001001100100010,1
1100000001110000000010000001,1
0000000001000100010100000000,1
0000100001010100010100000111,1
0000000000100001011100000000,2
0000000000110100011100001100,1
0000000010100101000010000000,1
0000101001001100011000000000,1
0000000000100001001100000000,1
0000100001110000010101000000,2
0000000001000110000100100000,1
0000000001000000110100000000,1
0000000001010000011100001010,1
0000000100100000001100000000,1
0000001001100000010100000100,2
0001000001110000000100000001,1
0000000101000100000100000000,1
0000000001010010001100000001,1
0001000000001100000010000000,1
0000000100000001110100000100,1
0000000000110001000010100000,1
0000000001010000110100000010,1
0001000000000000010000000100,1
0011000001000000001100000010,1
0001000011100000001100000000,1
0000010100100000100100000000,1
0000001000000111000100000000,1
0000010100100001110100000000,1
0000001010100000010100000000,2
0000000000100000001000000100,2
0000000001010000001100000100,2
0000000001010000000000000100,1
0000000001000110011000000000,1
0001010100110000000010000000,1
0001100010010000011000000000,1
0111010000110000000100000000,1
0000010101100000010100000000,2
0001000000101000011100000000,1
0000000011110000000110000000,1
0000000000000000101100000000,2
0000000000100000010100000001,1
0000010001100000011010000100,1
0000001000100000011101101000,1
0001001001000000000101100000,1
0000011001010001010100000000,1
0000000101110000011010000000,1
0000000001100000000000000110,1
0000000101011000001110100000,1
0000000001101000011100000010,1
0001000001000000001100000000,1
0000000011010001000100000010,1
1000000000000000001100000000,1
0001110001100000001110000000,1
0000100101100000011101100000,1
1000000001000100000100000100,1
0000000101000000010110000000,1
0000000100010000001100000000,1
0111000001110000011110000000,1
0000001001100000010010000000,1
0000000010000000011000000000,1
0000101001100000000100001000,1
0100010001100000011100000000,1
0000001000100000011100000000,1
0110000001110000000100000000,1
0000000000000000010100111000,1
0001000000000000000100000000,1
0000000000100000000101000000,1
0000000001111000011010000000,1
0000000010100010011110100000,1
0000001001010000011110000010,2
0001000101010000011010000000,1
0000000001100010011000000000,1
0000000000100000011000111000,1
1000100001000000000000000100,1
0000100001000000011100000100,1
0000101001001000011100000000,1
0000000000100010011100101100,1
0001000000100000001010000000,1
0000000100100000011100100001,1
0000000000100001011100100001,1
0000000010110000001100000000,2
0000001001010000000000100000,1
0000100000101000011001000010,1
0000000000110000001100000100,1
0000000101100000011010001000,1
0000001001100000011101000010,1
0000000001000000001110000001,1
0000000010100010010100000010,1
0101110001110010011000000000,1
0000000001000010011000000000,1
0000000001000001111100000000,1
0000100001110001101100001101,1
0001000000000010000010100000,1
0000000000000000110000000000,1
0000000001100000001101011100,1
0000100001100000000110000000,1
0000000000111000010100000000,1
0000100001000000010110001000,1
0000000001100000101000100000,1
0000000011010000001100000000,1
0101110000110000011100000000,1
1100000001101000000000100000,1
0100000001100000011100000100,1
0100000001001000000100000010,1
0000000011110110000110000010,1
0001000001000000011100000100,2
0000000001100001101100000010,1
0000010001100000010110100000,1
0001010001000010001100010000,1
0000000001000010111000000000,1
0000010001010001011100000000,1
1100000001100010011110100100,1
0000101001000000010100000000,1
0000001001110100010100000000,1
0100000001110010011100100000,1
0100000000000000001000000000,1
0000011001100000001100000000,1
0000101001100000001100000010,1
0000001001000000000010010000,1
0000100001011000011001101000,1
0000000000000000001110000000,2
0000100000100000011100000100,1
0000000001110010011000000000,1
0001100011000000011100000000,1
0000011000110000000111000000,1
0010100001000000000100000000,1
0101111001110000000000100000,1
1000000000000000010100100000,1
0000000100000000001111100000,1
0000100001100000011100000010,2
0000000011110000110100000000,1
0000101001111100011100000000,1
0100010000010000001100000000,1
0001111001000000010100000000,1
0010000001001000010010100000,1
0000000000001001000100000000,1
0000001001100010000100000000,1
0010000001100000011100100100,1
0000000000011000000110000000,1
0000001001000000011001000000,1
1111000001010000011100000000,1
0001101001100000010100100010,1
0001000000000000010000100100,1
0000000001100000100100100000,4
0000001101010000010100100000,2
0000100000000000010100100000,2
0001000001010000100100100110,1
0000100000110000000100100000,2
0000001001100000011110100100,1
0000000001110000010000100001,1
0010100001000000010100100000,1
0000000001110001000100100000,2
0000100000001000010100100000,1
0000000001010010011100100100,1
0000000100010000010100010100,1
0001000001000010001101100000,1
0010000001010000011110100100,1
0000001000100000000010100010,1
0001000001111000011000100000,1
0000000000100000111001001000,1
0000000101100000000100101000,1
0000000001000000010100111000,2
0000000010001100011100000000,1
0000001100100000010100101010,1
0000000001010000001000100100,1
0000000000000000011100101000,1
0000100001100000000100100110,1
0000000000100000011100100010,2
0100000000000000110100100100,1
0000000000110111000100110000,1
0000000001010101010000100000,1
0000100000100000100100100000,1
0000010001100000001100100000,1
0000000001110000001110100100,1
0010000101100000010110100000,1
0000000001100000101010100000,1
0000000000100000011000100100,1
0000001001010000111100101100,1
0000000000100001000100101000,1
1000000000000000011100100011,1
0000010001100000000100100010,1
1100000001000000000100100000,1
0000000011100001100100100000,1
0000100000100001011110100000,1
0000001011010000010100100100,1
0000101001010000011100100000,1
0000011101010000010101000000,1
0000110001000000001100100000,1
0001101001010000101100000000,1
1100100001100000010100100001,1
1110000001000000010100110000,1
0100101101100000001111100000,1
0001100000010000011100100000,1
0001000101000000001100000000,1
0000000111100000001100000000,1
0000000001000001111100100000,1
0001110000100000010100100000,1
0000100001110000000101100000,1
0000001101000000010100100100,1
0000100001000100001110100000,1
0011000001100000011100100010,1
0110000001110000011100100010,1
0000101001100000001100100000,1
0000000001011000011000100000,2
0000100001100000011100100100,1
1110100000100000001100100001,1
0000000110100000010100100010,1
0010000001110000000101100010,1
0111000101100001010110100010,1
0000000001000000100100100100,1
0000000011100000000000000000,1
0000000000000000101000100000,1
0000000001100100011100000000,2
0000000100000000010110100000,1
0100000000110000001000001100,1
0000000101110010001100100000,1
0000000001001000010110100000,1
0000000001000010001100100000,1
0000010001010000011101100100,1
0001000000110000010001000010,1
0000000111001100101000100000,1
0000000001110000001100010000,1
0000000101100000100100100000,1
0000000001000000111100100000,1
0100100001001000010111000000,1
0100001001010000010100000000,1
0000000001000010000100100010,1
0001100001100000010101100000,1
0000000001000000001010001000,1
0000000101011000010100000000,1
0000000000101100011100001000,1
0000000001100000100100000100,1
0001111001100000000100000000,1
0000000000101010011100100000,1
0000001001010010000100000000,1
0000000101001100010110000000,1
0000000001101000010110000001,1
0000000000000000010100010000,1
0000000000000100000100001000,1
0010100001110000010100100100,1
0000000001000000010000100001,1
0000000101000010000110000100,1
0001001000100000100101100000,1
0000000000110010000101000000,1
1000101001000000010010100000,1
0001000000000000011100000100,1
0000000000000001010100000101,1
0001111001000000000100000100,1
0001000010100100001000000000,1
0000000010000000010100000001,1
0100000001010000001100000000,1
0000100001100000001000000000,2
0000000000100110001100000100,1
1000000000100000001100000010,1
0111000011000000110100000000,1
0000100000001000001100101100,1
0001000000100000010100000000,1
0000001001001000001100000000,1
0001100001100010000100000000,1
0000000000000000010010110100,1
0010000000000000000100000000,1
0000000001010001000100001000,1
0001000001000000001110100000,1
0000000001001000011000001000,1
0010000000010100011100000010,1
0000001000100000010100000000,2
0100001001010000001110000000,1
0000000000100001001100000100,1
0000000000000000010011100000,1
0000000001110000010100110100,1
0000000011100000000100001001,1
0000001001000010001100001010,1
0000000001000010011110000010,1
0110000001000000010100100000,1
0000000001000000001100111110,1
0100001000100000001100000001,1
1100100001100000010100000001,1
0101111100000000010111010000,1
0100000001010000111100100000,1
0000110001111000011100000000,1
1000000001000000001100000000,1
0000100001111100010010000000,1
0000000000100000011101000000,1
0100000110100000011100000000,1
0000000010100000011100100000,1
0000001001010000000010000000,1
0000001001010000011111111000,1
0000000111101000000100000100,1
0000000000000111000100000000,1
0000000000011000011100000000,1
0000001000110110000100000000,1
0000000001100010010100111000,1
0000000000010100011110000000,1
0000001000010000010110000000,1
0100000001010000011110000000,1
0000000101100000010100100000,1
0000000001011100000100010000,1
0000001001000000010110000000,1
0000000000100000000100011000,1
0001001001011000010100000000,1
0010000001010000011100000110,1
0100010000001000001001010000,1
0000000001110000010111000000,1
0000000101111100010100000010,1
0000000000010000010111100000,1
0000101101100000010000100000,1
0000000001011000011010000010,1
0100100001100000000100001100,1
0111001001011000000100000000,1
0000000000010000001100000010,1
0000001001000000100100000000,1
1101001001000000011110000000,1
0000000100010100010100000000,1
0000001001000010010100000000,1
0000000000000000001101100100,1
0001100000100000000110000000,1
0000000001000000011000000100,1
0000000001001100000100000000,1
1000100010100000010000000000,1
0000001001010011011100000000,1
0000011000000000000100000000,1
0000000101000010011100000000,1
0000000101000000000100001000,1
0000000001001000011100000000,1
0000100001010010001110000000,1
0000000100100001110101100000,1
0100000001010000001000000100,1
0001100011000000011100001000,1
0000001001100001010100100000,1
0000000000010010000000000010,1
0000110000000000010101100000,1
0001101001000000001101000010,1
0000000010100000010100000000,1
0000000001000011000100000000,1
0000000001000010010110100000,1
0000100001000000011111100000,1
0001100000000000010100000010,1
0000100001100000011010000010,1
0000000001100001010110100000,1
0001100001111100010100000000,1
0110110001100000100100000000,1
0001000000100000011100000010,1
0011010001100000010100000100,1
1100000001100000011100000001,1
0001000001000000011100000010,2
0000100001110000011100001000,1
0000000101000000000100000010,1
0000100001100000101100000000,1
0000000001010000001111100001,1
0000000001100000001111000100,1
0000100001000111010101000100,1
0000100001001100010110000000,1
0000000000000000001001100010,1
0001110000000000001110100000,1
0000010001001000010110000000,1
0000000001000001010100010000,1
0000100001110000100100001000,1
0000110001110000000100100100,1
0000000101000000001100000010,1
0000100010100000011101100000,1
0001000001000000011100000000,2
0000000000100000000110100100,1
0000000001110010010100100000,1
1000000000000000011100000000,1
0000000001100011011100000100,1
1100000001000000011110000001,1
0000000001110010001100001100,1
0000001010000000000000000100,1
0001000001100001000100000000,1
0000101001100000011110000000,1
0100001001010001011100100110,1
0001100001010000011100000000,1
0001111001100000010100001000,1
0000000001111100010100000000,1
0110000001100000111100000000,1
0000001001110000011100001100,1
0001001000000000101100001000,1
0100000000010000011101100000,1
0001010001100000001100000000,1
0000100000110010000100000000,1
0000100000100000001100000000,2
1110000000000000000100100000,1
0000010000110000001001000010,1
0000000000000100010100000000,1
0000000000100000011000001000,3
0000000001000000010110000010,1
0000011001000000001100000100,1
0000000000101100011100000000,1
0000100101100000010100000000,1
0000000101110011000100000100,1
0000100000110000011000000000,1
0000001001000001111110000000,1
0000001101000000010100001000,1
0000001000100000010100010000,1
0000101001000000010100000010,1
1110000001000000011100000000,1
0000000010110010011100000100,1
0000011001100000001010100000,1
0000000001010001011110100100,1
0000100010010001000100100000,1
0000000101100000011100100100,1
0000100000000000011011000000,1
0000000000011000011100100000,1
0001100000110000000100000000,1
0000001000100000011100010000,1
0000000000000000001100101000,1
0000100000011000001100100000,1
1100000001010000011000100011,1
0000000101000000001000100010,1
0010000001100000001100100000,1
0000000001110011111111000000,1
0000000001010000010000100100,1
0000000010100000000100001000,1
0000000001000000011000100001,1
0000100011000000000100100000,1
0000000000000000001100100100,1
0000100000000000010100100010,1
0000001001000100000100100000,1
0000000000100000000010100000,1
0000000000011000011110100000,1
0000101000010000000110100100,1
0000000001000000000100010100,1
0000100001010000000100100010,1
0000000101010100000010100000,1
0000100001100000010111100100,1
0000000001000010110000100000,1
0000100001000000000000001000,1
0000000110100010001100100010,1
0010000001110000000101101000,1
0000100001010010001100100000,1
0000000001101000001100100000,1
0001100001000000100100101100,1
0000000111000000011100010000,1
0100000000100000100101010000,1
1100011001100000010100100000,1
0000000001100101010100100000,1
0001100001000000010100100000,2
0011000001010000011110000010,1
0000000001000010110110100000,1
0000001010100001000101100000,1
0000001000100000001010100000,1
0000000000011000000100100010,1
0000000001000000000100101000,1
0010000000111000010100100000,1
0010000001110000010010100000,1
0000100001110000001110100010,1
0000100010010000010100100010,1
0000001001000000011111000100,1
0000100001000000010100110100,1
0000100000010000001101000000,1
0000000001100000010110100100,1
0000011000100000011100100000,1
0000001001100100010110000000,1
0000000000010000010100100110,1
1100000000000000011100100000,1
0000001001011000011100100000,1
0000010000111000000100101100,1
0110000001100010011100100000,1
0000000001000000010100000001,1
0000110000110000000100100010,1
0000101001000000010100110000,1
0000000000000000001100101110,1
0000101001100000000100100000,1
0001000001000000011000100000,1
0000000001010000001110101000,1
0000001001000100100100100000,1
0000100001000000010110101110,1
0000100000000000000100100100,1
0000100000000000010111100000,1
0000010001000010000100111000,1
0000000000000000001000100100,1
0000100001000000000010100000,1
0000010000110000001100100100,1
0010000001100000000100100010,1
0000000001100001011000100000,1
0000100011010000010111100000,1
0001000001000000010000100000,1
0100000000010000011100100010,1
0000000011010000011101100000,1
0000000101100000011010000000,1
0001000000100000000100100000,2
0100000001010000011100100000,1
0000000010001100011100100000,1
0000000000000000001101100000,1
0000000001000010010111100000,1
0000000001100000111100000100,1
0000100011110000011000100010,1
0000000000100001100000100000,1
0000001000000000001100100100,1
0000000101101000000100100100,1
0000000001000000011100010100,1
0000000001100010000111000000,1
0000000001110110011100101000,1
0000100000100000000100000100,1
0100000000010000000100101000,1
0000000001100001010100100100,2
0000100001100000010000100000,2
0000101001010000011100101000,1
0000000001001000011100100010,1
0000000001111000010100100000,1
0100000100000000011100100100,1
0000100001000000010000100100,1
0100000001000000001100100100,1
0111000000110000011100100010,1
0000001001110000010110100100,1
0000001000000000011100101000,1
0000000001001000010100100010,1
0000100111100000010100100000,1
0001100001111000001100100000,1
0011000001010000000000100000,1
0001000001100001011100100000,1
0000100000110000011100100100,1
0000000001010000011101001000,1
0000000001010010001100100000,1
0000000000001000000100100000,1
0010000001010000011000100100,1
0000000001010000000100100110,1
0000010111000000001110100000,1
0000001000010000001100100000,1
0000011001100000010100100010,1
0000000001110100001100100100,1
0100000001100000000110000000,1
0000000010100000001000110000,1
0000000100000000011100100000,1
0000100001000000011101000000,1
1000000001100000001100100000,1
0000000001000000011110000010,1
0000000001010110011100000111,1
0001100001110000001110000000,1
0000100001100000010010000000,1
0000100000110000000010000000,1
0000000000010000010100110100,1
0000000001000000000010000110,1
0000000000110010011100100000,1
0010100001101000001100000000,1
0000001101100000011100010100,1
0011001001110000001100000100,1
0001100101100000000110100000,1
1100000001000000010100001000,1
0001100001000000001100001000,1
0110000001000000010100001000,1
0010000001000000010000000000,1
0000000000100001111100000000,1
0000000000000000011001000000,1
0100000001000000001110100010,1
0000000001000010111101000000,1
0000000000010000000011110010,1
1100000001110000010110000001,1
0000100001100000011010000000,1
0010000001000000011001111000,1
0000001000100000001100001000,1
0010000001100000010100010000,1
0000100001100000000010010010,1
0000000011100000001100000000,1
0000010001100100010110000000,1
0000000001110000010111101000,1
0000010001000010001100000000,1
0000001001100010010111000000,1
0000000000001000010100000010,1
0100010001100000010100000000,1
0000110001101000010100000000,1
0000000001010111010110000010,1
0000000001100000000000101100,1
0000001001000000010100000110,2
0000000001010100000100000100,1
0001100101001100010100100000,1
0100000001000100011100000000,1
0000001001010000000110000100,1
0100000000000000000100001000,1
0000000001100000000011010000,1
0000000001010000001100000111,1
0000000110100000000000000000,1
0000001011100000010100000000,1
0000000001000010010100001010,1
0000000001100011011100000000,1
0111000000100000001100101000,1
0001000000010000011100000100,1
0000000000010000010100100001,1
0100011100010000000110101100,1
0000000001010001010100000001,1
0000000010000000001100000000,1
0000000001100001010110001000,1
0000000100000000011100001010,1
0000100000000000010000000000,1
0101100001100000011100000000,1
0001100001000000011101011000,1
0001001001110000111100100000,1
0100001001010000000110100000,1
0001110101000000010100100000,1
0000100100110000000100100000,1
0001000001100010101100101000,1
0000110001100000010100100000,1
0101000001100000000100100000,1
1000100000000000010100101000,1
0000100011100000010110110100,1
0010001001100000000110100000,1
0000000001110010011110100000,1
1100100001100000011110100001,1
0000010001010000000100100100,1
0000001001110000010010100000,1
0001000001010000011100101000,1
0000000001100000001111100000,1
0010000000100000011001100000,1
0000110001000000010100110000,1
0000000101010000010110100000,1
0000000001100100000000100000,1
0000100001100000100100101000,1
0000001001000000010000100000,1
0000001001010000010000101100,1
0000001001010100000100100000,1
0000000011000000010100101100,1
0000000001000000010110010000,1
0000100001010001011100000000,1
0000101001010000011100100100,1
0000001000000000000110101000,1
1000000000000000010000100001,1
1100000010000000010101100000,1
0000001001110010010100100100,1
0001110001001000010000100000,1
0000100001110000001100101000,1
0101100001100000010000100010,1
0000001001000001011100101000,1
0000000001000001010100101000,1
1000000101110000010100100100,1
0001110001110000010000100000,1
0001101101100000010000100000,1
0000000001100000000000100100,1
0000000000100000011001100000,1
0000100001000010000100100000,1
0000000010000000010000101100,1
0000000011100000001000101000,1
0110100100100000001100100001,1
0110000110000000100000100100,1
0100000000100000000000000101,1
0000000001000000000000101000,1
0100001001000000000000100000,1
0000000000010000000111101000,1
0000100001110001101000001000,1
0000000001110010001001100100,1
0000000000010000010000100100,1
0000100011000001010011101100,1
0000000001100000010001000000,1
0000000001110011000100000000,1
0000011100000000010000000010,1
0110000001010010001100000000,1
0000100010000000010100010000,1
0000000001111000010010000000,1
0000101001100000001001100111,1
1000000010100000000100110001,1
0000100001100000000000100000,1
0000000000110000001000001000,1
0000000001100001111000001000,1
0000000000010000001001001100,1
0001100000100000000001100000,1
0000000101100000010001100000,1
0000001000010000001000000000,1
0000000001100010010000000100,1
0000000111100000011010101100,1
0000001001000000010100100100,1
0000000001111000010101000111,1
0001010001000000001010000000,1
0000010000000000011100100010,1
0001000101100000000000000000,1
0000100000111000000100000000,1
0001000001100100011000000000,1
0000010000010000001000001010,1
0000000001000000001000000100,2
0000100001010010010000000000,1
0000001001000000011000000110,1
1000000001000000000100000100,1
0000001000110000011000000000,1
0000100001000100001100000000,1
0000100101100100010000000110,1
1000000011100000001100000000,1
0000100000100000011001101100,1
0000100000100000011000100000,1
0000000001100000001100001110,1
0000000001110010011100001000,1
1000000000000000011001100000,1
0001110000010101011100000000,1
0000000000000000010000000110,1
0101000001100000011000000010,1
0110000001100000000110000000,1
0000001001100000010000101001,1
0000010000010000001100000000,1
0000000000101000010010001000,1
0100100001010000010000100000,1
0000000001100000011010000101,1
0000100001100000000000000000,5
0000010000100000001100000000,1
0000000010010000010100000000,1
0000000001111000000000000000,1
0000000001110000000000001000,1
0000000000010010011000000000,1
0000010010010000011100000110,1
0100000001010000100000000000,1
0000100001000000000000000010,1
0000100000100000001010000110,1
0000000000010001010100000000,1
0000000001010011011100000000,1
0001100011010000011100000000,1
0000010001100000010101001100,1
0001000000110000100100000000,1
0000000001010000100000001000,1
0000001001010000010010100000,1
0000100001010000100000100000,1
0000000001100000010100110010,1
0001110001100000011000100000,1
0000000000101000010000000000,1
0000100001010000001000100000,1
0000000000110010011100011000,1
0000000001100000010001000100,1
0000110001100000000001000000,1
0000000001010000110110000010,1
0000100000000000010011100000,1
0000000001111000010000100000,1
0100000001100000100010101000,1
0000000000000000010000110100,1
0000000000000000011001001000,1
0000000101110000011011000000,1
0000010011100000011110000000,1
0000100100100000011000000000,1
0000100001100010000000101010,1
0000000010100000000001110000,1
0010000101100000011100000000,1
0000001001001000000000000100,1
0000001001100000011100010100,1
0001000100000000011100000000,1
0001100011010000010100000000,1
0100000001100100010100000000,1
0000000001100000100010000110,1
0000100101100000011100000100,1
0000100101000001011000000010,1
0000010001000000011110000000,1
0000010001000000001001000000,1
0000101001000000000101000010,1
0000000000000110011100000000,1
0000000011000000011101001000,1
0000000001100010011101000000,1
0000100010000000010110000000,1
0000100000100000010110000000,1
0000001001100000010100000010,1
0000100001110000110110000000,1
0001100001010000010000000000,1
0000000110100000011110000000,1
0001100000000000010000001000,1
0000100000000000011000000000,1
0010000010100000011111000000,1
0000100001001000010000000000,1
0000000000011000000000100100,1
0000000101010000000000000100,1
0111000000000000011000000000,1
0000000001100100010000100000,1
0100001001100000011000000000,1
0000000001010000011100011000,1
0000100101000000001110000000,1
0000001001011000010000000000,1
0000000001100100010000000000,1
0000001001000000010000001000,1
0000010001000010101001100000,1
1000010000100000011000000010,1
0000000101100000011000100000,2
0000100001100001001100001000,1
0000000100011000001000010000,1
0000001001000001000110000000,1
0000001010000000011000000010,1
0000010001000000001010000000,1
0000001001010000011000000100,1
0000001000111000001100000000,1
0000001001100110000100001000,1
0000100011010000011000000000,1
0000001001010000100000000000,1
0000000011010000011000000000,1
0000100001100001010100000100,1
0000000001100001001100000000,1
0000001000000000000010000001,1
0000000001100000001011100000,1
0000100001010000011000000000,1
0000010001000000001010111100,1
0000001001011100001100000010,1
1000000010000000010100000010,1
0000000001010010000000000000,1
0000110001000000011000000000,1
0000000000000000010010101000,1
0000000000010000010000001000,1
0000000001100000000101000010,1
0001000000100000001000000000,1
0001111001000001010100000000,1
0000000101101000100000000000,1
0000100000110000011000101001,1
0000100001011100001000001000,1
0000000000000000011000100000,1
0000000000100000001010000000,1
0000000001000000010001101000,1
0000000010110000011001000000,1
1100000000000000001100000001,1
0001000000110000011010000000,1
0100000001000000011010100100,1
0000000001000000000110000100,1
0000110001000000011111000000,1
0000000111110010011000001000,1
0000000001100000010100100011,1
0000001001000000011000000000,1
0000000001010011010100000000,1
0100001001100000001110000000,1
0000001111100000000010000000,1
0000010001000000001100001000,1
0001101001000000010001000000,1
0010010000010000010000000000,1
0000000000000010000000000000,1
0000001000110000000001100010,1
0000000000000001111110000000,1
0000001000010000000110000000,1
0000100001110000000000100000,1
0011110001110000011100100000,1
0000001010010000001000000010,1
0000000101111000001000100000,1
0000000001010100011101010000,1
0100000000111000001000000000,1
0000000001001000011100000010,1
0000000111100000001000001000,1
0100100001101000010001000000,1
0001000001100000010000100000,1
0000100011000010001100000000,1
0000000001000000010101100010,1
0000100001100010010100100000,1
0010100000111100011000000000,1
0000000101010010001100000000,1
0000010001110000000000100000,1
0001100001100000001000000000,1
0000000001101000011101000000,1
0000100001100000001010000000,1
0001100001110101001100000000,1
0000000001000000000000100010,1
0000000001110000100010000110,1
0000000000010000000000100010,1
0000000001000000000000000110,1
0000100001000000001111100000,1
0000000001000000010111000000,1
0000000001100000000010000100,1
0000100001110000010001100000,1
0000001000000001011100000000,1
0000110000000000101110001010,1
0000100000110000110000001100,1
0000000101010000010000000000,1
0000101001100000011000000000,1
0000001001010000010011000100,1
0000001000010000001000001000,1
0000100011000110001100000100,1
0001000000100100001100000000,1
0000100000110111010011011010,1
0000010001000100000000100000,1
1000000001010000011100001000,1
0000011100100000000100000000,1
0000001001010000010000001000,1
1100100001100001011100000000,1
0000010001100000001000000000,1
0000110000010000001100000000,1
0000001001100100010010000010,1
0000000001110000010000000100,1
0000000001000000000000000010,1
0000000001100000110100000010,1
0000000001010000011001001000,1
0000000000000010010000000000,1
0000010101000000010100000000,1
0000000110100000010100000100,1
0000010001100000011100100000,1
0000010001100111010000000000,1
0000000001111000001000100010,1
0000000001010000011000001100,1
0100000001100000011000001000,1
0001000000010000011110001010,1
0000000001100000010001000010,1
0000001010000000011010100000,1
0001100001000000001100100100,1
0000000001010000001000100010,1
0000000011100000000110100010,1
0000011001100001101100100010,1
0000001101010010010011111000,1
0000011101100001001000100001,1
0010000001110010001000100000,1
0000000001000001000000100000,1
1100000001000000101100100000,1
0000100000100010011000000000,1
0000010001000000000000000010,1
0001000000010000001000000000,1
0000000000010000011010000100,1
0000000101000000011100001000,1
